﻿<!--This is a DXCore settings file-->
<Page Name="Features">
 <Language Name="*Neutral*">
  <Section Name="General">
   <Option Name="ConflictShortcutMode" Value="DXShortcuts" />
   <Option Name="TemplatesMode" Value="AllowExecuting" />
   <Option Name="ShowWindow" Value="False" />
   <Option Name="EnableStatistics" Value="False" />
   <Option Name="ShowZeroExecutionCountInStatistic" Value="False" />
   <Option Name="Count" Value="176" />
  </Section>
  <Section Name="Features">
   <Option Name="F0" Value="SelectionExpand" />
   <Option Name="F1" Value="CamelCaseRight" />
   <Option Name="F2" Value="CamelCaseLeft" />
   <Option Name="F3" Value="Expand Ternary Expression" />
   <Option Name="F4" Value="Reverse Conditional" />
   <Option Name="F5" Value="Compress to Ternary Expression" />
   <Option Name="F6" Value="Declare Method" />
   <Option Name="F7" Value="mvvmbp" />
   <Option Name="F8" Value="Intellassist" />
   <Option Name="F9" Value="Rename" />
   <Option Name="F10" Value="if" />
   <Option Name="F11" Value="b" />
   <Option Name="F12" Value="Extract Method" />
   <Option Name="F13" Value="Promote to Parameter" />
   <Option Name="F14" Value="r" />
   <Option Name="F15" Value="Smart semi-colon" />
   <Option Name="F16" Value="Intelligent Paste Declaration" />
   <Option Name="F17" Value="Optimize Namespace References" />
   <Option Name="F18" Value="Easy-delete" />
   <Option Name="F19" Value="Declare Event Handler" />
   <Option Name="F20" Value="Remove Type Qualifier (remove all)" />
   <Option Name="F21" Value="MarkerCollect" />
   <Option Name="F22" Value="cc" />
   <Option Name="F23" Value="Supress IntelliSense Dot" />
   <Option Name="F24" Value="Add Missing Constructors" />
   <Option Name="F25" Value="fe" />
   <Option Name="F26" Value="Inline Temp" />
   <Option Name="F27" Value="Make Implicit" />
   <Option Name="F28" Value="SelectionComment" />
   <Option Name="F29" Value="&amp;" />
   <Option Name="F30" Value="ScopeCycleDown" />
   <Option Name="F31" Value="rn" />
   <Option Name="F32" Value="ReferenceNext" />
   <Option Name="F33" Value="rt" />
   <Option Name="F34" Value="Introduce Local" />
   <Option Name="F35" Value="Inline Delegate" />
   <Option Name="F36" Value="Compress to Lambda Expression" />
   <Option Name="F37" Value="Add to Interface" />
   <Option Name="F38" Value="IntellassistCycleForward" />
   <Option Name="F39" Value="Use String.Format" />
   <Option Name="F40" Value="Embed Selection" />
   <Option Name="F41" Value="And" />
   <Option Name="F42" Value="Break Apart Parameters" />
   <Option Name="F43" Value="Intelligent Paste Introduce Local Intelligent Paste" />
   <Option Name="F44" Value="mvvmlp" />
   <Option Name="F45" Value="switch" />
   <Option Name="F46" Value="Introduce Constant" />
   <Option Name="F47" Value="Remove Redundant Qualifier" />
   <Option Name="F48" Value="Declare Property (with backing store)" />
   <Option Name="F49" Value="Extract Interface" />
   <Option Name="F50" Value="Move Type to File" />
   <Option Name="F51" Value="Intelligent Paste Identifier Dot" />
   <Option Name="F52" Value="Intelligent Paste Property (prefixed field)" />
   <Option Name="F53" Value="Duplicate Line: Initialized Field" />
   <Option Name="F54" Value="Convert to Initializer" />
   <Option Name="F55" Value="Line-up Parameters" />
   <Option Name="F56" Value="Expand Lambda Expression" />
   <Option Name="F57" Value="Name Anonymous Method" />
   <Option Name="F58" Value="EmbedParentheses" />
   <Option Name="F59" Value="Add Else Statement" />
   <Option Name="F60" Value="Collapse Getter" />
   <Option Name="F61" Value="SelectionReduce" />
   <Option Name="F62" Value="rf" />
   <Option Name="F63" Value="Break Apart Attributes" />
   <Option Name="F64" Value="n" />
   <Option Name="F65" Value="using" />
   <Option Name="F66" Value="Duplicate Line: Method Call" />
   <Option Name="F67" Value="Remove Redundant Call" />
   <Option Name="F68" Value="Declare Class" />
   <Option Name="F69" Value="f" />
   <Option Name="F70" Value="Declare Field with Initializer" />
   <Option Name="F71" Value="Remove Redundant Assignment" />
   <Option Name="F72" Value="Rename File to Match Type" />
   <Option Name="F73" Value="Split Initialization From Declaration" />
   <Option Name="F74" Value="Make Read-only" />
   <Option Name="F75" Value="Declare Interface" />
   <Option Name="F76" Value="Compress to Null Coalescing Operation" />
   <Option Name="F77" Value="Replace Temp with Query" />
   <Option Name="F78" Value="Duplicate Line: Field" />
   <Option Name="F79" Value="Move Initialization To Declaration" />
   <Option Name="F80" Value="EmbedNotParentheses" />
   <Option Name="F81" Value="Embedding try/catch/finally" />
   <Option Name="F82" Value="Add Parameter" />
   <Option Name="F83" Value="Smart Copy" />
   <Option Name="F84" Value="Sort Namespace References" />
   <Option Name="F85" Value="Smart Cut" />
   <Option Name="F86" Value="Remove Parameter" />
   <Option Name="F87" Value="ov" />
   <Option Name="F88" Value="Make Member Static" />
   <Option Name="F89" Value="QuickFileNav" />
   <Option Name="F90" Value="Decompose Initializer" />
   <Option Name="F91" Value="Create Overload" />
   <Option Name="F92" Value="=0" />
   <Option Name="F93" Value="BookmarkGotoNext" />
   <Option Name="F94" Value="Embedding try/catch" />
   <Option Name="F95" Value="Duplicate Line: Local Variable" />
   <Option Name="F96" Value="ScopeCycleUp" />
   <Option Name="F97" Value="for" />
   <Option Name="F98" Value="m" />
   <Option Name="F99" Value="Duplicate Line: Assignment Statement" />
   <Option Name="F100" Value="tc" />
   <Option Name="F101" Value="v?Type?" />
   <Option Name="F102" Value="Introduce Using Statement" />
   <Option Name="F103" Value="t?Type?" />
   <Option Name="F104" Value="Remove Redundant Delegate Creation" />
   <Option Name="F105" Value="Execute Statement Asynchronously (StartNew)" />
   <Option Name="F106" Value="Convert to Built-in Type" />
   <Option Name="F107" Value="get" />
   <Option Name="F108" Value="set" />
   <Option Name="F109" Value="Embedding try/finally" />
   <Option Name="F110" Value="Create Backing Store" />
   <Option Name="F111" Value="Use Equals" />
   <Option Name="F112" Value="c" />
   <Option Name="F113" Value="Flatten Conditional" />
   <Option Name="F114" Value="Intelligent Paste Expression" />
   <Option Name="F115" Value="Initialize Conditionally" />
   <Option Name="F116" Value="MarkerDrop" />
   <Option Name="F117" Value="p?Type?" />
   <Option Name="F118" Value="Duplicate Line: Using" />
   <Option Name="F119" Value="Embedding region" />
   <Option Name="F120" Value="Smart parentheses" />
   <Option Name="F121" Value="while" />
   <Option Name="F122" Value="Smart brackets" />
   <Option Name="F123" Value="ne" />
   <Option Name="F124" Value="Collapse Setter" />
   <Option Name="F125" Value="Not" />
   <Option Name="F126" Value="Declare Field" />
   <Option Name="F127" Value="Convert to Constant" />
   <Option Name="F128" Value="Duplicate Line: Property (auto-implemented)" />
   <Option Name="F129" Value="Encapsulate Field" />
   <Option Name="F130" Value="Convert to Auto-implemented Property" />
   <Option Name="F131" Value="Reorder Attributes" />
   <Option Name="F132" Value="Line-up Attributes" />
   <Option Name="F133" Value="v" />
   <Option Name="F134" Value="Intelligent Paste Void Method" />
   <Option Name="F135" Value="Convert to Property with Backing Store" />
   <Option Name="F136" Value="ExpressionFocusNext" />
   <Option Name="F137" Value="Add Block Delimiters" />
   <Option Name="F138" Value="PasteReplaceWord" />
   <Option Name="F139" Value="Widen Scope (promote to field)" />
   <Option Name="F140" Value="Introduce Format Item" />
   <Option Name="F141" Value="Widen Scope" />
   <Option Name="F142" Value="Convert to System Type" />
   <Option Name="F143" Value="Make Explicit" />
   <Option Name="F144" Value="Declare Local (implicit)" />
   <Option Name="F145" Value="Encapsulate Field (read-only)" />
   <Option Name="F146" Value="Extract Property" />
   <Option Name="F147" Value="Split Multi-variable Declaration" />
   <Option Name="F148" Value="Case to Conditional" />
   <Option Name="F149" Value="Remove Redundant Block Delimiters" />
   <Option Name="F150" Value="to" />
   <Option Name="F151" Value="Edit.ToggleOutliningExpansion" />
   <Option Name="F152" Value="Surround with Tag" />
   <Option Name="F153" Value="TableCellNext" />
   <Option Name="F154" Value="CloseCellNavHint" />
   <Option Name="F155" Value="Extract UserControl" />
   <Option Name="F156" Value="&gt;" />
   <Option Name="F157" Value="re" />
   <Option Name="F158" Value="Use Named Arguments" />
   <Option Name="F159" Value="Implement IDisposable" />
   <Option Name="F160" Value="Split Conditional" />
   <Option Name="F161" Value="Duplicate Line: " />
   <Option Name="F162" Value="BookmarkGotoPrevious" />
   <Option Name="F163" Value="t" />
   <Option Name="F164" Value="l" />
   <Option Name="F165" Value="Intelligent Paste Extract Method Intelligent Paste" />
   <Option Name="F166" Value="Seal Class" />
   <Option Name="F167" Value="p" />
   <Option Name="F168" Value="Embedding block" />
   <Option Name="F169" Value="Convert to Tuple" />
   <Option Name="F170" Value="Convert to Parallel" />
   <Option Name="F171" Value="Expand Null Coalescing Operation" />
   <Option Name="F172" Value="Dispose Fields" />
   <Option Name="F173" Value="Use String.Compare" />
   <Option Name="F174" Value="Spell Checker" />
   <Option Name="F175" Value="aaa" />
  </Section>
  <Section Name="SelectionExpand">
   <Option Name="State" Value="None" />
   <Option Name="QueryCount" Value="0" />
   <Option Name="Description" Value="Expands+selected+text+to+the+next+contiguous+selection+of+code+that+contains+the+current+selection." />
   <Option Name="OptionsPage" Value="IDE%5cShortcuts%2cSelectionExpand%3bCtrl%2bW" />
   <Option Name="Scope" Value="Other+features" />
   <Option Name="ShowInFeatureOptions" Value="True" />
  </Section>
  <Section Name="CamelCaseRight">
   <Option Name="State" Value="None" />
   <Option Name="QueryCount" Value="0" />
   <Option Name="Description" Value="Moves+the+caret+to+the+next+lower+case+to+upper+case+transition%2c+to+the+right+of+the+caret." />
   <Option Name="OptionsPage" Value="IDE%5cShortcuts%2cCamelCaseRight%3bShift%2bAlt%2bRight" />
   <Option Name="Scope" Value="Conflict+shortcuts" />
   <Option Name="ShowInFeatureOptions" Value="True" />
  </Section>
  <Section Name="CamelCaseLeft">
   <Option Name="State" Value="None" />
   <Option Name="QueryCount" Value="0" />
   <Option Name="Description" Value="Moves+the+caret+to+the+next+lower+case+to+upper+case+transition%2c+to+the+left+of+the+caret." />
   <Option Name="OptionsPage" Value="IDE%5cShortcuts%2cCamelCaseLeft%3bShift%2bAlt%2bLeft" />
   <Option Name="Scope" Value="Conflict+shortcuts" />
   <Option Name="ShowInFeatureOptions" Value="True" />
  </Section>
  <Section Name="Expand Ternary Expression">
   <Option Name="State" Value="None" />
   <Option Name="QueryCount" Value="0" />
   <Option Name="Description" Value="Expands+active+ternary+expression+to+the+if+statement." />
   <Option Name="OptionsPage" Value="" />
   <Option Name="Scope" Value="RefactoringProvider" />
   <Option Name="ShowInFeatureOptions" Value="False" />
  </Section>
  <Section Name="Reverse Conditional">
   <Option Name="State" Value="None" />
   <Option Name="QueryCount" Value="0" />
   <Option Name="Description" Value="Inverts+the+logic+in+this+conditional+statement+and+swaps+the+If+and+Else+blocks." />
   <Option Name="OptionsPage" Value="" />
   <Option Name="Scope" Value="RefactoringProvider" />
   <Option Name="ShowInFeatureOptions" Value="False" />
  </Section>
  <Section Name="Compress to Ternary Expression">
   <Option Name="State" Value="None" />
   <Option Name="QueryCount" Value="0" />
   <Option Name="Description" Value="Compresses+active+if+statement+to+ternary+conditional+expression." />
   <Option Name="OptionsPage" Value="" />
   <Option Name="Scope" Value="RefactoringProvider" />
   <Option Name="ShowInFeatureOptions" Value="False" />
  </Section>
  <Section Name="Declare Method">
   <Option Name="State" Value="None" />
   <Option Name="QueryCount" Value="0" />
   <Option Name="Description" Value="Generates+a+method+for+the+selected+method+reference+with+appropriate+parameters." />
   <Option Name="OptionsPage" Value="" />
   <Option Name="Scope" Value="CodeProvider" />
   <Option Name="ShowInFeatureOptions" Value="False" />
  </Section>
  <Section Name="mvvmbp">
   <Option Name="State" Value="None" />
   <Option Name="QueryCount" Value="0" />
   <Option Name="Description" Value="Creates+a+bindable+property+on+a+view+model" />
   <Option Name="OptionsPage" Value="Editor%5cTemplates" />
   <Option Name="Scope" Value="Templates" />
   <Option Name="ShowInFeatureOptions" Value="True" />
  </Section>
  <Section Name="Intellassist">
   <Option Name="State" Value="None" />
   <Option Name="QueryCount" Value="0" />
   <Option Name="Description" Value="Intellassist+completes+text+at+the+caret+with+an+in-scope+identifier+and+may+include+other+suggestions." />
   <Option Name="OptionsPage" Value="Editor%5cAuto+Complete%5cIntellassist%5cSetup" />
   <Option Name="Scope" Value="Other+features" />
   <Option Name="ShowInFeatureOptions" Value="True" />
  </Section>
  <Section Name="Rename">
   <Option Name="State" Value="None" />
   <Option Name="QueryCount" Value="0" />
   <Option Name="Description" Value="Renames+the+current+element+and+updates+references+to+it." />
   <Option Name="OptionsPage" Value="" />
   <Option Name="Scope" Value="RefactoringProvider" />
   <Option Name="ShowInFeatureOptions" Value="False" />
  </Section>
  <Section Name="if">
   <Option Name="State" Value="None" />
   <Option Name="QueryCount" Value="0" />
   <Option Name="Description" Value="" />
   <Option Name="OptionsPage" Value="Editor%5cTemplates" />
   <Option Name="Scope" Value="Templates" />
   <Option Name="ShowInFeatureOptions" Value="True" />
  </Section>
  <Section Name="b">
   <Option Name="State" Value="None" />
   <Option Name="QueryCount" Value="0" />
   <Option Name="Description" Value="Creates+a+braced+block+--+%7b+%7d" />
   <Option Name="OptionsPage" Value="Editor%5cTemplates" />
   <Option Name="Scope" Value="Templates" />
   <Option Name="ShowInFeatureOptions" Value="True" />
  </Section>
  <Section Name="Extract Method">
   <Option Name="State" Value="None" />
   <Option Name="QueryCount" Value="0" />
   <Option Name="Description" Value="Creates+a+new+method+from+the+selected+code+block.+The+selection+is+replaced+with+appropriate+calling+code+to+invoke+the+newly-declared+method." />
   <Option Name="OptionsPage" Value="" />
   <Option Name="Scope" Value="RefactoringProvider" />
   <Option Name="ShowInFeatureOptions" Value="False" />
  </Section>
  <Section Name="Promote to Parameter">
   <Option Name="State" Value="None" />
   <Option Name="QueryCount" Value="0" />
   <Option Name="Description" Value="Removes+all+references+to+the+field+or+a+local+declaration+from+the+method%2c+replacing+it+with+a+parameter.+Calling+code+is+adjusted+to+now+pass+in+the+field+or+expression+of+the+local+declaration+as+the+argument+for+the+new+parameter." />
   <Option Name="OptionsPage" Value="" />
   <Option Name="Scope" Value="RefactoringProvider" />
   <Option Name="ShowInFeatureOptions" Value="False" />
  </Section>
  <Section Name="r">
   <Option Name="State" Value="None" />
   <Option Name="QueryCount" Value="0" />
   <Option Name="Description" Value="Smart+return" />
   <Option Name="OptionsPage" Value="Editor%5cTemplates" />
   <Option Name="Scope" Value="Templates" />
   <Option Name="ShowInFeatureOptions" Value="True" />
  </Section>
  <Section Name="Smart semi-colon">
   <Option Name="State" Value="None" />
   <Option Name="QueryCount" Value="0" />
   <Option Name="Description" Value="Places+a+semi-colon+typed+inside+parens+at+the+end+of+a+line." />
   <Option Name="OptionsPage" Value="Editor%5cAuto+Complete%5cParens+%26+Brackets" />
   <Option Name="Scope" Value="Other+features" />
   <Option Name="ShowInFeatureOptions" Value="True" />
  </Section>
  <Section Name="Intelligent Paste Declaration">
   <Option Name="State" Value="None" />
   <Option Name="QueryCount" Value="0" />
   <Option Name="Description" Value="Pastes+the+text+from+the+clipboard+at+the+caret%2c+potentially+conditioning+it+before+the+paste.+For+example%2c+pasting+an+expression+(e.g.%2c+in+C%23%2c+%22aaa+%3d%3d+bbb%22)+on+an+empty+line+could+be+conditioned+to+an+assignment+(e.g.%2c+in+C%23%2c+%22aaa+%3d+bbb%3b%22).+You+can+declare+your+own+custom+intelligent+pastes+inside+the+CodeRush+Options+dialog+(see+the+Intelligent+Paste+page+in+the+Editor%5cClipboard+section)." />
   <Option Name="OptionsPage" Value="Editor%5cClipboard%5cIntelligent+Paste%2cDeclaration" />
   <Option Name="Scope" Value="Smart+Paste" />
   <Option Name="ShowInFeatureOptions" Value="True" />
  </Section>
  <Section Name="Optimize Namespace References">
   <Option Name="State" Value="None" />
   <Option Name="QueryCount" Value="0" />
   <Option Name="Description" Value="Removes+unused+namespace+references+from+the+current+file." />
   <Option Name="OptionsPage" Value="" />
   <Option Name="Scope" Value="RefactoringProvider" />
   <Option Name="ShowInFeatureOptions" Value="False" />
  </Section>
  <Section Name="Easy-delete">
   <Option Name="State" Value="None" />
   <Option Name="QueryCount" Value="0" />
   <Option Name="Description" Value="Deletes+empty+parentheses+and+brackets." />
   <Option Name="OptionsPage" Value="Editor%5cAuto+Complete%5cParens+%26+Brackets" />
   <Option Name="Scope" Value="Other+features" />
   <Option Name="ShowInFeatureOptions" Value="True" />
  </Section>
  <Section Name="Declare Event Handler">
   <Option Name="State" Value="None" />
   <Option Name="QueryCount" Value="0" />
   <Option Name="Description" Value="Generates+an+event+handler+for+the+selected+method+reference+with+appropriate+parameters." />
   <Option Name="OptionsPage" Value="" />
   <Option Name="Scope" Value="CodeProvider" />
   <Option Name="ShowInFeatureOptions" Value="False" />
  </Section>
  <Section Name="Remove Type Qualifier (remove all)">
   <Option Name="State" Value="None" />
   <Option Name="QueryCount" Value="0" />
   <Option Name="Description" Value="Removes+this+and+all+matching+type+qualifiers+in+this+file%2c+adding+an+appropriate+using%2fimports+namespace+reference+if+needed." />
   <Option Name="OptionsPage" Value="" />
   <Option Name="Scope" Value="RefactoringProvider" />
   <Option Name="ShowInFeatureOptions" Value="False" />
  </Section>
  <Section Name="MarkerCollect">
   <Option Name="State" Value="None" />
   <Option Name="QueryCount" Value="0" />
   <Option Name="Description" Value="Collects+the+marker+at+the+top+of+the+stack" />
   <Option Name="OptionsPage" Value="IDE%5cShortcuts%2cMarkerCollect%3bEsc" />
   <Option Name="Scope" Value="Conflict+shortcuts" />
   <Option Name="ShowInFeatureOptions" Value="True" />
  </Section>
  <Section Name="cc">
   <Option Name="State" Value="None" />
   <Option Name="QueryCount" Value="0" />
   <Option Name="Description" Value="Constructor" />
   <Option Name="OptionsPage" Value="Editor%5cText+Commands%5cSmart+Constructor" />
   <Option Name="Scope" Value="Templates" />
   <Option Name="ShowInFeatureOptions" Value="True" />
  </Section>
  <Section Name="Supress IntelliSense Dot">
   <Option Name="State" Value="None" />
   <Option Name="QueryCount" Value="0" />
   <Option Name="Description" Value="Suppress+IntelliSense+acceptance+when+potential+templates+(that+include+the+inserted+character)+exist+at+the+caret." />
   <Option Name="OptionsPage" Value="Compatibility%5cIntelliSense" />
   <Option Name="Scope" Value="Other+features" />
   <Option Name="ShowInFeatureOptions" Value="True" />
  </Section>
  <Section Name="Add Missing Constructors">
   <Option Name="State" Value="None" />
   <Option Name="QueryCount" Value="0" />
   <Option Name="Description" Value="Adds+base+class+constructors+not+implemented+in+this+class." />
   <Option Name="OptionsPage" Value="" />
   <Option Name="Scope" Value="CodeProvider" />
   <Option Name="ShowInFeatureOptions" Value="False" />
  </Section>
  <Section Name="fe">
   <Option Name="State" Value="None" />
   <Option Name="QueryCount" Value="0" />
   <Option Name="Description" Value="" />
   <Option Name="OptionsPage" Value="Editor%5cTemplates" />
   <Option Name="Scope" Value="Templates" />
   <Option Name="ShowInFeatureOptions" Value="True" />
  </Section>
  <Section Name="Inline Temp">
   <Option Name="State" Value="None" />
   <Option Name="QueryCount" Value="0" />
   <Option Name="Description" Value="Replaces+all+references+to+this+local+variable+with+its+initial+value." />
   <Option Name="OptionsPage" Value="" />
   <Option Name="Scope" Value="RefactoringProvider" />
   <Option Name="ShowInFeatureOptions" Value="False" />
  </Section>
  <Section Name="Make Implicit">
   <Option Name="State" Value="None" />
   <Option Name="QueryCount" Value="0" />
   <Option Name="Description" Value="Converts+an+explicitly-typed+variable+declaration+to+an+implicit+one." />
   <Option Name="OptionsPage" Value="" />
   <Option Name="Scope" Value="RefactoringProvider" />
   <Option Name="ShowInFeatureOptions" Value="False" />
  </Section>
  <Section Name="SelectionComment">
   <Option Name="State" Value="None" />
   <Option Name="QueryCount" Value="0" />
   <Option Name="Description" Value="Comments+or+uncomments+the+selection" />
   <Option Name="OptionsPage" Value="IDE%5cShortcuts%2cSelectionComment%3b%2f" />
   <Option Name="Scope" Value="Other+features" />
   <Option Name="ShowInFeatureOptions" Value="True" />
  </Section>
  <Section Name="&amp;">
   <Option Name="State" Value="None" />
   <Option Name="QueryCount" Value="0" />
   <Option Name="Description" Value="Creates+an+XML-legal+character+sequence+for+the+%22%26%22" />
   <Option Name="OptionsPage" Value="Editor%5cTemplates" />
   <Option Name="Scope" Value="Templates" />
   <Option Name="ShowInFeatureOptions" Value="True" />
  </Section>
  <Section Name="ScopeCycleDown">
   <Option Name="State" Value="None" />
   <Option Name="QueryCount" Value="0" />
   <Option Name="Description" Value="Decreases+the+visibility+(e.g.%2c+moving+from+public+to+private)+of+the+member+at+the+caret." />
   <Option Name="OptionsPage" Value="IDE%5cShortcuts%2cScopeCycleDown%3bAlt%2bDown" />
   <Option Name="Scope" Value="Conflict+shortcuts" />
   <Option Name="ShowInFeatureOptions" Value="True" />
  </Section>
  <Section Name="rn">
   <Option Name="State" Value="None" />
   <Option Name="QueryCount" Value="0" />
   <Option Name="Description" Value="" />
   <Option Name="OptionsPage" Value="Editor%5cTemplates" />
   <Option Name="Scope" Value="Templates" />
   <Option Name="ShowInFeatureOptions" Value="True" />
  </Section>
  <Section Name="ReferenceNext">
   <Option Name="State" Value="None" />
   <Option Name="QueryCount" Value="0" />
   <Option Name="Description" Value="Highlights+the+next+reference." />
   <Option Name="OptionsPage" Value="IDE%5cShortcuts%2cReferenceNext%3bTab" />
   <Option Name="Scope" Value="Conflict+shortcuts" />
   <Option Name="ShowInFeatureOptions" Value="True" />
  </Section>
  <Section Name="rt">
   <Option Name="State" Value="None" />
   <Option Name="QueryCount" Value="0" />
   <Option Name="Description" Value="" />
   <Option Name="OptionsPage" Value="Editor%5cTemplates" />
   <Option Name="Scope" Value="Templates" />
   <Option Name="ShowInFeatureOptions" Value="True" />
  </Section>
  <Section Name="Introduce Local">
   <Option Name="State" Value="None" />
   <Option Name="QueryCount" Value="0" />
   <Option Name="Description" Value="Creates+new+local+variable+initialized+to+the+selected+expression.+Replaces+the+selection+with+the+new+variable." />
   <Option Name="OptionsPage" Value="" />
   <Option Name="Scope" Value="RefactoringProvider" />
   <Option Name="ShowInFeatureOptions" Value="False" />
  </Section>
  <Section Name="Inline Delegate">
   <Option Name="State" Value="None" />
   <Option Name="QueryCount" Value="0" />
   <Option Name="Description" Value="Inlines+the+delegate%2c+creating+an+anonymous+method.+If+there+are+no+other+references+to+the+delegate+method%2c+it+is+removed." />
   <Option Name="OptionsPage" Value="" />
   <Option Name="Scope" Value="RefactoringProvider" />
   <Option Name="ShowInFeatureOptions" Value="False" />
  </Section>
  <Section Name="Compress to Lambda Expression">
   <Option Name="State" Value="None" />
   <Option Name="QueryCount" Value="0" />
   <Option Name="Description" Value="Converts+an+anonymous+method+to+an+equivalent+lambda+expression." />
   <Option Name="OptionsPage" Value="" />
   <Option Name="Scope" Value="RefactoringProvider" />
   <Option Name="ShowInFeatureOptions" Value="False" />
  </Section>
  <Section Name="Add to Interface">
   <Option Name="State" Value="None" />
   <Option Name="QueryCount" Value="0" />
   <Option Name="Description" Value="Adds+this+member+declaration+to+the+specified+interface." />
   <Option Name="OptionsPage" Value="" />
   <Option Name="Scope" Value="CodeProvider" />
   <Option Name="ShowInFeatureOptions" Value="False" />
  </Section>
  <Section Name="IntellassistCycleForward">
   <Option Name="State" Value="None" />
   <Option Name="QueryCount" Value="0" />
   <Option Name="Description" Value="Cycles+forward+to+the+next+Intellassist+suggestion%2c+and+wraps+around+to+the+beginning+if+the+last+suggestion+is+already+displayed." />
   <Option Name="OptionsPage" Value="IDE%5cShortcuts%2cIntellassistCycleForward%3bTab" />
   <Option Name="Scope" Value="Conflict+shortcuts" />
   <Option Name="ShowInFeatureOptions" Value="True" />
  </Section>
  <Section Name="Use String.Format">
   <Option Name="State" Value="None" />
   <Option Name="QueryCount" Value="0" />
   <Option Name="Description" Value="Converts+a+composed+string+expression+into+a+single+String.Format+call." />
   <Option Name="OptionsPage" Value="" />
   <Option Name="Scope" Value="RefactoringProvider" />
   <Option Name="ShowInFeatureOptions" Value="False" />
  </Section>
  <Section Name="Embed Selection">
   <Option Name="State" Value="None" />
   <Option Name="QueryCount" Value="0" />
   <Option Name="Description" Value="Embeds+the+selection+inside+the+specified+code+block." />
   <Option Name="OptionsPage" Value="" />
   <Option Name="Scope" Value="CodeProvider" />
   <Option Name="ShowInFeatureOptions" Value="False" />
  </Section>
  <Section Name="And">
   <Option Name="State" Value="None" />
   <Option Name="QueryCount" Value="0" />
   <Option Name="Description" Value="" />
   <Option Name="OptionsPage" Value="Editor%5cTemplates" />
   <Option Name="Scope" Value="Templates" />
   <Option Name="ShowInFeatureOptions" Value="True" />
  </Section>
  <Section Name="Break Apart Parameters">
   <Option Name="State" Value="None" />
   <Option Name="QueryCount" Value="0" />
   <Option Name="Description" Value="Places+each+parameter+on+a+separate+line." />
   <Option Name="OptionsPage" Value="" />
   <Option Name="Scope" Value="RefactoringProvider" />
   <Option Name="ShowInFeatureOptions" Value="False" />
  </Section>
  <Section Name="Intelligent Paste Introduce Local Intelligent Paste">
   <Option Name="State" Value="None" />
   <Option Name="QueryCount" Value="0" />
   <Option Name="Description" Value="Pastes+the+text+from+the+clipboard+at+the+caret%2c+potentially+conditioning+it+before+the+paste.+For+example%2c+pasting+an+expression+(e.g.%2c+in+C%23%2c+%22aaa+%3d%3d+bbb%22)+on+an+empty+line+could+be+conditioned+to+an+assignment+(e.g.%2c+in+C%23%2c+%22aaa+%3d+bbb%3b%22).+You+can+declare+your+own+custom+intelligent+pastes+inside+the+CodeRush+Options+dialog+(see+the+Intelligent+Paste+page+in+the+Editor%5cClipboard+section)." />
   <Option Name="OptionsPage" Value="Editor%5cRefactoring%5cIntroduce+Local" />
   <Option Name="Scope" Value="Smart+Paste" />
   <Option Name="ShowInFeatureOptions" Value="True" />
  </Section>
  <Section Name="mvvmlp">
   <Option Name="State" Value="None" />
   <Option Name="QueryCount" Value="0" />
   <Option Name="Description" Value="Creates+a+new+sub+for+a+locator+property+for+a+view+model+in+the+ViewModelLocator" />
   <Option Name="OptionsPage" Value="Editor%5cTemplates" />
   <Option Name="Scope" Value="Templates" />
   <Option Name="ShowInFeatureOptions" Value="True" />
  </Section>
  <Section Name="switch">
   <Option Name="State" Value="None" />
   <Option Name="QueryCount" Value="0" />
   <Option Name="Description" Value="" />
   <Option Name="OptionsPage" Value="Editor%5cTemplates" />
   <Option Name="Scope" Value="Templates" />
   <Option Name="ShowInFeatureOptions" Value="True" />
  </Section>
  <Section Name="Introduce Constant">
   <Option Name="State" Value="None" />
   <Option Name="QueryCount" Value="0" />
   <Option Name="Description" Value="Declares+a+new+constant%2c+initialized+to+the+value+of+the+string+or+number+under+the+caret." />
   <Option Name="OptionsPage" Value="" />
   <Option Name="Scope" Value="RefactoringProvider" />
   <Option Name="ShowInFeatureOptions" Value="False" />
  </Section>
  <Section Name="Remove Redundant Qualifier">
   <Option Name="State" Value="None" />
   <Option Name="QueryCount" Value="0" />
   <Option Name="Description" Value="Removes+redundant+%27this%27+or+%27base%27+qualifier." />
   <Option Name="OptionsPage" Value="" />
   <Option Name="Scope" Value="RefactoringProvider" />
   <Option Name="ShowInFeatureOptions" Value="False" />
  </Section>
  <Section Name="Declare Property (with backing store)">
   <Option Name="State" Value="None" />
   <Option Name="QueryCount" Value="0" />
   <Option Name="Description" Value="Generates+a+property+with+backing+store+for+the+selected+element+reference." />
   <Option Name="OptionsPage" Value="" />
   <Option Name="Scope" Value="CodeProvider" />
   <Option Name="ShowInFeatureOptions" Value="False" />
  </Section>
  <Section Name="Extract Interface">
   <Option Name="State" Value="None" />
   <Option Name="QueryCount" Value="0" />
   <Option Name="Description" Value="Generates+a+new+interface+from+the+public+members+of+this+class." />
   <Option Name="OptionsPage" Value="" />
   <Option Name="Scope" Value="RefactoringProvider" />
   <Option Name="ShowInFeatureOptions" Value="False" />
  </Section>
  <Section Name="Move Type to File">
   <Option Name="State" Value="None" />
   <Option Name="QueryCount" Value="0" />
   <Option Name="Description" Value="Moves+this+type+declaration+to+a+separate+file+with+the+same+name+as+the+class." />
   <Option Name="OptionsPage" Value="" />
   <Option Name="Scope" Value="RefactoringProvider" />
   <Option Name="ShowInFeatureOptions" Value="False" />
  </Section>
  <Section Name="Intelligent Paste Identifier Dot">
   <Option Name="State" Value="None" />
   <Option Name="QueryCount" Value="0" />
   <Option Name="Description" Value="Pastes+the+text+from+the+clipboard+at+the+caret%2c+potentially+conditioning+it+before+the+paste.+For+example%2c+pasting+an+expression+(e.g.%2c+in+C%23%2c+%22aaa+%3d%3d+bbb%22)+on+an+empty+line+could+be+conditioned+to+an+assignment+(e.g.%2c+in+C%23%2c+%22aaa+%3d+bbb%3b%22).+You+can+declare+your+own+custom+intelligent+pastes+inside+the+CodeRush+Options+dialog+(see+the+Intelligent+Paste+page+in+the+Editor%5cClipboard+section)." />
   <Option Name="OptionsPage" Value="Editor%5cClipboard%5cIntelligent+Paste%2cIdentifier+Dot" />
   <Option Name="Scope" Value="Smart+Paste" />
   <Option Name="ShowInFeatureOptions" Value="True" />
  </Section>
  <Section Name="Intelligent Paste Property (prefixed field)">
   <Option Name="State" Value="None" />
   <Option Name="QueryCount" Value="0" />
   <Option Name="Description" Value="Pastes+the+text+from+the+clipboard+at+the+caret%2c+potentially+conditioning+it+before+the+paste.+For+example%2c+pasting+an+expression+(e.g.%2c+in+C%23%2c+%22aaa+%3d%3d+bbb%22)+on+an+empty+line+could+be+conditioned+to+an+assignment+(e.g.%2c+in+C%23%2c+%22aaa+%3d+bbb%3b%22).+You+can+declare+your+own+custom+intelligent+pastes+inside+the+CodeRush+Options+dialog+(see+the+Intelligent+Paste+page+in+the+Editor%5cClipboard+section)." />
   <Option Name="OptionsPage" Value="Editor%5cClipboard%5cIntelligent+Paste%2cProperty+(prefixed+field)" />
   <Option Name="Scope" Value="Smart+Paste" />
   <Option Name="ShowInFeatureOptions" Value="True" />
  </Section>
  <Section Name="Duplicate Line: Initialized Field">
   <Option Name="State" Value="None" />
   <Option Name="QueryCount" Value="0" />
   <Option Name="Description" Value="Duplicates+an+initialized+field+declaration+(bringing+the+initialization+to+the+new+line)." />
   <Option Name="OptionsPage" Value="Editor%5cAuto+Complete%5cDuplicate+Line%2cInitialized+Field" />
   <Option Name="Scope" Value="Duplicate+Line" />
   <Option Name="ShowInFeatureOptions" Value="True" />
  </Section>
  <Section Name="Convert to Initializer">
   <Option Name="State" Value="None" />
   <Option Name="QueryCount" Value="0" />
   <Option Name="Description" Value="Converts+a+default+constructor+call+immediately+followed+by+object+initialization+into+an+object+initializer." />
   <Option Name="OptionsPage" Value="" />
   <Option Name="Scope" Value="RefactoringProvider" />
   <Option Name="ShowInFeatureOptions" Value="False" />
  </Section>
  <Section Name="Line-up Parameters">
   <Option Name="State" Value="None" />
   <Option Name="QueryCount" Value="0" />
   <Option Name="Description" Value="Moves+parameter+declarations+up+so+they+all+exist+on+the+same+line." />
   <Option Name="OptionsPage" Value="" />
   <Option Name="Scope" Value="RefactoringProvider" />
   <Option Name="ShowInFeatureOptions" Value="False" />
  </Section>
  <Section Name="Expand Lambda Expression">
   <Option Name="State" Value="None" />
   <Option Name="QueryCount" Value="0" />
   <Option Name="Description" Value="Converts+a+lambda+expression+to+an+equivalent+anonymous+method." />
   <Option Name="OptionsPage" Value="" />
   <Option Name="Scope" Value="RefactoringProvider" />
   <Option Name="ShowInFeatureOptions" Value="False" />
  </Section>
  <Section Name="Name Anonymous Method">
   <Option Name="State" Value="None" />
   <Option Name="QueryCount" Value="0" />
   <Option Name="Description" Value="Creates+a+new+delegate+method+from+an+anonymous+method+that+does+not+access+any+local+variables+from+the+parenting+method+body." />
   <Option Name="OptionsPage" Value="" />
   <Option Name="Scope" Value="RefactoringProvider" />
   <Option Name="ShowInFeatureOptions" Value="False" />
  </Section>
  <Section Name="EmbedParentheses">
   <Option Name="State" Value="None" />
   <Option Name="QueryCount" Value="0" />
   <Option Name="Description" Value="Embeds+the+selection+inside+parentheses" />
   <Option Name="OptionsPage" Value="" />
   <Option Name="Scope" Value="Embeddings" />
   <Option Name="ShowInFeatureOptions" Value="True" />
  </Section>
  <Section Name="Add Else Statement">
   <Option Name="State" Value="None" />
   <Option Name="QueryCount" Value="0" />
   <Option Name="Description" Value="Adds+an+else+statement+to+this+conditional+statement." />
   <Option Name="OptionsPage" Value="" />
   <Option Name="Scope" Value="CodeProvider" />
   <Option Name="ShowInFeatureOptions" Value="False" />
  </Section>
  <Section Name="Collapse Getter">
   <Option Name="State" Value="None" />
   <Option Name="QueryCount" Value="0" />
   <Option Name="Description" Value="Collapses+simple+getter+code+onto+a+single+line." />
   <Option Name="OptionsPage" Value="" />
   <Option Name="Scope" Value="RefactoringProvider" />
   <Option Name="ShowInFeatureOptions" Value="False" />
  </Section>
  <Section Name="SelectionReduce">
   <Option Name="State" Value="None" />
   <Option Name="QueryCount" Value="0" />
   <Option Name="Description" Value="Reduces+selected+text+to+a+smaller+logical+selection+inside+the+current+selection." />
   <Option Name="OptionsPage" Value="IDE%5cShortcuts%2cSelectionReduce%3bNum+-" />
   <Option Name="Scope" Value="Other+features" />
   <Option Name="ShowInFeatureOptions" Value="True" />
  </Section>
  <Section Name="rf">
   <Option Name="State" Value="None" />
   <Option Name="QueryCount" Value="0" />
   <Option Name="Description" Value="" />
   <Option Name="OptionsPage" Value="Editor%5cTemplates" />
   <Option Name="Scope" Value="Templates" />
   <Option Name="ShowInFeatureOptions" Value="True" />
  </Section>
  <Section Name="Break Apart Attributes">
   <Option Name="State" Value="None" />
   <Option Name="QueryCount" Value="0" />
   <Option Name="Description" Value="Places+each+attribute+on+a+separate+line." />
   <Option Name="OptionsPage" Value="" />
   <Option Name="Scope" Value="RefactoringProvider" />
   <Option Name="ShowInFeatureOptions" Value="False" />
  </Section>
  <Section Name="n">
   <Option Name="State" Value="None" />
   <Option Name="QueryCount" Value="0" />
   <Option Name="Description" Value="" />
   <Option Name="OptionsPage" Value="Editor%5cTemplates" />
   <Option Name="Scope" Value="Templates" />
   <Option Name="ShowInFeatureOptions" Value="True" />
  </Section>
  <Section Name="using">
   <Option Name="State" Value="None" />
   <Option Name="QueryCount" Value="0" />
   <Option Name="Description" Value="" />
   <Option Name="OptionsPage" Value="Editor%5cTemplates" />
   <Option Name="Scope" Value="Templates" />
   <Option Name="ShowInFeatureOptions" Value="True" />
  </Section>
  <Section Name="Duplicate Line: Method Call">
   <Option Name="State" Value="None" />
   <Option Name="QueryCount" Value="0" />
   <Option Name="Description" Value="Matches+a+method+call+and+creates+a+new+duplicate+method+call+on+the+next+line%2c+with+the+arguments+selected." />
   <Option Name="OptionsPage" Value="Editor%5cAuto+Complete%5cDuplicate+Line%2cMethod+Call" />
   <Option Name="Scope" Value="Duplicate+Line" />
   <Option Name="ShowInFeatureOptions" Value="True" />
  </Section>
  <Section Name="Remove Redundant Call">
   <Option Name="State" Value="None" />
   <Option Name="QueryCount" Value="0" />
   <Option Name="Description" Value="Removes+redundant+call+to+a+base+constructor+as+well+as+redundant+String.Format+call+with+single+string+parameter+or+a+ToString+call." />
   <Option Name="OptionsPage" Value="" />
   <Option Name="Scope" Value="RefactoringProvider" />
   <Option Name="ShowInFeatureOptions" Value="False" />
  </Section>
  <Section Name="Declare Class">
   <Option Name="State" Value="None" />
   <Option Name="QueryCount" Value="0" />
   <Option Name="Description" Value="Generates+a+class+for+the+type+reference+with+appropriate+constructor." />
   <Option Name="OptionsPage" Value="" />
   <Option Name="Scope" Value="CodeProvider" />
   <Option Name="ShowInFeatureOptions" Value="False" />
  </Section>
  <Section Name="f">
   <Option Name="State" Value="None" />
   <Option Name="QueryCount" Value="0" />
   <Option Name="Description" Value="for+loop%2c+false%2c+or+field+of+type+integer+(depending+on+context)" />
   <Option Name="OptionsPage" Value="Editor%5cTemplates" />
   <Option Name="Scope" Value="Templates" />
   <Option Name="ShowInFeatureOptions" Value="True" />
  </Section>
  <Section Name="Declare Field with Initializer">
   <Option Name="State" Value="None" />
   <Option Name="QueryCount" Value="0" />
   <Option Name="Description" Value="Adds+a+field+and+initializes+it+to+the+parameter+under+the+caret." />
   <Option Name="OptionsPage" Value="" />
   <Option Name="Scope" Value="CodeProvider" />
   <Option Name="ShowInFeatureOptions" Value="False" />
  </Section>
  <Section Name="Remove Redundant Assignment">
   <Option Name="State" Value="None" />
   <Option Name="QueryCount" Value="0" />
   <Option Name="Description" Value="Removes+redundant+initialization+of+a+variable." />
   <Option Name="OptionsPage" Value="" />
   <Option Name="Scope" Value="RefactoringProvider" />
   <Option Name="ShowInFeatureOptions" Value="False" />
  </Section>
  <Section Name="Rename File to Match Type">
   <Option Name="State" Value="None" />
   <Option Name="QueryCount" Value="0" />
   <Option Name="Description" Value="Renames+the+file+and+updates+the+project+appropriately." />
   <Option Name="OptionsPage" Value="" />
   <Option Name="Scope" Value="RefactoringProvider" />
   <Option Name="ShowInFeatureOptions" Value="False" />
  </Section>
  <Section Name="Split Initialization From Declaration">
   <Option Name="State" Value="None" />
   <Option Name="QueryCount" Value="0" />
   <Option Name="Description" Value="Breaks+an+initialized+declaration+for+a+local+variable+into+a+declaration+and+a+separate+initialization+statement." />
   <Option Name="OptionsPage" Value="" />
   <Option Name="Scope" Value="RefactoringProvider" />
   <Option Name="ShowInFeatureOptions" Value="False" />
  </Section>
  <Section Name="Make Read-only">
   <Option Name="State" Value="None" />
   <Option Name="QueryCount" Value="0" />
   <Option Name="Description" Value="Makes+field+read-only." />
   <Option Name="OptionsPage" Value="" />
   <Option Name="Scope" Value="RefactoringProvider" />
   <Option Name="ShowInFeatureOptions" Value="False" />
  </Section>
  <Section Name="Declare Interface">
   <Option Name="State" Value="None" />
   <Option Name="QueryCount" Value="0" />
   <Option Name="Description" Value="Generates+an+interface+for+the+type+reference." />
   <Option Name="OptionsPage" Value="" />
   <Option Name="Scope" Value="CodeProvider" />
   <Option Name="ShowInFeatureOptions" Value="False" />
  </Section>
  <Section Name="Compress to Null Coalescing Operation">
   <Option Name="State" Value="None" />
   <Option Name="QueryCount" Value="0" />
   <Option Name="Description" Value="Converts+a+ternary+expression+to+an+equivalent+null+coalescing+operation." />
   <Option Name="OptionsPage" Value="" />
   <Option Name="Scope" Value="RefactoringProvider" />
   <Option Name="ShowInFeatureOptions" Value="False" />
  </Section>
  <Section Name="Replace Temp with Query">
   <Option Name="State" Value="None" />
   <Option Name="QueryCount" Value="0" />
   <Option Name="Description" Value="Replaces+each+reference+to+this+local+variable+with+a+call+to+an+extracted+method%2c+which+returns+the+initial+value+assigned+to+this+local." />
   <Option Name="OptionsPage" Value="" />
   <Option Name="Scope" Value="RefactoringProvider" />
   <Option Name="ShowInFeatureOptions" Value="False" />
  </Section>
  <Section Name="Duplicate Line: Field">
   <Option Name="State" Value="None" />
   <Option Name="QueryCount" Value="0" />
   <Option Name="Description" Value="Duplicates+field+declarations." />
   <Option Name="OptionsPage" Value="Editor%5cAuto+Complete%5cDuplicate+Line%2cField" />
   <Option Name="Scope" Value="Duplicate+Line" />
   <Option Name="ShowInFeatureOptions" Value="True" />
  </Section>
  <Section Name="Move Initialization To Declaration">
   <Option Name="State" Value="None" />
   <Option Name="QueryCount" Value="0" />
   <Option Name="Description" Value="Combines+this+local+variable%27s+declaration+with+its+first+initialization." />
   <Option Name="OptionsPage" Value="" />
   <Option Name="Scope" Value="RefactoringProvider" />
   <Option Name="ShowInFeatureOptions" Value="False" />
  </Section>
  <Section Name="EmbedNotParentheses">
   <Option Name="State" Value="None" />
   <Option Name="QueryCount" Value="0" />
   <Option Name="Description" Value="Embeds+the+selection+inside+parens+preceded+by+the+NOT+operator+--+%22!(...)%22." />
   <Option Name="OptionsPage" Value="" />
   <Option Name="Scope" Value="Embeddings" />
   <Option Name="ShowInFeatureOptions" Value="True" />
  </Section>
  <Section Name="Embedding try/catch/finally">
   <Option Name="State" Value="None" />
   <Option Name="QueryCount" Value="0" />
   <Option Name="Description" Value="try...catch%2ffinally" />
   <Option Name="OptionsPage" Value="Editor%5cSelections%5cEmbedding%2ctry%2fcatch%2ffinally" />
   <Option Name="Scope" Value="Embeddings" />
   <Option Name="ShowInFeatureOptions" Value="True" />
  </Section>
  <Section Name="Add Parameter">
   <Option Name="State" Value="None" />
   <Option Name="QueryCount" Value="0" />
   <Option Name="Description" Value="Adds+a+new+parameter+to+a+method+declaration+and+updates+all+calls+accordingly." />
   <Option Name="OptionsPage" Value="" />
   <Option Name="Scope" Value="RefactoringProvider" />
   <Option Name="ShowInFeatureOptions" Value="False" />
  </Section>
  <Section Name="Smart Copy">
   <Option Name="State" Value="None" />
   <Option Name="QueryCount" Value="0" />
   <Option Name="Description" Value="Smart+copy+place+logical+blocks+of+code+onto+the+clipboard+in+a+single+keystroke." />
   <Option Name="OptionsPage" Value="Editor%5cClipboard%5cSmart+Cut(Copy)" />
   <Option Name="Scope" Value="Other+features" />
   <Option Name="ShowInFeatureOptions" Value="True" />
  </Section>
  <Section Name="Sort Namespace References">
   <Option Name="State" Value="None" />
   <Option Name="QueryCount" Value="0" />
   <Option Name="Description" Value="Sorts+namespace+references+in+the+current+file." />
   <Option Name="OptionsPage" Value="" />
   <Option Name="Scope" Value="RefactoringProvider" />
   <Option Name="ShowInFeatureOptions" Value="False" />
  </Section>
  <Section Name="Smart Cut">
   <Option Name="State" Value="None" />
   <Option Name="QueryCount" Value="0" />
   <Option Name="Description" Value="Smart+cut+place+logical+blocks+of+code+onto+the+clipboard+in+a+single+keystroke." />
   <Option Name="OptionsPage" Value="Editor%5cClipboard%5cSmart+Cut(Copy)" />
   <Option Name="Scope" Value="Other+features" />
   <Option Name="ShowInFeatureOptions" Value="True" />
  </Section>
  <Section Name="Remove Parameter">
   <Option Name="State" Value="None" />
   <Option Name="QueryCount" Value="0" />
   <Option Name="Description" Value="Removes+an+unused+parameter+from+a+method+declaration+and+updates+all+calls+accordingly." />
   <Option Name="OptionsPage" Value="" />
   <Option Name="Scope" Value="RefactoringProvider" />
   <Option Name="ShowInFeatureOptions" Value="False" />
  </Section>
  <Section Name="ov">
   <Option Name="State" Value="None" />
   <Option Name="QueryCount" Value="0" />
   <Option Name="Description" Value="" />
   <Option Name="OptionsPage" Value="Editor%5cTemplates" />
   <Option Name="Scope" Value="Templates" />
   <Option Name="ShowInFeatureOptions" Value="True" />
  </Section>
  <Section Name="Make Member Static">
   <Option Name="State" Value="None" />
   <Option Name="QueryCount" Value="0" />
   <Option Name="Description" Value="Converts+this+instance+member+into+a+static+member%2c+updating+references+as+necessary." />
   <Option Name="OptionsPage" Value="" />
   <Option Name="Scope" Value="RefactoringProvider" />
   <Option Name="ShowInFeatureOptions" Value="False" />
  </Section>
  <Section Name="QuickFileNav">
   <Option Name="State" Value="None" />
   <Option Name="QueryCount" Value="0" />
   <Option Name="Description" Value="Quick+File+Navigation" />
   <Option Name="OptionsPage" Value="IDE%5cShortcuts%2cQuickFileNav%3bCtrl%2bAlt%2bF" />
   <Option Name="Scope" Value="Other+features" />
   <Option Name="ShowInFeatureOptions" Value="True" />
  </Section>
  <Section Name="Decompose Initializer">
   <Option Name="State" Value="None" />
   <Option Name="QueryCount" Value="0" />
   <Option Name="Description" Value="Converts+an+object+initializer+to+a+default+constructor+call+followed+by+object+initialization." />
   <Option Name="OptionsPage" Value="" />
   <Option Name="Scope" Value="RefactoringProvider" />
   <Option Name="ShowInFeatureOptions" Value="False" />
  </Section>
  <Section Name="Create Overload">
   <Option Name="State" Value="None" />
   <Option Name="QueryCount" Value="0" />
   <Option Name="Description" Value="Creates+an+overloaded+method+similar+to+this+one%2c+with+fewer+parameters." />
   <Option Name="OptionsPage" Value="" />
   <Option Name="Scope" Value="RefactoringProvider" />
   <Option Name="ShowInFeatureOptions" Value="False" />
  </Section>
  <Section Name="=0">
   <Option Name="State" Value="None" />
   <Option Name="QueryCount" Value="0" />
   <Option Name="Description" Value="" />
   <Option Name="OptionsPage" Value="Editor%5cTemplates" />
   <Option Name="Scope" Value="Templates" />
   <Option Name="ShowInFeatureOptions" Value="True" />
  </Section>
  <Section Name="BookmarkGotoNext">
   <Option Name="State" Value="None" />
   <Option Name="QueryCount" Value="0" />
   <Option Name="Description" Value="Go+to+next+bookmark" />
   <Option Name="OptionsPage" Value="IDE%5cShortcuts%2cBookmarkGotoNext%3bCtrl%2bAlt%2bRight" />
   <Option Name="Scope" Value="Other+features" />
   <Option Name="ShowInFeatureOptions" Value="True" />
  </Section>
  <Section Name="Embedding try/catch">
   <Option Name="State" Value="None" />
   <Option Name="QueryCount" Value="0" />
   <Option Name="Description" Value="try..catch" />
   <Option Name="OptionsPage" Value="Editor%5cSelections%5cEmbedding%2ctry%2fcatch" />
   <Option Name="Scope" Value="Embeddings" />
   <Option Name="ShowInFeatureOptions" Value="True" />
  </Section>
  <Section Name="Duplicate Line: Local Variable">
   <Option Name="State" Value="None" />
   <Option Name="QueryCount" Value="0" />
   <Option Name="Description" Value="Duplicates+local+initialized+variables." />
   <Option Name="OptionsPage" Value="Editor%5cAuto+Complete%5cDuplicate+Line%2cLocal+Variable" />
   <Option Name="Scope" Value="Duplicate+Line" />
   <Option Name="ShowInFeatureOptions" Value="True" />
  </Section>
  <Section Name="ScopeCycleUp">
   <Option Name="State" Value="None" />
   <Option Name="QueryCount" Value="0" />
   <Option Name="Description" Value="Increases+the+visibility+(e.g.%2c+moving+from+private+to+public)+of+the+member+at+the+caret." />
   <Option Name="OptionsPage" Value="IDE%5cShortcuts%2cScopeCycleUp%3bAlt%2bUp" />
   <Option Name="Scope" Value="Conflict+shortcuts" />
   <Option Name="ShowInFeatureOptions" Value="True" />
  </Section>
  <Section Name="for">
   <Option Name="State" Value="None" />
   <Option Name="QueryCount" Value="0" />
   <Option Name="Description" Value="" />
   <Option Name="OptionsPage" Value="Editor%5cTemplates" />
   <Option Name="Scope" Value="Templates" />
   <Option Name="ShowInFeatureOptions" Value="True" />
  </Section>
  <Section Name="m">
   <Option Name="State" Value="None" />
   <Option Name="QueryCount" Value="0" />
   <Option Name="Description" Value="Method+(void).+You+can+also+use+%22mb%22+for+methods+that+return+a+bool%2c+ms+for+methods+that+return+a+string%2c+etc." />
   <Option Name="OptionsPage" Value="Editor%5cTemplates" />
   <Option Name="Scope" Value="Templates" />
   <Option Name="ShowInFeatureOptions" Value="True" />
  </Section>
  <Section Name="Duplicate Line: Assignment Statement">
   <Option Name="State" Value="None" />
   <Option Name="QueryCount" Value="0" />
   <Option Name="Description" Value="Duplicates+an+assignment+statement%2c+selecting+the+left+side+of+the+statement." />
   <Option Name="OptionsPage" Value="Editor%5cAuto+Complete%5cDuplicate+Line%2cAssignment+Statement" />
   <Option Name="Scope" Value="Duplicate+Line" />
   <Option Name="ShowInFeatureOptions" Value="True" />
  </Section>
  <Section Name="tc">
   <Option Name="State" Value="None" />
   <Option Name="QueryCount" Value="0" />
   <Option Name="Description" Value="" />
   <Option Name="OptionsPage" Value="Editor%5cTemplates" />
   <Option Name="Scope" Value="Templates" />
   <Option Name="ShowInFeatureOptions" Value="True" />
  </Section>
  <Section Name="v?Type?">
   <Option Name="State" Value="None" />
   <Option Name="QueryCount" Value="0" />
   <Option Name="Description" Value="Declares+a+variable+of+the+specified+type.+The+letters+following+the+%22v%22+indicate+the+type.+Use+the+Core%5cAliases%5cDynamic+Lists+options+page+to+add+new+types." />
   <Option Name="OptionsPage" Value="Editor%5cTemplates" />
   <Option Name="Scope" Value="Templates" />
   <Option Name="ShowInFeatureOptions" Value="True" />
  </Section>
  <Section Name="Introduce Using Statement">
   <Option Name="State" Value="None" />
   <Option Name="QueryCount" Value="0" />
   <Option Name="Description" Value="Introduces+a+using+statement+for+this+IDisposable+implementor%2c+removing+the+call+to+Dispose()+if+one+exists." />
   <Option Name="OptionsPage" Value="" />
   <Option Name="Scope" Value="RefactoringProvider" />
   <Option Name="ShowInFeatureOptions" Value="False" />
  </Section>
  <Section Name="t?Type?">
   <Option Name="State" Value="None" />
   <Option Name="QueryCount" Value="0" />
   <Option Name="Description" Value="" />
   <Option Name="OptionsPage" Value="Editor%5cTemplates" />
   <Option Name="Scope" Value="Templates" />
   <Option Name="ShowInFeatureOptions" Value="True" />
  </Section>
  <Section Name="Remove Redundant Delegate Creation">
   <Option Name="State" Value="None" />
   <Option Name="QueryCount" Value="0" />
   <Option Name="Description" Value="Removes+delegate+creation+code+leaving+only+the+method+reference." />
   <Option Name="OptionsPage" Value="" />
   <Option Name="Scope" Value="RefactoringProvider" />
   <Option Name="ShowInFeatureOptions" Value="False" />
  </Section>
  <Section Name="Execute Statement Asynchronously (StartNew)">
   <Option Name="State" Value="None" />
   <Option Name="QueryCount" Value="0" />
   <Option Name="Description" Value="Passes+this+statement+to+the+StartNew+method+of+Task.Factory%2c+launching+an+asynchronous+operation+and+returning+a+handle+to+the+associated+Task." />
   <Option Name="OptionsPage" Value="" />
   <Option Name="Scope" Value="RefactoringProvider" />
   <Option Name="ShowInFeatureOptions" Value="False" />
  </Section>
  <Section Name="Convert to Built-in Type">
   <Option Name="State" Value="None" />
   <Option Name="QueryCount" Value="0" />
   <Option Name="Description" Value="Converts+a+system+type+(e.g.%2c+System.Int32)+to+its+matching+built-in+type+for+the+active+language+(e.g.%2c+%e2%80%9cint%e2%80%9d+in+C%23+or+%e2%80%9cInteger%e2%80%9d+in+VB).+This+refactoring+is+the+opposite+of+Convert+to+System+Type." />
   <Option Name="OptionsPage" Value="" />
   <Option Name="Scope" Value="RefactoringProvider" />
   <Option Name="ShowInFeatureOptions" Value="False" />
  </Section>
  <Section Name="get">
   <Option Name="State" Value="None" />
   <Option Name="QueryCount" Value="0" />
   <Option Name="Description" Value="" />
   <Option Name="OptionsPage" Value="Editor%5cTemplates" />
   <Option Name="Scope" Value="Templates" />
   <Option Name="ShowInFeatureOptions" Value="True" />
  </Section>
  <Section Name="set">
   <Option Name="State" Value="None" />
   <Option Name="QueryCount" Value="0" />
   <Option Name="Description" Value="" />
   <Option Name="OptionsPage" Value="Editor%5cTemplates" />
   <Option Name="Scope" Value="Templates" />
   <Option Name="ShowInFeatureOptions" Value="True" />
  </Section>
  <Section Name="Embedding try/finally">
   <Option Name="State" Value="None" />
   <Option Name="QueryCount" Value="0" />
   <Option Name="Description" Value="try..finally" />
   <Option Name="OptionsPage" Value="Editor%5cSelections%5cEmbedding%2ctry%2ffinally" />
   <Option Name="Scope" Value="Embeddings" />
   <Option Name="ShowInFeatureOptions" Value="True" />
  </Section>
  <Section Name="Create Backing Store">
   <Option Name="State" Value="None" />
   <Option Name="QueryCount" Value="0" />
   <Option Name="Description" Value="Converts+an+auto-implemented+property+to+a+conventional+property+with+a+backing+store." />
   <Option Name="OptionsPage" Value="" />
   <Option Name="Scope" Value="RefactoringProvider" />
   <Option Name="ShowInFeatureOptions" Value="False" />
  </Section>
  <Section Name="Use Equals">
   <Option Name="State" Value="None" />
   <Option Name="QueryCount" Value="0" />
   <Option Name="Description" Value="Converts+a+equality+operator+(e.g.%2c+%22x+%3d%3d+y%22)+to+an+equivalent+comparison+using+the+call+to+Equals+(e.g.%2c+%22x.Equals(+y+)%22)." />
   <Option Name="OptionsPage" Value="" />
   <Option Name="Scope" Value="CodeProvider" />
   <Option Name="ShowInFeatureOptions" Value="False" />
  </Section>
  <Section Name="c">
   <Option Name="State" Value="None" />
   <Option Name="QueryCount" Value="0" />
   <Option Name="Description" Value="" />
   <Option Name="OptionsPage" Value="Editor%5cTemplates" />
   <Option Name="Scope" Value="Templates" />
   <Option Name="ShowInFeatureOptions" Value="True" />
  </Section>
  <Section Name="Flatten Conditional">
   <Option Name="State" Value="None" />
   <Option Name="QueryCount" Value="0" />
   <Option Name="Description" Value="Makes+simplification+of+the+selected+condition+statement" />
   <Option Name="OptionsPage" Value="" />
   <Option Name="Scope" Value="RefactoringProvider" />
   <Option Name="ShowInFeatureOptions" Value="False" />
  </Section>
  <Section Name="Intelligent Paste Expression">
   <Option Name="State" Value="None" />
   <Option Name="QueryCount" Value="0" />
   <Option Name="Description" Value="Pastes+the+text+from+the+clipboard+at+the+caret%2c+potentially+conditioning+it+before+the+paste.+For+example%2c+pasting+an+expression+(e.g.%2c+in+C%23%2c+%22aaa+%3d%3d+bbb%22)+on+an+empty+line+could+be+conditioned+to+an+assignment+(e.g.%2c+in+C%23%2c+%22aaa+%3d+bbb%3b%22).+You+can+declare+your+own+custom+intelligent+pastes+inside+the+CodeRush+Options+dialog+(see+the+Intelligent+Paste+page+in+the+Editor%5cClipboard+section)." />
   <Option Name="OptionsPage" Value="Editor%5cClipboard%5cIntelligent+Paste%2cExpression" />
   <Option Name="Scope" Value="Smart+Paste" />
   <Option Name="ShowInFeatureOptions" Value="True" />
  </Section>
  <Section Name="Initialize Conditionally">
   <Option Name="State" Value="None" />
   <Option Name="QueryCount" Value="0" />
   <Option Name="Description" Value="Moves+the+variable+initialization+to+an+else+block+of+the+subsequent+conditional+expression." />
   <Option Name="OptionsPage" Value="" />
   <Option Name="Scope" Value="RefactoringProvider" />
   <Option Name="ShowInFeatureOptions" Value="False" />
  </Section>
  <Section Name="MarkerDrop">
   <Option Name="State" Value="None" />
   <Option Name="QueryCount" Value="0" />
   <Option Name="Description" Value="Drops+a+marker+at+the+current+caret+position" />
   <Option Name="OptionsPage" Value="IDE%5cShortcuts%2cMarkerDrop%3bAlt%2bHome" />
   <Option Name="Scope" Value="Other+features" />
   <Option Name="ShowInFeatureOptions" Value="True" />
  </Section>
  <Section Name="p?Type?">
   <Option Name="State" Value="None" />
   <Option Name="QueryCount" Value="0" />
   <Option Name="Description" Value="Declares+a+property+of+the+specified+type.+The+letters+following+the+%22p%22+indicate+the+type.+Use+the+Core%5cAliases%5cDynamic+Lists+options+page+to+add+new+types." />
   <Option Name="OptionsPage" Value="Editor%5cTemplates" />
   <Option Name="Scope" Value="Templates" />
   <Option Name="ShowInFeatureOptions" Value="True" />
  </Section>
  <Section Name="Duplicate Line: Using">
   <Option Name="State" Value="None" />
   <Option Name="QueryCount" Value="0" />
   <Option Name="Description" Value="Duplicates+using+statements." />
   <Option Name="OptionsPage" Value="Editor%5cAuto+Complete%5cDuplicate+Line%2cUsing" />
   <Option Name="Scope" Value="Duplicate+Line" />
   <Option Name="ShowInFeatureOptions" Value="True" />
  </Section>
  <Section Name="Embedding region">
   <Option Name="State" Value="None" />
   <Option Name="QueryCount" Value="0" />
   <Option Name="Description" Value="%23region..%23endregion" />
   <Option Name="OptionsPage" Value="Editor%5cSelections%5cEmbedding%2cregion" />
   <Option Name="Scope" Value="Embeddings" />
   <Option Name="ShowInFeatureOptions" Value="True" />
  </Section>
  <Section Name="Smart parentheses">
   <Option Name="State" Value="None" />
   <Option Name="QueryCount" Value="0" />
   <Option Name="Description" Value="Automatic+parentheses+add+the+closing+parenthesis+when+you+type+the+opening+character." />
   <Option Name="OptionsPage" Value="Editor%5cAuto+Complete%5cParens+%26+Brackets" />
   <Option Name="Scope" Value="Other+features" />
   <Option Name="ShowInFeatureOptions" Value="True" />
  </Section>
  <Section Name="while">
   <Option Name="State" Value="None" />
   <Option Name="QueryCount" Value="0" />
   <Option Name="Description" Value="" />
   <Option Name="OptionsPage" Value="Editor%5cTemplates" />
   <Option Name="Scope" Value="Templates" />
   <Option Name="ShowInFeatureOptions" Value="True" />
  </Section>
  <Section Name="Smart brackets">
   <Option Name="State" Value="None" />
   <Option Name="QueryCount" Value="0" />
   <Option Name="Description" Value="Automatic+brackets+add+the+closing+bracket+when+you+type+the+opening+character." />
   <Option Name="OptionsPage" Value="Editor%5cAuto+Complete%5cParens+%26+Brackets" />
   <Option Name="Scope" Value="Other+features" />
   <Option Name="ShowInFeatureOptions" Value="True" />
  </Section>
  <Section Name="ne">
   <Option Name="State" Value="None" />
   <Option Name="QueryCount" Value="0" />
   <Option Name="Description" Value="not+enabled" />
   <Option Name="OptionsPage" Value="Editor%5cTemplates" />
   <Option Name="Scope" Value="Templates" />
   <Option Name="ShowInFeatureOptions" Value="True" />
  </Section>
  <Section Name="Collapse Setter">
   <Option Name="State" Value="None" />
   <Option Name="QueryCount" Value="0" />
   <Option Name="Description" Value="Collapses+simple+setter+code+onto+a+single+line." />
   <Option Name="OptionsPage" Value="" />
   <Option Name="Scope" Value="RefactoringProvider" />
   <Option Name="ShowInFeatureOptions" Value="False" />
  </Section>
  <Section Name="Not">
   <Option Name="State" Value="None" />
   <Option Name="QueryCount" Value="0" />
   <Option Name="Description" Value="" />
   <Option Name="OptionsPage" Value="Editor%5cTemplates" />
   <Option Name="Scope" Value="Templates" />
   <Option Name="ShowInFeatureOptions" Value="True" />
  </Section>
  <Section Name="Declare Field">
   <Option Name="State" Value="None" />
   <Option Name="QueryCount" Value="0" />
   <Option Name="Description" Value="Generates+a+field+variable+for+the+element+reference+with+appropriate+type." />
   <Option Name="OptionsPage" Value="" />
   <Option Name="Scope" Value="CodeProvider" />
   <Option Name="ShowInFeatureOptions" Value="False" />
  </Section>
  <Section Name="Convert to Constant">
   <Option Name="State" Value="None" />
   <Option Name="QueryCount" Value="0" />
   <Option Name="Description" Value="Converts+this+declaration+into+a+constant." />
   <Option Name="OptionsPage" Value="" />
   <Option Name="Scope" Value="RefactoringProvider" />
   <Option Name="ShowInFeatureOptions" Value="False" />
  </Section>
  <Section Name="Duplicate Line: Property (auto-implemented)">
   <Option Name="State" Value="None" />
   <Option Name="QueryCount" Value="0" />
   <Option Name="Description" Value="Duplicates+property+declarations+when+inside+an+interface." />
   <Option Name="OptionsPage" Value="Editor%5cAuto+Complete%5cDuplicate+Line%2cProperty+(auto-implemented)" />
   <Option Name="Scope" Value="Duplicate+Line" />
   <Option Name="ShowInFeatureOptions" Value="True" />
  </Section>
  <Section Name="Encapsulate Field">
   <Option Name="State" Value="None" />
   <Option Name="QueryCount" Value="0" />
   <Option Name="Description" Value="Encapsulates+a+field+into+a+read-write+property+and+replaces+all+occurrences+of+this+field+throughout+the+class+with+the+newly+declared+property." />
   <Option Name="OptionsPage" Value="" />
   <Option Name="Scope" Value="RefactoringProvider" />
   <Option Name="ShowInFeatureOptions" Value="False" />
  </Section>
  <Section Name="Convert to Auto-implemented Property">
   <Option Name="State" Value="None" />
   <Option Name="QueryCount" Value="0" />
   <Option Name="Description" Value="Removes+the+backing+store+and+converts+this+property+to+an+Auto-implemented+Property." />
   <Option Name="OptionsPage" Value="" />
   <Option Name="Scope" Value="RefactoringProvider" />
   <Option Name="ShowInFeatureOptions" Value="False" />
  </Section>
  <Section Name="Reorder Attributes">
   <Option Name="State" Value="None" />
   <Option Name="QueryCount" Value="0" />
   <Option Name="Description" Value="Rearranges+the+order+of+attributes+for+the+active+tag." />
   <Option Name="OptionsPage" Value="" />
   <Option Name="Scope" Value="RefactoringProvider" />
   <Option Name="ShowInFeatureOptions" Value="False" />
  </Section>
  <Section Name="Line-up Attributes">
   <Option Name="State" Value="None" />
   <Option Name="QueryCount" Value="0" />
   <Option Name="Description" Value="Moves+attributes+to+this+tag+up+so+they+all+exist+on+the+same+line." />
   <Option Name="OptionsPage" Value="" />
   <Option Name="Scope" Value="RefactoringProvider" />
   <Option Name="ShowInFeatureOptions" Value="False" />
  </Section>
  <Section Name="v">
   <Option Name="State" Value="None" />
   <Option Name="QueryCount" Value="0" />
   <Option Name="Description" Value="" />
   <Option Name="OptionsPage" Value="Editor%5cTemplates" />
   <Option Name="Scope" Value="Templates" />
   <Option Name="ShowInFeatureOptions" Value="True" />
  </Section>
  <Section Name="Intelligent Paste Void Method">
   <Option Name="State" Value="None" />
   <Option Name="QueryCount" Value="0" />
   <Option Name="Description" Value="Pastes+the+text+from+the+clipboard+at+the+caret%2c+potentially+conditioning+it+before+the+paste.+For+example%2c+pasting+an+expression+(e.g.%2c+in+C%23%2c+%22aaa+%3d%3d+bbb%22)+on+an+empty+line+could+be+conditioned+to+an+assignment+(e.g.%2c+in+C%23%2c+%22aaa+%3d+bbb%3b%22).+You+can+declare+your+own+custom+intelligent+pastes+inside+the+CodeRush+Options+dialog+(see+the+Intelligent+Paste+page+in+the+Editor%5cClipboard+section)." />
   <Option Name="OptionsPage" Value="Editor%5cClipboard%5cIntelligent+Paste%2cVoid+Method" />
   <Option Name="Scope" Value="Smart+Paste" />
   <Option Name="ShowInFeatureOptions" Value="True" />
  </Section>
  <Section Name="Convert to Property with Backing Store">
   <Option Name="State" Value="None" />
   <Option Name="QueryCount" Value="0" />
   <Option Name="Description" Value="Converts+an+unimplemented+property+into+a+property+with+backing+store." />
   <Option Name="OptionsPage" Value="" />
   <Option Name="Scope" Value="CodeProvider" />
   <Option Name="ShowInFeatureOptions" Value="False" />
  </Section>
  <Section Name="ExpressionFocusNext">
   <Option Name="State" Value="None" />
   <Option Name="QueryCount" Value="0" />
   <Option Name="Description" Value="Selects+the+next+expression%2c+or+moves+the+caret+to+the+next+entry+point+(e.g.%2c+between+the+parens+of+a+method+call)%2c+whichever+comes+first." />
   <Option Name="OptionsPage" Value="IDE%5cShortcuts%2cExpressionFocusNext%3bTab" />
   <Option Name="Scope" Value="Other+features" />
   <Option Name="ShowInFeatureOptions" Value="True" />
  </Section>
  <Section Name="Add Block Delimiters">
   <Option Name="State" Value="None" />
   <Option Name="QueryCount" Value="0" />
   <Option Name="Description" Value="Embeds+this+statement+inside+block+delimiters+(e.g.%2c+%22%7b%22+%26+%22%7d%22+in+C%23)." />
   <Option Name="OptionsPage" Value="" />
   <Option Name="Scope" Value="RefactoringProvider" />
   <Option Name="ShowInFeatureOptions" Value="False" />
  </Section>
  <Section Name="PasteReplaceWord">
   <Option Name="State" Value="None" />
   <Option Name="QueryCount" Value="0" />
   <Option Name="Description" Value="Replaces+the+word+at+the+cursor+with+the+contents+of+the+clipboard." />
   <Option Name="OptionsPage" Value="IDE%5cShortcuts%2cPasteReplaceWord%3bCtrl%2bB" />
   <Option Name="Scope" Value="Conflict+shortcuts" />
   <Option Name="ShowInFeatureOptions" Value="True" />
  </Section>
  <Section Name="Widen Scope (promote to field)">
   <Option Name="State" Value="None" />
   <Option Name="QueryCount" Value="0" />
   <Option Name="Description" Value="Converts+a+local+variable+to+a+field+variable." />
   <Option Name="OptionsPage" Value="" />
   <Option Name="Scope" Value="RefactoringProvider" />
   <Option Name="ShowInFeatureOptions" Value="False" />
  </Section>
  <Section Name="Introduce Format Item">
   <Option Name="State" Value="None" />
   <Option Name="QueryCount" Value="0" />
   <Option Name="Description" Value="Introduces+a+new+format+item+to+the+string+(e.g.%2c+%22%7b0%7d%22%2c+%22%7b1%7d%22%2c+%0d%0aetc.)+which+represents+the+selected+text%2c+and+if+necessary+creates+a+new+String.Format+call+to+surround+the+string.+The+selected+text+is+moved+out+to+become+an+argument+to+String.Format." />
   <Option Name="OptionsPage" Value="" />
   <Option Name="Scope" Value="RefactoringProvider" />
   <Option Name="ShowInFeatureOptions" Value="False" />
  </Section>
  <Section Name="Widen Scope">
   <Option Name="State" Value="None" />
   <Option Name="QueryCount" Value="0" />
   <Option Name="Description" Value="Moves+the+declaration+for+this+variable+outside+the+current+scope+block." />
   <Option Name="OptionsPage" Value="" />
   <Option Name="Scope" Value="RefactoringProvider" />
   <Option Name="ShowInFeatureOptions" Value="False" />
  </Section>
  <Section Name="Convert to System Type">
   <Option Name="State" Value="None" />
   <Option Name="QueryCount" Value="0" />
   <Option Name="Description" Value="Converts+a+built-in+type+(e.g.%2c+%e2%80%9cbool%e2%80%9d+in+C%23+or+%e2%80%9cBoolean%e2%80%9d+in+VB)+to+its+matching+system+type+(e.g.%2c+System.Boolean).+This+refactoring+is+the+opposite+of+Convert+to+Built-in+Type." />
   <Option Name="OptionsPage" Value="" />
   <Option Name="Scope" Value="RefactoringProvider" />
   <Option Name="ShowInFeatureOptions" Value="False" />
  </Section>
  <Section Name="Make Explicit">
   <Option Name="State" Value="None" />
   <Option Name="QueryCount" Value="0" />
   <Option Name="Description" Value="Converts+the+implicitly-typed+local+variable+to+a+variable+with+an+explicit+type." />
   <Option Name="OptionsPage" Value="" />
   <Option Name="Scope" Value="RefactoringProvider" />
   <Option Name="ShowInFeatureOptions" Value="False" />
  </Section>
  <Section Name="Declare Local (implicit)">
   <Option Name="State" Value="None" />
   <Option Name="QueryCount" Value="0" />
   <Option Name="Description" Value="Generates+an+implicit+local+variable+for+the+element+reference." />
   <Option Name="OptionsPage" Value="" />
   <Option Name="Scope" Value="CodeProvider" />
   <Option Name="ShowInFeatureOptions" Value="False" />
  </Section>
  <Section Name="Encapsulate Field (read-only)">
   <Option Name="State" Value="None" />
   <Option Name="QueryCount" Value="0" />
   <Option Name="Description" Value="Encapsulates+a+field+into+a+read-only+property+and+replaces+all+occurrences+of+this+field+throughout+the+class+with+the+newly+declared+property." />
   <Option Name="OptionsPage" Value="" />
   <Option Name="Scope" Value="RefactoringProvider" />
   <Option Name="ShowInFeatureOptions" Value="False" />
  </Section>
  <Section Name="Extract Property">
   <Option Name="State" Value="None" />
   <Option Name="QueryCount" Value="0" />
   <Option Name="Description" Value="Creates+a+new+property+from+the+selected+code+block.+The+selection+is+replaced+with+appropriate+code+to+reference+the+newly-declared+property." />
   <Option Name="OptionsPage" Value="" />
   <Option Name="Scope" Value="RefactoringProvider" />
   <Option Name="ShowInFeatureOptions" Value="False" />
  </Section>
  <Section Name="Split Multi-variable Declaration">
   <Option Name="State" Value="None" />
   <Option Name="QueryCount" Value="0" />
   <Option Name="Description" Value="Splits+multi-variable+declarations+into+multiple+lines%2c+with+a+separate+declaration+for+each+variable+on+each+line." />
   <Option Name="OptionsPage" Value="" />
   <Option Name="Scope" Value="RefactoringProvider" />
   <Option Name="ShowInFeatureOptions" Value="False" />
  </Section>
  <Section Name="Case to Conditional">
   <Option Name="State" Value="None" />
   <Option Name="QueryCount" Value="0" />
   <Option Name="Description" Value="Converts+the+switch+(C%23)+or+Select+(VB)+statement+to+a+series+of+nested+if-else+conditionals." />
   <Option Name="OptionsPage" Value="" />
   <Option Name="Scope" Value="RefactoringProvider" />
   <Option Name="ShowInFeatureOptions" Value="False" />
  </Section>
  <Section Name="Remove Redundant Block Delimiters">
   <Option Name="State" Value="None" />
   <Option Name="QueryCount" Value="0" />
   <Option Name="Description" Value="Removes+these+extra+block+delimiters." />
   <Option Name="OptionsPage" Value="" />
   <Option Name="Scope" Value="RefactoringProvider" />
   <Option Name="ShowInFeatureOptions" Value="False" />
  </Section>
  <Section Name="to">
   <Option Name="State" Value="None" />
   <Option Name="QueryCount" Value="0" />
   <Option Name="Description" Value="" />
   <Option Name="OptionsPage" Value="Editor%5cTemplates" />
   <Option Name="Scope" Value="Templates" />
   <Option Name="ShowInFeatureOptions" Value="True" />
  </Section>
  <Section Name="Edit.ToggleOutliningExpansion">
   <Option Name="State" Value="None" />
   <Option Name="QueryCount" Value="0" />
   <Option Name="Description" Value="" />
   <Option Name="OptionsPage" Value="IDE%5cShortcuts%2cEdit.ToggleOutliningExpansion%3bSpace" />
   <Option Name="Scope" Value="Other+features" />
   <Option Name="ShowInFeatureOptions" Value="True" />
  </Section>
  <Section Name="Surround with Tag">
   <Option Name="State" Value="None" />
   <Option Name="QueryCount" Value="0" />
   <Option Name="Description" Value="Surrounds+the+active+element+with+a+new+tag+pair." />
   <Option Name="OptionsPage" Value="" />
   <Option Name="Scope" Value="CodeProvider" />
   <Option Name="ShowInFeatureOptions" Value="False" />
  </Section>
  <Section Name="TableCellNext">
   <Option Name="State" Value="None" />
   <Option Name="QueryCount" Value="0" />
   <Option Name="Description" Value="Moves+focus+to+the+next+cell+in+an+HTML+table." />
   <Option Name="OptionsPage" Value="IDE%5cShortcuts%2cTableCellNext%3bTab" />
   <Option Name="Scope" Value="Conflict+shortcuts" />
   <Option Name="ShowInFeatureOptions" Value="True" />
  </Section>
  <Section Name="CloseCellNavHint">
   <Option Name="State" Value="None" />
   <Option Name="QueryCount" Value="0" />
   <Option Name="Description" Value="Closes+the+Cell+Nav+hint+that+appears+when+cell+navigation+is+active." />
   <Option Name="OptionsPage" Value="IDE%5cShortcuts%2cCloseCellNavHint%3bEsc" />
   <Option Name="Scope" Value="Conflict+shortcuts" />
   <Option Name="ShowInFeatureOptions" Value="True" />
  </Section>
  <Section Name="Extract UserControl">
   <Option Name="State" Value="None" />
   <Option Name="QueryCount" Value="0" />
   <Option Name="Description" Value="Creates+a+UserControl+for+the+selected+block+including+content+and+dependent+code." />
   <Option Name="OptionsPage" Value="" />
   <Option Name="Scope" Value="RefactoringProvider" />
   <Option Name="ShowInFeatureOptions" Value="False" />
  </Section>
  <Section Name="&gt;">
   <Option Name="State" Value="None" />
   <Option Name="QueryCount" Value="0" />
   <Option Name="Description" Value="" />
   <Option Name="OptionsPage" Value="Editor%5cTemplates" />
   <Option Name="Scope" Value="Templates" />
   <Option Name="ShowInFeatureOptions" Value="True" />
  </Section>
  <Section Name="re">
   <Option Name="State" Value="None" />
   <Option Name="QueryCount" Value="0" />
   <Option Name="Description" Value="" />
   <Option Name="OptionsPage" Value="Editor%5cTemplates" />
   <Option Name="Scope" Value="Templates" />
   <Option Name="ShowInFeatureOptions" Value="True" />
  </Section>
  <Section Name="Use Named Arguments">
   <Option Name="State" Value="None" />
   <Option Name="QueryCount" Value="0" />
   <Option Name="Description" Value="Converts+a+method+call+with+positional+arguments+into+a+named-argument+equivalent." />
   <Option Name="OptionsPage" Value="" />
   <Option Name="Scope" Value="RefactoringProvider" />
   <Option Name="ShowInFeatureOptions" Value="False" />
  </Section>
  <Section Name="Implement IDisposable">
   <Option Name="State" Value="None" />
   <Option Name="QueryCount" Value="0" />
   <Option Name="Description" Value="Implements+the+IDisposable+interface+in+this+class." />
   <Option Name="OptionsPage" Value="" />
   <Option Name="Scope" Value="CodeProvider" />
   <Option Name="ShowInFeatureOptions" Value="False" />
  </Section>
  <Section Name="Split Conditional">
   <Option Name="State" Value="None" />
   <Option Name="QueryCount" Value="0" />
   <Option Name="Description" Value="Breaks+%22if+(E1+%26%26+E2)+S1%22+into+%22if+(E1)+if+(E2)+S1%22." />
   <Option Name="OptionsPage" Value="" />
   <Option Name="Scope" Value="RefactoringProvider" />
   <Option Name="ShowInFeatureOptions" Value="False" />
  </Section>
  <Section Name="Duplicate Line: ">
   <Option Name="State" Value="None" />
   <Option Name="QueryCount" Value="0" />
   <Option Name="Description" Value="" />
   <Option Name="OptionsPage" Value="Editor%5cAuto+Complete%5cDuplicate+Line%2c" />
   <Option Name="Scope" Value="Duplicate+Line" />
   <Option Name="ShowInFeatureOptions" Value="True" />
  </Section>
  <Section Name="BookmarkGotoPrevious">
   <Option Name="State" Value="None" />
   <Option Name="QueryCount" Value="0" />
   <Option Name="Description" Value="Go+to+previous+bookmark" />
   <Option Name="OptionsPage" Value="IDE%5cShortcuts%2cBookmarkGotoPrevious%3bCtrl%2bAlt%2bLeft" />
   <Option Name="Scope" Value="Other+features" />
   <Option Name="ShowInFeatureOptions" Value="True" />
  </Section>
  <Section Name="t">
   <Option Name="State" Value="None" />
   <Option Name="QueryCount" Value="0" />
   <Option Name="Description" Value="" />
   <Option Name="OptionsPage" Value="Editor%5cTemplates" />
   <Option Name="Scope" Value="Templates" />
   <Option Name="ShowInFeatureOptions" Value="True" />
  </Section>
  <Section Name="l">
   <Option Name="State" Value="None" />
   <Option Name="QueryCount" Value="0" />
   <Option Name="Description" Value="%22else%22+keyword" />
   <Option Name="OptionsPage" Value="Editor%5cTemplates" />
   <Option Name="Scope" Value="Templates" />
   <Option Name="ShowInFeatureOptions" Value="True" />
  </Section>
  <Section Name="Intelligent Paste Extract Method Intelligent Paste">
   <Option Name="State" Value="None" />
   <Option Name="QueryCount" Value="0" />
   <Option Name="Description" Value="Pastes+the+text+from+the+clipboard+at+the+caret%2c+potentially+conditioning+it+before+the+paste.+For+example%2c+pasting+an+expression+(e.g.%2c+in+C%23%2c+%22aaa+%3d%3d+bbb%22)+on+an+empty+line+could+be+conditioned+to+an+assignment+(e.g.%2c+in+C%23%2c+%22aaa+%3d+bbb%3b%22).+You+can+declare+your+own+custom+intelligent+pastes+inside+the+CodeRush+Options+dialog+(see+the+Intelligent+Paste+page+in+the+Editor%5cClipboard+section)." />
   <Option Name="OptionsPage" Value="Editor%5cRefactoring%5cExtract+Method" />
   <Option Name="Scope" Value="Smart+Paste" />
   <Option Name="ShowInFeatureOptions" Value="True" />
  </Section>
  <Section Name="Seal Class">
   <Option Name="State" Value="None" />
   <Option Name="QueryCount" Value="0" />
   <Option Name="Description" Value="Marks+the+class+as+%27sealed%27." />
   <Option Name="OptionsPage" Value="" />
   <Option Name="Scope" Value="CodeProvider" />
   <Option Name="ShowInFeatureOptions" Value="False" />
  </Section>
  <Section Name="p">
   <Option Name="State" Value="None" />
   <Option Name="QueryCount" Value="0" />
   <Option Name="Description" Value="Declares+a+read%2fwrite+property+of+type+object+(type+is+selected+after+expansion+for+quick+changes).+" />
   <Option Name="OptionsPage" Value="Editor%5cTemplates" />
   <Option Name="Scope" Value="Templates" />
   <Option Name="ShowInFeatureOptions" Value="True" />
  </Section>
  <Section Name="Embedding block">
   <Option Name="State" Value="None" />
   <Option Name="QueryCount" Value="0" />
   <Option Name="Description" Value="block+-+%7b%7d" />
   <Option Name="OptionsPage" Value="Editor%5cSelections%5cEmbedding%2cblock" />
   <Option Name="Scope" Value="Embeddings" />
   <Option Name="ShowInFeatureOptions" Value="True" />
  </Section>
  <Section Name="Convert to Tuple">
   <Option Name="State" Value="None" />
   <Option Name="QueryCount" Value="0" />
   <Option Name="Description" Value="Consolidates+selected+parameters+into+a+Tuple+object." />
   <Option Name="OptionsPage" Value="" />
   <Option Name="Scope" Value="RefactoringProvider" />
   <Option Name="ShowInFeatureOptions" Value="False" />
  </Section>
  <Section Name="Convert to Parallel">
   <Option Name="State" Value="None" />
   <Option Name="QueryCount" Value="0" />
   <Option Name="Description" Value="Converts+the+code+to+run+in+parallel." />
   <Option Name="OptionsPage" Value="" />
   <Option Name="Scope" Value="RefactoringProvider" />
   <Option Name="ShowInFeatureOptions" Value="False" />
  </Section>
  <Section Name="Expand Null Coalescing Operation">
   <Option Name="State" Value="None" />
   <Option Name="QueryCount" Value="0" />
   <Option Name="Description" Value="Converts+a+null+coalescing+operation+to+an+equivalent+ternary+expression." />
   <Option Name="OptionsPage" Value="" />
   <Option Name="Scope" Value="RefactoringProvider" />
   <Option Name="ShowInFeatureOptions" Value="False" />
  </Section>
  <Section Name="Dispose Fields">
   <Option Name="State" Value="None" />
   <Option Name="QueryCount" Value="0" />
   <Option Name="Description" Value="Disposes+of+any+fields+that+implement+IDisposable+inside+this+class." />
   <Option Name="OptionsPage" Value="" />
   <Option Name="Scope" Value="CodeProvider" />
   <Option Name="ShowInFeatureOptions" Value="False" />
  </Section>
  <Section Name="Use String.Compare">
   <Option Name="State" Value="None" />
   <Option Name="QueryCount" Value="0" />
   <Option Name="Description" Value="Replaces+the+equality+expression+with+a+call+to+String.Compare." />
   <Option Name="OptionsPage" Value="" />
   <Option Name="Scope" Value="RefactoringProvider" />
   <Option Name="ShowInFeatureOptions" Value="False" />
  </Section>
  <Section Name="Spell Checker">
   <Option Name="State" Value="None" />
   <Option Name="QueryCount" Value="0" />
   <Option Name="Description" Value="" />
   <Option Name="OptionsPage" Value="" />
   <Option Name="Scope" Value="CodeProvider" />
   <Option Name="ShowInFeatureOptions" Value="False" />
  </Section>
  <Section Name="aaa">
   <Option Name="State" Value="Enabled" />
   <Option Name="QueryCount" Value="0" />
   <Option Name="Description" Value="" />
   <Option Name="OptionsPage" Value="Editor%5cTemplates" />
   <Option Name="Scope" Value="Templates" />
   <Option Name="ShowInFeatureOptions" Value="True" />
  </Section>
 </Language>
</Page>