﻿<!--This is a DXCore settings file-->
<Page Name="CodeIssues Layout">
 <Language Name="*Neutral*">
  <Section Name="Bounds">
   <Option Name="Width" Value="1084" />
   <Option Name="Height" Value="579" />
  </Section>
  <Section Name="Layout">
   <Option Name="ShowMembers" Value="False" />
   <Option Name="ShowClasses" Value="False" />
   <Option Name="ShowFiles" Value="True" />
   <Option Name="ShowNamespaces" Value="False" />
   <Option Name="ShowProjects" Value="True" />
   <Option Name="ShowIssueTypes" Value="True" />
   <Option Name="SplitterPos" Value="0.435424354243542" />
   <Option Name="CodeOrientation" Value="Portrait" />
   <Option Name="Sorting" Value="ByLocation" />
   <Option Name="ShowErrors" Value="Checked" />
   <Option Name="ShowHints" Value="Checked" />
   <Option Name="ShowWarnings" Value="Checked" />
   <Option Name="ShowDeadCode" Value="Checked" />
   <Option Name="Errors" Value="Checked" />
   <Option Name="Hints" Value="Checked" />
   <Option Name="Warnings" Value="Checked" />
   <Option Name="DeadCode" Value="Checked" />
   <Option Name="ShowDuplicateCode" Value="Checked" />
   <Option Name="ShowCodeSmells" Value="Checked" />
   <Option Name="DuplicateCode" Value="Checked" />
   <Option Name="CodeSmells" Value="Checked" />
  </Section>
  <Section Name="Font">
   <Option Name="Scale" Value="1" />
  </Section>
  <Section Name="Filters">
   <Option Name="Providers_Count" Value="123" />
   <Option Name="Providers_0" Value="Abstract member cannot declare a body" />
   <Option Name="Providers_1" Value="Abstract member cannot be declared in nonabstract class" />
   <Option Name="Providers_2" Value="Abstract member cannot be private" />
   <Option Name="Providers_3" Value="Abstract member cannot be marked as sealed" />
   <Option Name="Providers_4" Value="Abstract member cannot be marked as virtual" />
   <Option Name="Providers_5" Value="Anonymous method cannot have 'params' parameter" />
   <Option Name="Providers_6" Value="Array elements cannot be of static type" />
   <Option Name="Providers_7" Value="Keyword &quot;base&quot; is not valid in a static member" />
   <Option Name="Providers_8" Value="Can initialize conditionally" />
   <Option Name="Providers_9" Value="Can combine initialization with declaration" />
   <Option Name="Providers_10" Value="Can inline temporary variable" />
   <Option Name="Providers_11" Value="Cannot create an instance of abstract class" />
   <Option Name="Providers_12" Value="Cannot create an instance of interface" />
   <Option Name="Providers_13" Value="Cannot create an instance of static class" />
   <Option Name="Providers_14" Value="Cannot declare variable of static type" />
   <Option Name="Providers_15" Value="Cannot inherit from sealed type" />
   <Option Name="Providers_16" Value="Cannot inherit from special class 'System.ValueType'" />
   <Option Name="Providers_17" Value="Cannot inherit from static class" />
   <Option Name="Providers_18" Value="Cannot yield in the body of a catch clause" />
   <Option Name="Providers_19" Value="Cannot yield in the body of a finally clause" />
   <Option Name="Providers_20" Value="Cannot yield in the body of a try block with a catch clause" />
   <Option Name="Providers_21" Value="Can remove type qualifier" />
   <Option Name="Providers_22" Value="Case statement has incorrect range of integers expression" />
   <Option Name="Providers_23" Value="Constant cannot be marked static" />
   <Option Name="Providers_24" Value="Constructor cannot call itself" />
   <Option Name="Providers_25" Value="Constructor must declare a body" />
   <Option Name="Providers_26" Value="Control cannot leave the body of a finally clause" />
   <Option Name="Providers_27" Value="Declaration can be a constant" />
   <Option Name="Providers_28" Value="Can declare MVC View" />
   <Option Name="Providers_29" Value="Delegate can be replaced with lambda expression" />
   <Option Name="Providers_30" Value="Delegate cannot be marked static" />
   <Option Name="Providers_31" Value="Destructor must declare a body" />
   <Option Name="Providers_32" Value="Catch block is empty" />
   <Option Name="Providers_33" Value="Environment.NewLine can be used" />
   <Option Name="Providers_34" Value="Interface events cannot have add or remove accessors" />
   <Option Name="Providers_35" Value="Extension method cannot have a parameter array used with 'this' modifier" />
   <Option Name="Providers_36" Value="Extension method cannot have a pointer parameter used with 'this' modifier" />
   <Option Name="Providers_37" Value="Extension method must be defined in a non-generic static class" />
   <Option Name="Providers_38" Value="Extension method must be defined in a top level static class" />
   <Option Name="Providers_39" Value="Parameter modifier 'this' should be the first parameter of extension method" />
   <Option Name="Providers_40" Value="Extern member cannot declare a body" />
   <Option Name="Providers_41" Value="Field can be read-only" />
   <Option Name="Providers_42" Value="ForEach Action can be called" />
   <Option Name="Providers_43" Value="Generic class cannot derive from Attribute" />
   <Option Name="Providers_44" Value="Implicit variable can be used" />
   <Option Name="Providers_45" Value="Indexer cannot be static" />
   <Option Name="Providers_46" Value="Initializer can be used" />
   <Option Name="Providers_47" Value="Interface cannot contain constructors" />
   <Option Name="Providers_48" Value="Interface member cannot have a definition" />
   <Option Name="Providers_49" Value="Interface expected" />
   <Option Name="Providers_50" Value="Lambda expression cannot have 'params' parameter" />
   <Option Name="Providers_51" Value="Undisposed local" />
   <Option Name="Providers_52" Value="Member can be static" />
   <Option Name="Providers_53" Value="Member cannot be sealed because it is not an override" />
   <Option Name="Providers_54" Value="Member must declare a body because it is not marked abstract or extern" />
   <Option Name="Providers_55" Value="Member names cannot be the same as their enclosing type" />
   <Option Name="Providers_56" Value="Method must have a return type" />
   <Option Name="Providers_57" Value="Nested code can be flattened" />
   <Option Name="Providers_58" Value="Null coalescing operation can be used" />
   <Option Name="Providers_59" Value="Only class types can contain destructors" />
   <Option Name="Providers_60" Value="Operator cannot be abstract" />
   <Option Name="Providers_61" Value="Operator cannot have 'params' parameter" />
   <Option Name="Providers_62" Value="Operator must be declared static and public" />
   <Option Name="Providers_63" Value="Operator must declare a body" />
   <Option Name="Providers_64" Value="Overloaded unary operator takes one parameter" />
   <Option Name="Providers_65" Value="Override member cannot be marked as new" />
   <Option Name="Providers_66" Value="Override member cannot be marked as virtual" />
   <Option Name="Providers_67" Value="Override member cannot change access rights" />
   <Option Name="Providers_68" Value="Cannot override inherited sealed member" />
   <Option Name="Providers_69" Value="The params parameter must be a single dimensional array" />
   <Option Name="Providers_70" Value="The params parameter must be the last parameter in a formal parameter list" />
   <Option Name="Providers_71" Value="Partial method cannot have access modifiers or the virtual, abstract, override, new, sealed, or extern modifiers" />
   <Option Name="Providers_72" Value="Partial method cannot have out parameters" />
   <Option Name="Providers_73" Value="Partial method has only single part" />
   <Option Name="Providers_74" Value="Partial method must be declared within a partial class or partial struct" />
   <Option Name="Providers_75" Value="Property can be auto-implemented" />
   <Option Name="Providers_76" Value="Property cannot have void type" />
   <Option Name="Providers_77" Value="Protected member in sealed type will be private" />
   <Option Name="Providers_78" Value="Protected member cannot be declared in struct" />
   <Option Name="Providers_79" Value="Redundant base constructor call" />
   <Option Name="Providers_80" Value="Redundant base qualifier" />
   <Option Name="Providers_81" Value="Redundant constructor" />
   <Option Name="Providers_82" Value="Redundant destructor" />
   <Option Name="Providers_83" Value="Redundant else statement" />
   <Option Name="Providers_84" Value="Empty event handler" />
   <Option Name="Providers_85" Value="Empty namespace declaration" />
   <Option Name="Providers_86" Value="Redundant delegate creation" />
   <Option Name="Providers_87" Value="Redundant field initialization" />
   <Option Name="Providers_88" Value="Empty finally block" />
   <Option Name="Providers_89" Value="Lambda parameter has redundant type specification" />
   <Option Name="Providers_90" Value="Partial class has only a single part" />
   <Option Name="Providers_91" Value="Redundant private setter" />
   <Option Name="Providers_92" Value="Redundant String.Format call" />
   <Option Name="Providers_93" Value="Redundant this qualifier" />
   <Option Name="Providers_94" Value="Redundant ToString() call" />
   <Option Name="Providers_95" Value="Redundant type qualifier" />
   <Option Name="Providers_96" Value="Sealed class cannot be abstract" />
   <Option Name="Providers_97" Value="Redundant sealed modifier" />
   <Option Name="Providers_98" Value="Static class cannot be abstract" />
   <Option Name="Providers_99" Value="Static class cannot be sealed" />
   <Option Name="Providers_100" Value="Cannot declare instance member in a static class" />
   <Option Name="Providers_101" Value="Static class cannot contain protected member" />
   <Option Name="Providers_102" Value="Static constructors cannot have access modifiers" />
   <Option Name="Providers_103" Value="Static constructors must be parameterless" />
   <Option Name="Providers_104" Value="String.Compare can be used" />
   <Option Name="Providers_105" Value="String.Format can be used" />
   <Option Name="Providers_106" Value="Struct cannot contain parameterless constructor" />
   <Option Name="Providers_107" Value="Default branch is missing" />
   <Option Name="Providers_108" Value="Case statements do not explicitly handle all enum values" />
   <Option Name="Providers_109" Value="Ternary expression can be used" />
   <Option Name="Providers_110" Value="Keyword this/Me is not valid in a static member" />
   <Option Name="Providers_111" Value="Try statement without catch or finally" />
   <Option Name="Providers_112" Value="Type can be moved to separate file" />
   <Option Name="Providers_113" Value="Type name does not correspond to file name" />
   <Option Name="Providers_114" Value="Undeclared element" />
   <Option Name="Providers_115" Value="Member is not implemented" />
   <Option Name="Providers_116" Value="Unused member" />
   <Option Name="Providers_117" Value="Unused setter" />
   <Option Name="Providers_118" Value="Unused type parameter" />
   <Option Name="Providers_119" Value="Virtual call in constructor" />
   <Option Name="Providers_120" Value="Virtual member cannot be declared in sealed class" />
   <Option Name="Providers_121" Value="Virtual member cannot be private" />
   <Option Name="Providers_122" Value="Redundant namespace reference" />
   <Option Name="Providers_123" Value="Virtual call in constructor" />
   <Option Name="Providers_124" Value="Virtual member cannot be declared in sealed class" />
   <Option Name="Providers_125" Value="Virtual member cannot be declared in structures" />
   <Option Name="Providers_126" Value="Virtual member cannot be private" />
   <Option Name="Providers_127" Value="Redundant namespace reference" />
  </Section>
 </Language>
</Page>