﻿<!--This is a DXCore settings file-->
<Page Name="XML Doc Comments">
 <Language Name="*Neutral*">
  <Section Name="Options">
   <Option Name="Enabled" Value="False" />
   <Option Name="NameLeftRightMargin" Value="4" />
   <Option Name="TopTextMargin" Value="3" />
   <Option Name="BottomTextMargin" Value="2" />
   <Option Name="DetailLeftMargin" Value="5" />
   <Option Name="DetailRightMargin" Value="0" />
   <Option Name="DetailWrapAdjust" Value="20" />
   <Option Name="IconLeftMargin" Value="4" />
   <Option Name="IconTopMargin" Value="4" />
   <Option Name="RightViewMargin" Value="8" />
  </Section>
  <Section Name="Fonts">
   <Option Name="NameFontName" Value="Arial" />
   <Option Name="NameFontStyle" Value="Bold" />
   <Option Name="DetailFontName" Value="Times New Roman" />
   <Option Name="DetailFontStyle" Value="Regular" />
   <Option Name="RemarksFontName" Value="Times New Roman" />
   <Option Name="RemarksFontStyle" Value="Italic" />
   <Option Name="MethodParensFontName" Value="Arial" />
   <Option Name="MethodParensFontStyle" Value="Regular" />
   <Option Name="OtherNameFontName" Value="Arial" />
   <Option Name="OtherNameFontStyle" Value="Regular" />
  </Section>
  <Section Name="Colors">
   <Option Name="MasterBackgroundColor" Value="ARGB:255:179:166:242" />
   <Option Name="DetailTextColor" Value="ARGB:255:48:34:122" />
   <Option Name="NameTextColor" Value="Named:White" />
   <Option Name="OtherNameTextColor" Value="Named:White" />
  </Section>
 </Language>
</Page>