﻿<!--This is a DXCore settings file-->
<Page Name="ProviderComplexity">
 <Language Name="*Neutral*">
  <Section Name="TimeComplexity">
   <Option Name="Convert to Integer" Value="0.382310495952756" />
   <Option Name="Create Case Blocks from Enum" Value="0.157350086418667" />
   <Option Name="Invert Selection" Value="0.143055798689787" />
   <Option Name="Declare Event" Value="0.115996712553935" />
   <Option Name="Consolidate duplicate code to:" Value="0.123012533388124" />
  </Section>
 </Language>
</Page>