﻿<!--This is a DXCore settings file-->
<Page Name="Shortcuts_Selection_MultiSelect">
 <Language Name="*Neutral*">
  <Section Name="FolderInfo">
   <Option Name="Enabled" Value="True" />
   <Option Name="Description" Value="" />
   <Option Name="FolderState" Value="Expanded" />
  </Section>
  <Section Name="Header">
   <Option Name="Count" Value="4" />
  </Section>
  <Section Name="Command0">
   <Option Name="Key1.KeyState" Value="538705921" />
   <Option Name="Key1.KeyCode" Value="13" />
   <Option Name="Key1.Ctrl" Value="True" />
   <Option Name="Key1.Shift" Value="False" />
   <Option Name="Key1.Alt" Value="True" />
   <Option Name="Key1.RightSide" Value="False" />
   <Option Name="Key1.Extended" Value="False" />
   <Option Name="Key2.KeyState" Value="0" />
   <Option Name="Key2.KeyCode" Value="0" />
   <Option Name="Key2.Ctrl" Value="False" />
   <Option Name="Key2.Shift" Value="False" />
   <Option Name="Key2.Alt" Value="False" />
   <Option Name="Key2.RightSide" Value="False" />
   <Option Name="Key2.Extended" Value="False" />
   <Option Name="Command" Value="MultiSelectAdd" />
   <Option Name="Comments" Value="" />
   <Option Name="Parameters" Value="" />
   <Option Name="SendKeyToIDE" Value="False" />
   <Option Name="Binding" Value="0" />
   <Option Name="MouseAction" Value="0" />
   <Option Name="ShiftKeyDown" Value="False" />
   <Option Name="CtrlKeyDown" Value="False" />
   <Option Name="AltKeyDown" Value="False" />
   <Option Name="Enabled" Value="True" />
   <Option Name="ContextSelected_Count" Value="1" />
   <Option Name="ContextSelected_0" Value="Focus\Documents\Source\Code Editor" />
   <Option Name="ContextExcluded_Count" Value="0" />
   <Option Name="Selected" Value="False" />
  </Section>
  <Section Name="Command1">
   <Option Name="Key1.KeyState" Value="537788417" />
   <Option Name="Key1.KeyCode" Value="8" />
   <Option Name="Key1.Ctrl" Value="True" />
   <Option Name="Key1.Shift" Value="False" />
   <Option Name="Key1.Alt" Value="True" />
   <Option Name="Key1.RightSide" Value="False" />
   <Option Name="Key1.Extended" Value="False" />
   <Option Name="Key2.KeyState" Value="0" />
   <Option Name="Key2.KeyCode" Value="0" />
   <Option Name="Key2.Ctrl" Value="False" />
   <Option Name="Key2.Shift" Value="False" />
   <Option Name="Key2.Alt" Value="False" />
   <Option Name="Key2.RightSide" Value="False" />
   <Option Name="Key2.Extended" Value="False" />
   <Option Name="Command" Value="MultiSelectClear" />
   <Option Name="Comments" Value="" />
   <Option Name="Parameters" Value="" />
   <Option Name="SendKeyToIDE" Value="False" />
   <Option Name="Binding" Value="0" />
   <Option Name="MouseAction" Value="0" />
   <Option Name="ShiftKeyDown" Value="False" />
   <Option Name="CtrlKeyDown" Value="False" />
   <Option Name="AltKeyDown" Value="False" />
   <Option Name="Enabled" Value="True" />
   <Option Name="ContextSelected_Count" Value="1" />
   <Option Name="ContextSelected_0" Value="Focus\Documents\Source\Code Editor" />
   <Option Name="ContextExcluded_Count" Value="0" />
   <Option Name="Selected" Value="False" />
  </Section>
  <Section Name="Command2">
   <Option Name="Key1.KeyState" Value="541720577" />
   <Option Name="Key1.KeyCode" Value="109" />
   <Option Name="Key1.Ctrl" Value="True" />
   <Option Name="Key1.Shift" Value="False" />
   <Option Name="Key1.Alt" Value="True" />
   <Option Name="Key1.RightSide" Value="False" />
   <Option Name="Key1.Extended" Value="False" />
   <Option Name="Key2.KeyState" Value="0" />
   <Option Name="Key2.KeyCode" Value="0" />
   <Option Name="Key2.Ctrl" Value="False" />
   <Option Name="Key2.Shift" Value="False" />
   <Option Name="Key2.Alt" Value="False" />
   <Option Name="Key2.RightSide" Value="False" />
   <Option Name="Key2.Extended" Value="False" />
   <Option Name="Command" Value="MultiSelectUndo" />
   <Option Name="Comments" Value="" />
   <Option Name="Parameters" Value="" />
   <Option Name="SendKeyToIDE" Value="False" />
   <Option Name="Binding" Value="0" />
   <Option Name="MouseAction" Value="0" />
   <Option Name="ShiftKeyDown" Value="False" />
   <Option Name="CtrlKeyDown" Value="False" />
   <Option Name="AltKeyDown" Value="False" />
   <Option Name="Enabled" Value="True" />
   <Option Name="ContextSelected_Count" Value="1" />
   <Option Name="ContextSelected_0" Value="Focus\Documents\Source\Code Editor" />
   <Option Name="ContextExcluded_Count" Value="0" />
   <Option Name="Selected" Value="False" />
  </Section>
  <Section Name="Command3">
   <Option Name="Key1.KeyState" Value="541982721" />
   <Option Name="Key1.KeyCode" Value="107" />
   <Option Name="Key1.Ctrl" Value="True" />
   <Option Name="Key1.Shift" Value="False" />
   <Option Name="Key1.Alt" Value="True" />
   <Option Name="Key1.RightSide" Value="False" />
   <Option Name="Key1.Extended" Value="False" />
   <Option Name="Key2.KeyState" Value="0" />
   <Option Name="Key2.KeyCode" Value="0" />
   <Option Name="Key2.Ctrl" Value="False" />
   <Option Name="Key2.Shift" Value="False" />
   <Option Name="Key2.Alt" Value="False" />
   <Option Name="Key2.RightSide" Value="False" />
   <Option Name="Key2.Extended" Value="False" />
   <Option Name="Command" Value="MultiSelectRedo" />
   <Option Name="Comments" Value="" />
   <Option Name="Parameters" Value="" />
   <Option Name="SendKeyToIDE" Value="False" />
   <Option Name="Binding" Value="0" />
   <Option Name="MouseAction" Value="0" />
   <Option Name="ShiftKeyDown" Value="False" />
   <Option Name="CtrlKeyDown" Value="False" />
   <Option Name="AltKeyDown" Value="False" />
   <Option Name="Enabled" Value="True" />
   <Option Name="ContextSelected_Count" Value="1" />
   <Option Name="ContextSelected_0" Value="Focus\Documents\Source\Code Editor" />
   <Option Name="ContextExcluded_Count" Value="0" />
   <Option Name="Selected" Value="False" />
  </Section>
 </Language>
</Page>