﻿<!--This is a DXCore settings file-->
<Page Name="Shortcuts_Selection_Embedding">
 <Language Name="*Neutral*">
  <Section Name="FolderInfo">
   <Option Name="Enabled" Value="True" />
   <Option Name="Description" Value="Shortcuts for wrapping selections with code." />
   <Option Name="FolderState" Value="Expanded" />
  </Section>
  <Section Name="Header">
   <Option Name="Count" Value="1" />
  </Section>
  <Section Name="Command0">
   <Option Name="Key1.KeyState" Value="262145" />
   <Option Name="Key1.KeyCode" Value="51" />
   <Option Name="Key1.Ctrl" Value="True" />
   <Option Name="Key1.Shift" Value="False" />
   <Option Name="Key1.Alt" Value="False" />
   <Option Name="Key1.RightSide" Value="False" />
   <Option Name="Key1.Extended" Value="False" />
   <Option Name="Key2.KeyState" Value="0" />
   <Option Name="Key2.KeyCode" Value="0" />
   <Option Name="Key2.Ctrl" Value="False" />
   <Option Name="Key2.Shift" Value="False" />
   <Option Name="Key2.Alt" Value="False" />
   <Option Name="Key2.RightSide" Value="False" />
   <Option Name="Key2.Extended" Value="False" />
   <Option Name="Command" Value="Embed" />
   <Option Name="Comments" Value="" />
   <Option Name="Parameters" Value="region" />
   <Option Name="SendKeyToIDE" Value="False" />
   <Option Name="Binding" Value="0" />
   <Option Name="MouseAction" Value="0" />
   <Option Name="ShiftKeyDown" Value="False" />
   <Option Name="CtrlKeyDown" Value="False" />
   <Option Name="AltKeyDown" Value="False" />
   <Option Name="Enabled" Value="True" />
   <Option Name="ContextSelected_Count" Value="3" />
   <Option Name="ContextSelected_0" Value="Editor\Selection\Any Selection\Multiple Lines" />
   <Option Name="ContextSelected_1" Value="Editor\Selection\Any Selection\Whole Line" />
   <Option Name="ContextSelected_2" Value="Focus\Documents\Source\Code Editor" />
   <Option Name="ContextExcluded_Count" Value="1" />
   <Option Name="ContextExcluded_0" Value="Language\Java Script" />
   <Option Name="Selected" Value="False" />
  </Section>
 </Language>
</Page>