﻿<!--This is a DXCore settings file-->
<Page Name="Shortcuts_Fields">
 <Language Name="*Neutral*">
  <Section Name="FolderInfo">
   <Option Name="Enabled" Value="True" />
   <Option Name="Description" Value="" />
   <Option Name="FolderState" Value="Expanded" />
  </Section>
  <Section Name="Header">
   <Option Name="Count" Value="7" />
  </Section>
  <Section Name="Command0">
   <Option Name="Key1.KeyState" Value="1835009" />
   <Option Name="Key1.KeyCode" Value="13" />
   <Option Name="Key1.Ctrl" Value="False" />
   <Option Name="Key1.Shift" Value="False" />
   <Option Name="Key1.Alt" Value="False" />
   <Option Name="Key1.RightSide" Value="False" />
   <Option Name="Key1.Extended" Value="False" />
   <Option Name="Key2.KeyState" Value="0" />
   <Option Name="Key2.KeyCode" Value="0" />
   <Option Name="Key2.Ctrl" Value="False" />
   <Option Name="Key2.Shift" Value="False" />
   <Option Name="Key2.Alt" Value="False" />
   <Option Name="Key2.RightSide" Value="False" />
   <Option Name="Key2.Extended" Value="False" />
   <Option Name="Command" Value="FieldAccept" />
   <Option Name="Comments" Value="" />
   <Option Name="Parameters" Value="" />
   <Option Name="SendKeyToIDE" Value="False" />
   <Option Name="Binding" Value="0" />
   <Option Name="MouseAction" Value="0" />
   <Option Name="ShiftKeyDown" Value="False" />
   <Option Name="CtrlKeyDown" Value="False" />
   <Option Name="AltKeyDown" Value="False" />
   <Option Name="Enabled" Value="True" />
   <Option Name="ContextSelected_Count" Value="2" />
   <Option Name="ContextSelected_0" Value="Focus\Documents\Source\Code Editor" />
   <Option Name="ContextSelected_1" Value="System\In TextField" />
   <Option Name="ContextExcluded_Count" Value="5" />
   <Option Name="ContextExcluded_0" Value="System\IME Composition Active" />
   <Option Name="ContextExcluded_1" Value="System\In Linked Identifier" />
   <Option Name="ContextExcluded_2" Value="System\Intellassist Active" />
   <Option Name="ContextExcluded_3" Value="System\Intellisense Active" />
   <Option Name="ContextExcluded_4" Value="System\Menu Active" />
   <Option Name="Selected" Value="False" />
  </Section>
  <Section Name="Command1">
   <Option Name="Key1.KeyState" Value="983041" />
   <Option Name="Key1.KeyCode" Value="9" />
   <Option Name="Key1.Ctrl" Value="False" />
   <Option Name="Key1.Shift" Value="False" />
   <Option Name="Key1.Alt" Value="False" />
   <Option Name="Key1.RightSide" Value="False" />
   <Option Name="Key1.Extended" Value="False" />
   <Option Name="Key2.KeyState" Value="0" />
   <Option Name="Key2.KeyCode" Value="0" />
   <Option Name="Key2.Ctrl" Value="False" />
   <Option Name="Key2.Shift" Value="False" />
   <Option Name="Key2.Alt" Value="False" />
   <Option Name="Key2.RightSide" Value="False" />
   <Option Name="Key2.Extended" Value="False" />
   <Option Name="Command" Value="FieldNext" />
   <Option Name="Comments" Value="" />
   <Option Name="Parameters" Value="" />
   <Option Name="SendKeyToIDE" Value="False" />
   <Option Name="Binding" Value="0" />
   <Option Name="MouseAction" Value="0" />
   <Option Name="ShiftKeyDown" Value="False" />
   <Option Name="CtrlKeyDown" Value="False" />
   <Option Name="AltKeyDown" Value="False" />
   <Option Name="Enabled" Value="True" />
   <Option Name="ContextSelected_Count" Value="2" />
   <Option Name="ContextSelected_0" Value="Focus\Documents\Source\Code Editor" />
   <Option Name="ContextSelected_1" Value="System\Can Activate Next Field" />
   <Option Name="ContextExcluded_Count" Value="4" />
   <Option Name="ContextExcluded_0" Value="System\Incremental Search Active" />
   <Option Name="ContextExcluded_1" Value="System\Intellassist Active" />
   <Option Name="ContextExcluded_2" Value="System\Intellisense Active" />
   <Option Name="ContextExcluded_3" Value="System\Picker Is Active" />
   <Option Name="Selected" Value="False" />
  </Section>
  <Section Name="Command2">
   <Option Name="Key1.KeyState" Value="983041" />
   <Option Name="Key1.KeyCode" Value="9" />
   <Option Name="Key1.Ctrl" Value="False" />
   <Option Name="Key1.Shift" Value="True" />
   <Option Name="Key1.Alt" Value="False" />
   <Option Name="Key1.RightSide" Value="False" />
   <Option Name="Key1.Extended" Value="False" />
   <Option Name="Key2.KeyState" Value="0" />
   <Option Name="Key2.KeyCode" Value="0" />
   <Option Name="Key2.Ctrl" Value="False" />
   <Option Name="Key2.Shift" Value="False" />
   <Option Name="Key2.Alt" Value="False" />
   <Option Name="Key2.RightSide" Value="False" />
   <Option Name="Key2.Extended" Value="False" />
   <Option Name="Command" Value="FieldPrevious" />
   <Option Name="Comments" Value="" />
   <Option Name="Parameters" Value="" />
   <Option Name="SendKeyToIDE" Value="False" />
   <Option Name="Binding" Value="0" />
   <Option Name="MouseAction" Value="0" />
   <Option Name="ShiftKeyDown" Value="False" />
   <Option Name="CtrlKeyDown" Value="False" />
   <Option Name="AltKeyDown" Value="False" />
   <Option Name="Enabled" Value="True" />
   <Option Name="ContextSelected_Count" Value="2" />
   <Option Name="ContextSelected_0" Value="Focus\Documents\Source\Code Editor" />
   <Option Name="ContextSelected_1" Value="System\Can Activate Next Field" />
   <Option Name="ContextExcluded_Count" Value="4" />
   <Option Name="ContextExcluded_0" Value="System\Incremental Search Active" />
   <Option Name="ContextExcluded_1" Value="System\Intellassist Active" />
   <Option Name="ContextExcluded_2" Value="System\Intellisense Active" />
   <Option Name="ContextExcluded_3" Value="System\Picker Is Active" />
   <Option Name="Selected" Value="False" />
  </Section>
  <Section Name="Command3">
   <Option Name="Key1.KeyState" Value="1835009" />
   <Option Name="Key1.KeyCode" Value="13" />
   <Option Name="Key1.Ctrl" Value="True" />
   <Option Name="Key1.Shift" Value="True" />
   <Option Name="Key1.Alt" Value="False" />
   <Option Name="Key1.RightSide" Value="False" />
   <Option Name="Key1.Extended" Value="False" />
   <Option Name="Key2.KeyState" Value="0" />
   <Option Name="Key2.KeyCode" Value="0" />
   <Option Name="Key2.Ctrl" Value="False" />
   <Option Name="Key2.Shift" Value="False" />
   <Option Name="Key2.Alt" Value="False" />
   <Option Name="Key2.RightSide" Value="False" />
   <Option Name="Key2.Extended" Value="False" />
   <Option Name="Command" Value="FieldAcceptAll" />
   <Option Name="Comments" Value="" />
   <Option Name="Parameters" Value="" />
   <Option Name="SendKeyToIDE" Value="False" />
   <Option Name="Binding" Value="0" />
   <Option Name="MouseAction" Value="0" />
   <Option Name="ShiftKeyDown" Value="False" />
   <Option Name="CtrlKeyDown" Value="False" />
   <Option Name="AltKeyDown" Value="False" />
   <Option Name="Enabled" Value="True" />
   <Option Name="ContextSelected_Count" Value="2" />
   <Option Name="ContextSelected_0" Value="Focus\Documents\Source\Code Editor" />
   <Option Name="ContextSelected_1" Value="System\In TextField" />
   <Option Name="ContextExcluded_Count" Value="0" />
   <Option Name="Selected" Value="False" />
  </Section>
  <Section Name="Command4">
   <Option Name="Key1.KeyState" Value="65537" />
   <Option Name="Key1.KeyCode" Value="27" />
   <Option Name="Key1.Ctrl" Value="False" />
   <Option Name="Key1.Shift" Value="False" />
   <Option Name="Key1.Alt" Value="False" />
   <Option Name="Key1.RightSide" Value="False" />
   <Option Name="Key1.Extended" Value="False" />
   <Option Name="Key2.KeyState" Value="0" />
   <Option Name="Key2.KeyCode" Value="0" />
   <Option Name="Key2.Ctrl" Value="False" />
   <Option Name="Key2.Shift" Value="False" />
   <Option Name="Key2.Alt" Value="False" />
   <Option Name="Key2.RightSide" Value="False" />
   <Option Name="Key2.Extended" Value="False" />
   <Option Name="Command" Value="FieldEscape" />
   <Option Name="Comments" Value="" />
   <Option Name="Parameters" Value="" />
   <Option Name="SendKeyToIDE" Value="False" />
   <Option Name="Binding" Value="0" />
   <Option Name="MouseAction" Value="0" />
   <Option Name="ShiftKeyDown" Value="False" />
   <Option Name="CtrlKeyDown" Value="False" />
   <Option Name="AltKeyDown" Value="False" />
   <Option Name="Enabled" Value="True" />
   <Option Name="ContextSelected_Count" Value="2" />
   <Option Name="ContextSelected_0" Value="Focus\Documents\Source\Code Editor" />
   <Option Name="ContextSelected_1" Value="System\In TextField" />
   <Option Name="ContextExcluded_Count" Value="6" />
   <Option Name="ContextExcluded_0" Value="System\Intellassist Active" />
   <Option Name="ContextExcluded_1" Value="System\Intellisense Active" />
   <Option Name="ContextExcluded_2" Value="System\Menu Active" />
   <Option Name="ContextExcluded_3" Value="System\Picker Is Active" />
   <Option Name="ContextExcluded_4" Value="System\Text Replacer Is Active" />
   <Option Name="ContextExcluded_5" Value="System\Tip Window Active" />
   <Option Name="Selected" Value="False" />
  </Section>
  <Section Name="Command5">
   <Option Name="Key1.KeyState" Value="1835009" />
   <Option Name="Key1.KeyCode" Value="13" />
   <Option Name="Key1.Ctrl" Value="False" />
   <Option Name="Key1.Shift" Value="True" />
   <Option Name="Key1.Alt" Value="False" />
   <Option Name="Key1.RightSide" Value="False" />
   <Option Name="Key1.Extended" Value="False" />
   <Option Name="Key2.KeyState" Value="0" />
   <Option Name="Key2.KeyCode" Value="0" />
   <Option Name="Key2.Ctrl" Value="False" />
   <Option Name="Key2.Shift" Value="False" />
   <Option Name="Key2.Alt" Value="False" />
   <Option Name="Key2.RightSide" Value="False" />
   <Option Name="Key2.Extended" Value="False" />
   <Option Name="Command" Value="FieldBreak" />
   <Option Name="Comments" Value="" />
   <Option Name="Parameters" Value="" />
   <Option Name="SendKeyToIDE" Value="False" />
   <Option Name="Binding" Value="0" />
   <Option Name="MouseAction" Value="0" />
   <Option Name="ShiftKeyDown" Value="False" />
   <Option Name="CtrlKeyDown" Value="False" />
   <Option Name="AltKeyDown" Value="False" />
   <Option Name="Enabled" Value="True" />
   <Option Name="ContextSelected_Count" Value="2" />
   <Option Name="ContextSelected_0" Value="Focus\Documents\Source\Code Editor" />
   <Option Name="ContextSelected_1" Value="System\In TextField" />
   <Option Name="ContextExcluded_Count" Value="3" />
   <Option Name="ContextExcluded_0" Value="System\Intellassist Active" />
   <Option Name="ContextExcluded_1" Value="System\Intellisense Active" />
   <Option Name="ContextExcluded_2" Value="System\Menu Active" />
   <Option Name="Selected" Value="False" />
  </Section>
  <Section Name="Command6">
   <Option Name="Key1.KeyState" Value="18612225" />
   <Option Name="Key1.KeyCode" Value="13" />
   <Option Name="Key1.Ctrl" Value="False" />
   <Option Name="Key1.Shift" Value="False" />
   <Option Name="Key1.Alt" Value="False" />
   <Option Name="Key1.RightSide" Value="False" />
   <Option Name="Key1.Extended" Value="True" />
   <Option Name="Key2.KeyState" Value="0" />
   <Option Name="Key2.KeyCode" Value="0" />
   <Option Name="Key2.Ctrl" Value="False" />
   <Option Name="Key2.Shift" Value="False" />
   <Option Name="Key2.Alt" Value="False" />
   <Option Name="Key2.RightSide" Value="False" />
   <Option Name="Key2.Extended" Value="False" />
   <Option Name="Command" Value="FieldAccept" />
   <Option Name="Comments" Value="" />
   <Option Name="Parameters" Value="" />
   <Option Name="SendKeyToIDE" Value="False" />
   <Option Name="Binding" Value="0" />
   <Option Name="MouseAction" Value="0" />
   <Option Name="ShiftKeyDown" Value="False" />
   <Option Name="CtrlKeyDown" Value="False" />
   <Option Name="AltKeyDown" Value="False" />
   <Option Name="Enabled" Value="True" />
   <Option Name="ContextSelected_Count" Value="2" />
   <Option Name="ContextSelected_0" Value="Focus\Documents\Source\Code Editor" />
   <Option Name="ContextSelected_1" Value="System\In TextField" />
   <Option Name="ContextExcluded_Count" Value="5" />
   <Option Name="ContextExcluded_0" Value="System\IME Composition Active" />
   <Option Name="ContextExcluded_1" Value="System\In Linked Identifier" />
   <Option Name="ContextExcluded_2" Value="System\Intellassist Active" />
   <Option Name="ContextExcluded_3" Value="System\Intellisense Active" />
   <Option Name="ContextExcluded_4" Value="System\Menu Active" />
   <Option Name="Selected" Value="False" />
  </Section>
 </Language>
</Page>