﻿<!--This is a DXCore settings file-->
<Page Name="Shortcuts_Navigation_Structure">
 <Language Name="*Neutral*">
  <Section Name="FolderInfo">
   <Option Name="Enabled" Value="True" />
   <Option Name="Description" Value="" />
   <Option Name="FolderState" Value="Collapsed" />
  </Section>
  <Section Name="Header">
   <Option Name="Count" Value="6" />
  </Section>
  <Section Name="Command0">
   <Option Name="Key1.KeyState" Value="558891009" />
   <Option Name="Key1.KeyCode" Value="40" />
   <Option Name="Key1.Ctrl" Value="True" />
   <Option Name="Key1.Shift" Value="False" />
   <Option Name="Key1.Alt" Value="True" />
   <Option Name="Key1.RightSide" Value="False" />
   <Option Name="Key1.Extended" Value="True" />
   <Option Name="Key2.KeyState" Value="0" />
   <Option Name="Key2.KeyCode" Value="0" />
   <Option Name="Key2.Ctrl" Value="False" />
   <Option Name="Key2.Shift" Value="False" />
   <Option Name="Key2.Alt" Value="False" />
   <Option Name="Key2.RightSide" Value="False" />
   <Option Name="Key2.Extended" Value="False" />
   <Option Name="Command" Value="NavFirstChild" />
   <Option Name="Comments" Value="" />
   <Option Name="Parameters" Value="" />
   <Option Name="SendKeyToIDE" Value="False" />
   <Option Name="Binding" Value="0" />
   <Option Name="MouseAction" Value="0" />
   <Option Name="ShiftKeyDown" Value="False" />
   <Option Name="CtrlKeyDown" Value="False" />
   <Option Name="AltKeyDown" Value="False" />
   <Option Name="Enabled" Value="True" />
   <Option Name="ContextSelected_Count" Value="1" />
   <Option Name="ContextSelected_0" Value="Focus\Documents\Source\Code Editor" />
   <Option Name="ContextExcluded_Count" Value="0" />
   <Option Name="Selected" Value="False" />
  </Section>
  <Section Name="Command1">
   <Option Name="Key1.KeyState" Value="558366721" />
   <Option Name="Key1.KeyCode" Value="38" />
   <Option Name="Key1.Ctrl" Value="True" />
   <Option Name="Key1.Shift" Value="False" />
   <Option Name="Key1.Alt" Value="True" />
   <Option Name="Key1.RightSide" Value="False" />
   <Option Name="Key1.Extended" Value="True" />
   <Option Name="Key2.KeyState" Value="0" />
   <Option Name="Key2.KeyCode" Value="0" />
   <Option Name="Key2.Ctrl" Value="False" />
   <Option Name="Key2.Shift" Value="False" />
   <Option Name="Key2.Alt" Value="False" />
   <Option Name="Key2.RightSide" Value="False" />
   <Option Name="Key2.Extended" Value="False" />
   <Option Name="Command" Value="NavParent" />
   <Option Name="Comments" Value="" />
   <Option Name="Parameters" Value="" />
   <Option Name="SendKeyToIDE" Value="False" />
   <Option Name="Binding" Value="0" />
   <Option Name="MouseAction" Value="0" />
   <Option Name="ShiftKeyDown" Value="False" />
   <Option Name="CtrlKeyDown" Value="False" />
   <Option Name="AltKeyDown" Value="False" />
   <Option Name="Enabled" Value="True" />
   <Option Name="ContextSelected_Count" Value="1" />
   <Option Name="ContextSelected_0" Value="Focus\Documents\Source\Code Editor" />
   <Option Name="ContextExcluded_Count" Value="0" />
   <Option Name="Selected" Value="False" />
  </Section>
  <Section Name="Command2">
   <Option Name="Key1.KeyState" Value="537853953" />
   <Option Name="Key1.KeyCode" Value="9" />
   <Option Name="Key1.Ctrl" Value="True" />
   <Option Name="Key1.Shift" Value="False" />
   <Option Name="Key1.Alt" Value="True" />
   <Option Name="Key1.RightSide" Value="False" />
   <Option Name="Key1.Extended" Value="False" />
   <Option Name="Key2.KeyState" Value="0" />
   <Option Name="Key2.KeyCode" Value="0" />
   <Option Name="Key2.Ctrl" Value="False" />
   <Option Name="Key2.Shift" Value="False" />
   <Option Name="Key2.Alt" Value="False" />
   <Option Name="Key2.RightSide" Value="False" />
   <Option Name="Key2.Extended" Value="False" />
   <Option Name="Command" Value="ExpressionFocusNext" />
   <Option Name="Comments" Value="" />
   <Option Name="Parameters" Value="" />
   <Option Name="SendKeyToIDE" Value="False" />
   <Option Name="Binding" Value="0" />
   <Option Name="MouseAction" Value="0" />
   <Option Name="ShiftKeyDown" Value="False" />
   <Option Name="CtrlKeyDown" Value="False" />
   <Option Name="AltKeyDown" Value="False" />
   <Option Name="Enabled" Value="True" />
   <Option Name="ContextSelected_Count" Value="3" />
   <Option Name="ContextSelected_0" Value="Editor\Selection\ExpressionFocus Available" />
   <Option Name="ContextSelected_1" Value="Focus\Documents\Source\Code Editor" />
   <Option Name="ContextSelected_2" Value="Language\Active Language Supported" />
   <Option Name="ContextExcluded_Count" Value="9" />
   <Option Name="ContextExcluded_0" Value="System\In Linked Identifier" />
   <Option Name="ContextExcluded_1" Value="System\In Nav Field" />
   <Option Name="ContextExcluded_2" Value="System\In Nav Link" />
   <Option Name="ContextExcluded_3" Value="System\In TextField" />
   <Option Name="ContextExcluded_4" Value="System\Intellassist Active" />
   <Option Name="ContextExcluded_5" Value="System\Intellisense Active" />
   <Option Name="ContextExcluded_6" Value="System\Menu Active" />
   <Option Name="ContextExcluded_7" Value="System\Text Replacer Is Active" />
   <Option Name="ContextExcluded_8" Value="System\Tip Window Active" />
   <Option Name="Selected" Value="False" />
  </Section>
  <Section Name="Command3">
   <Option Name="Key1.KeyState" Value="537853953" />
   <Option Name="Key1.KeyCode" Value="9" />
   <Option Name="Key1.Ctrl" Value="True" />
   <Option Name="Key1.Shift" Value="True" />
   <Option Name="Key1.Alt" Value="True" />
   <Option Name="Key1.RightSide" Value="False" />
   <Option Name="Key1.Extended" Value="False" />
   <Option Name="Key2.KeyState" Value="0" />
   <Option Name="Key2.KeyCode" Value="0" />
   <Option Name="Key2.Ctrl" Value="False" />
   <Option Name="Key2.Shift" Value="False" />
   <Option Name="Key2.Alt" Value="False" />
   <Option Name="Key2.RightSide" Value="False" />
   <Option Name="Key2.Extended" Value="False" />
   <Option Name="Command" Value="ExpressionFocusPrev" />
   <Option Name="Comments" Value="" />
   <Option Name="Parameters" Value="" />
   <Option Name="SendKeyToIDE" Value="False" />
   <Option Name="Binding" Value="0" />
   <Option Name="MouseAction" Value="0" />
   <Option Name="ShiftKeyDown" Value="False" />
   <Option Name="CtrlKeyDown" Value="False" />
   <Option Name="AltKeyDown" Value="False" />
   <Option Name="Enabled" Value="True" />
   <Option Name="ContextSelected_Count" Value="4" />
   <Option Name="ContextSelected_0" Value="Editor\Line\After First Char" />
   <Option Name="ContextSelected_1" Value="Editor\Selection\ExpressionFocus Available" />
   <Option Name="ContextSelected_2" Value="Focus\Documents\Source\Code Editor" />
   <Option Name="ContextSelected_3" Value="Language\Active Language Supported" />
   <Option Name="ContextExcluded_Count" Value="10" />
   <Option Name="ContextExcluded_0" Value="Editor\Line\AtEndOfLine" />
   <Option Name="ContextExcluded_1" Value="System\In Linked Identifier" />
   <Option Name="ContextExcluded_2" Value="System\In Nav Field" />
   <Option Name="ContextExcluded_3" Value="System\In Nav Link" />
   <Option Name="ContextExcluded_4" Value="System\In TextField" />
   <Option Name="ContextExcluded_5" Value="System\Intellassist Active" />
   <Option Name="ContextExcluded_6" Value="System\Intellisense Active" />
   <Option Name="ContextExcluded_7" Value="System\Menu Active" />
   <Option Name="ContextExcluded_8" Value="System\Text Replacer Is Active" />
   <Option Name="ContextExcluded_9" Value="System\Tip Window Active" />
   <Option Name="Selected" Value="False" />
  </Section>
  <Section Name="Command4">
   <Option Name="Key1.KeyState" Value="983041" />
   <Option Name="Key1.KeyCode" Value="9" />
   <Option Name="Key1.Ctrl" Value="False" />
   <Option Name="Key1.Shift" Value="False" />
   <Option Name="Key1.Alt" Value="False" />
   <Option Name="Key1.RightSide" Value="False" />
   <Option Name="Key1.Extended" Value="False" />
   <Option Name="Key2.KeyState" Value="0" />
   <Option Name="Key2.KeyCode" Value="0" />
   <Option Name="Key2.Ctrl" Value="False" />
   <Option Name="Key2.Shift" Value="False" />
   <Option Name="Key2.Alt" Value="False" />
   <Option Name="Key2.RightSide" Value="False" />
   <Option Name="Key2.Extended" Value="False" />
   <Option Name="Command" Value="ExpressionFocusNext" />
   <Option Name="Comments" Value="" />
   <Option Name="Parameters" Value="" />
   <Option Name="SendKeyToIDE" Value="False" />
   <Option Name="Binding" Value="0" />
   <Option Name="MouseAction" Value="0" />
   <Option Name="ShiftKeyDown" Value="False" />
   <Option Name="CtrlKeyDown" Value="False" />
   <Option Name="AltKeyDown" Value="False" />
   <Option Name="Enabled" Value="True" />
   <Option Name="ContextSelected_Count" Value="4" />
   <Option Name="ContextSelected_0" Value="Editor\Code\InXmlDocComment" />
   <Option Name="ContextSelected_1" Value="Editor\Selection\ExpressionFocus Available" />
   <Option Name="ContextSelected_2" Value="Focus\Documents\Source\Code Editor" />
   <Option Name="ContextSelected_3" Value="Language\Active Language Supported" />
   <Option Name="ContextExcluded_Count" Value="9" />
   <Option Name="ContextExcluded_0" Value="System\In Linked Identifier" />
   <Option Name="ContextExcluded_1" Value="System\In Nav Field" />
   <Option Name="ContextExcluded_2" Value="System\In Nav Link" />
   <Option Name="ContextExcluded_3" Value="System\In TextField" />
   <Option Name="ContextExcluded_4" Value="System\Intellassist Active" />
   <Option Name="ContextExcluded_5" Value="System\Intellisense Active" />
   <Option Name="ContextExcluded_6" Value="System\Menu Active" />
   <Option Name="ContextExcluded_7" Value="System\Text Replacer Is Active" />
   <Option Name="ContextExcluded_8" Value="System\Tip Window Active" />
   <Option Name="Selected" Value="False" />
  </Section>
  <Section Name="Command5">
   <Option Name="Key1.KeyState" Value="983041" />
   <Option Name="Key1.KeyCode" Value="9" />
   <Option Name="Key1.Ctrl" Value="False" />
   <Option Name="Key1.Shift" Value="True" />
   <Option Name="Key1.Alt" Value="False" />
   <Option Name="Key1.RightSide" Value="False" />
   <Option Name="Key1.Extended" Value="False" />
   <Option Name="Key2.KeyState" Value="0" />
   <Option Name="Key2.KeyCode" Value="0" />
   <Option Name="Key2.Ctrl" Value="False" />
   <Option Name="Key2.Shift" Value="False" />
   <Option Name="Key2.Alt" Value="False" />
   <Option Name="Key2.RightSide" Value="False" />
   <Option Name="Key2.Extended" Value="False" />
   <Option Name="Command" Value="ExpressionFocusPrev" />
   <Option Name="Comments" Value="" />
   <Option Name="Parameters" Value="" />
   <Option Name="SendKeyToIDE" Value="False" />
   <Option Name="Binding" Value="0" />
   <Option Name="MouseAction" Value="0" />
   <Option Name="ShiftKeyDown" Value="False" />
   <Option Name="CtrlKeyDown" Value="False" />
   <Option Name="AltKeyDown" Value="False" />
   <Option Name="Enabled" Value="True" />
   <Option Name="ContextSelected_Count" Value="5" />
   <Option Name="ContextSelected_0" Value="Editor\Code\InXmlDocComment" />
   <Option Name="ContextSelected_1" Value="Editor\Line\After First Char" />
   <Option Name="ContextSelected_2" Value="Editor\Selection\ExpressionFocus Available" />
   <Option Name="ContextSelected_3" Value="Focus\Documents\Source\Code Editor" />
   <Option Name="ContextSelected_4" Value="Language\Active Language Supported" />
   <Option Name="ContextExcluded_Count" Value="10" />
   <Option Name="ContextExcluded_0" Value="Editor\Line\AtEndOfLine" />
   <Option Name="ContextExcluded_1" Value="System\In Linked Identifier" />
   <Option Name="ContextExcluded_2" Value="System\In Nav Field" />
   <Option Name="ContextExcluded_3" Value="System\In Nav Link" />
   <Option Name="ContextExcluded_4" Value="System\In TextField" />
   <Option Name="ContextExcluded_5" Value="System\Intellassist Active" />
   <Option Name="ContextExcluded_6" Value="System\Intellisense Active" />
   <Option Name="ContextExcluded_7" Value="System\Menu Active" />
   <Option Name="ContextExcluded_8" Value="System\Text Replacer Is Active" />
   <Option Name="ContextExcluded_9" Value="System\Tip Window Active" />
   <Option Name="Selected" Value="False" />
  </Section>
 </Language>
</Page>