﻿<!--This is a DXCore settings file-->
<Page Name="Shortcuts_Selection_Embedding_HTML">
 <Language Name="*Neutral*">
  <Section Name="FolderInfo">
   <Option Name="Enabled" Value="True" />
   <Option Name="Description" Value="" />
   <Option Name="FolderState" Value="Expanded" />
  </Section>
  <Section Name="Header">
   <Option Name="Count" Value="11" />
  </Section>
  <Section Name="Command0">
   <Option Name="Key1.KeyState" Value="3145729" />
   <Option Name="Key1.KeyCode" Value="66" />
   <Option Name="Key1.Ctrl" Value="True" />
   <Option Name="Key1.Shift" Value="False" />
   <Option Name="Key1.Alt" Value="False" />
   <Option Name="Key1.RightSide" Value="False" />
   <Option Name="Key1.Extended" Value="False" />
   <Option Name="Key2.KeyState" Value="0" />
   <Option Name="Key2.KeyCode" Value="0" />
   <Option Name="Key2.Ctrl" Value="False" />
   <Option Name="Key2.Shift" Value="False" />
   <Option Name="Key2.Alt" Value="False" />
   <Option Name="Key2.RightSide" Value="False" />
   <Option Name="Key2.Extended" Value="False" />
   <Option Name="Command" Value="Embed" />
   <Option Name="Comments" Value="" />
   <Option Name="Parameters" Value="Strong" />
   <Option Name="SendKeyToIDE" Value="False" />
   <Option Name="Binding" Value="0" />
   <Option Name="MouseAction" Value="0" />
   <Option Name="ShiftKeyDown" Value="False" />
   <Option Name="CtrlKeyDown" Value="False" />
   <Option Name="AltKeyDown" Value="False" />
   <Option Name="Enabled" Value="True" />
   <Option Name="ContextSelected_Count" Value="6" />
   <Option Name="ContextSelected_0" Value="Editor\Selection\Any Selection\Line Fragment" />
   <Option Name="ContextSelected_1" Value="Editor\Selection\Any Selection\Multiple Lines" />
   <Option Name="ContextSelected_2" Value="Editor\Selection\Any Selection\Whole Line" />
   <Option Name="ContextSelected_3" Value="Editor\XML\InSection(body)" />
   <Option Name="ContextSelected_4" Value="Focus\Documents\HTML\HTML View" />
   <Option Name="ContextSelected_5" Value="Focus\Documents\Source\Code Editor" />
   <Option Name="ContextExcluded_Count" Value="1" />
   <Option Name="ContextExcluded_0" Value="System\Picker Is Active" />
   <Option Name="Selected" Value="False" />
  </Section>
  <Section Name="Command1">
   <Option Name="Key1.KeyState" Value="1507329" />
   <Option Name="Key1.KeyCode" Value="73" />
   <Option Name="Key1.Ctrl" Value="True" />
   <Option Name="Key1.Shift" Value="False" />
   <Option Name="Key1.Alt" Value="False" />
   <Option Name="Key1.RightSide" Value="False" />
   <Option Name="Key1.Extended" Value="False" />
   <Option Name="Key2.KeyState" Value="0" />
   <Option Name="Key2.KeyCode" Value="0" />
   <Option Name="Key2.Ctrl" Value="False" />
   <Option Name="Key2.Shift" Value="False" />
   <Option Name="Key2.Alt" Value="False" />
   <Option Name="Key2.RightSide" Value="False" />
   <Option Name="Key2.Extended" Value="False" />
   <Option Name="Command" Value="Embed" />
   <Option Name="Comments" Value="" />
   <Option Name="Parameters" Value="Italic" />
   <Option Name="SendKeyToIDE" Value="False" />
   <Option Name="Binding" Value="0" />
   <Option Name="MouseAction" Value="0" />
   <Option Name="ShiftKeyDown" Value="False" />
   <Option Name="CtrlKeyDown" Value="False" />
   <Option Name="AltKeyDown" Value="False" />
   <Option Name="Enabled" Value="True" />
   <Option Name="ContextSelected_Count" Value="6" />
   <Option Name="ContextSelected_0" Value="Editor\Selection\Any Selection\Line Fragment" />
   <Option Name="ContextSelected_1" Value="Editor\Selection\Any Selection\Multiple Lines" />
   <Option Name="ContextSelected_2" Value="Editor\Selection\Any Selection\Whole Line" />
   <Option Name="ContextSelected_3" Value="Editor\XML\InSection(body)" />
   <Option Name="ContextSelected_4" Value="Focus\Documents\HTML\HTML View" />
   <Option Name="ContextSelected_5" Value="Focus\Documents\Source\Code Editor" />
   <Option Name="ContextExcluded_Count" Value="1" />
   <Option Name="ContextExcluded_0" Value="System\Picker Is Active" />
   <Option Name="Selected" Value="False" />
  </Section>
  <Section Name="Command2">
   <Option Name="Key1.KeyState" Value="1441793" />
   <Option Name="Key1.KeyCode" Value="85" />
   <Option Name="Key1.Ctrl" Value="True" />
   <Option Name="Key1.Shift" Value="False" />
   <Option Name="Key1.Alt" Value="False" />
   <Option Name="Key1.RightSide" Value="False" />
   <Option Name="Key1.Extended" Value="False" />
   <Option Name="Key2.KeyState" Value="0" />
   <Option Name="Key2.KeyCode" Value="0" />
   <Option Name="Key2.Ctrl" Value="False" />
   <Option Name="Key2.Shift" Value="False" />
   <Option Name="Key2.Alt" Value="False" />
   <Option Name="Key2.RightSide" Value="False" />
   <Option Name="Key2.Extended" Value="False" />
   <Option Name="Command" Value="Embed" />
   <Option Name="Comments" Value="" />
   <Option Name="Parameters" Value="Underline" />
   <Option Name="SendKeyToIDE" Value="False" />
   <Option Name="Binding" Value="0" />
   <Option Name="MouseAction" Value="0" />
   <Option Name="ShiftKeyDown" Value="False" />
   <Option Name="CtrlKeyDown" Value="False" />
   <Option Name="AltKeyDown" Value="False" />
   <Option Name="Enabled" Value="True" />
   <Option Name="ContextSelected_Count" Value="6" />
   <Option Name="ContextSelected_0" Value="Editor\Selection\Any Selection\Line Fragment" />
   <Option Name="ContextSelected_1" Value="Editor\Selection\Any Selection\Multiple Lines" />
   <Option Name="ContextSelected_2" Value="Editor\Selection\Any Selection\Whole Line" />
   <Option Name="ContextSelected_3" Value="Editor\XML\InSection(body)" />
   <Option Name="ContextSelected_4" Value="Focus\Documents\HTML\HTML View" />
   <Option Name="ContextSelected_5" Value="Focus\Documents\Source\Code Editor" />
   <Option Name="ContextExcluded_Count" Value="1" />
   <Option Name="ContextExcluded_0" Value="System\Picker Is Active" />
   <Option Name="Selected" Value="False" />
  </Section>
  <Section Name="Command3">
   <Option Name="Key1.KeyState" Value="538836993" />
   <Option Name="Key1.KeyCode" Value="65" />
   <Option Name="Key1.Ctrl" Value="False" />
   <Option Name="Key1.Shift" Value="True" />
   <Option Name="Key1.Alt" Value="True" />
   <Option Name="Key1.RightSide" Value="False" />
   <Option Name="Key1.Extended" Value="False" />
   <Option Name="Key2.KeyState" Value="0" />
   <Option Name="Key2.KeyCode" Value="0" />
   <Option Name="Key2.Ctrl" Value="False" />
   <Option Name="Key2.Shift" Value="False" />
   <Option Name="Key2.Alt" Value="False" />
   <Option Name="Key2.RightSide" Value="False" />
   <Option Name="Key2.Extended" Value="False" />
   <Option Name="Command" Value="Embed" />
   <Option Name="Comments" Value="" />
   <Option Name="Parameters" Value="Anchor" />
   <Option Name="SendKeyToIDE" Value="False" />
   <Option Name="Binding" Value="0" />
   <Option Name="MouseAction" Value="0" />
   <Option Name="ShiftKeyDown" Value="False" />
   <Option Name="CtrlKeyDown" Value="False" />
   <Option Name="AltKeyDown" Value="False" />
   <Option Name="Enabled" Value="True" />
   <Option Name="ContextSelected_Count" Value="6" />
   <Option Name="ContextSelected_0" Value="Editor\Selection\Any Selection\Line Fragment" />
   <Option Name="ContextSelected_1" Value="Editor\Selection\Any Selection\Multiple Lines" />
   <Option Name="ContextSelected_2" Value="Editor\Selection\Any Selection\Whole Line" />
   <Option Name="ContextSelected_3" Value="Editor\XML\InSection(body)" />
   <Option Name="ContextSelected_4" Value="Focus\Documents\HTML\HTML View" />
   <Option Name="ContextSelected_5" Value="Focus\Documents\Source\Code Editor" />
   <Option Name="ContextExcluded_Count" Value="1" />
   <Option Name="ContextExcluded_0" Value="System\Picker Is Active" />
   <Option Name="Selected" Value="False" />
  </Section>
  <Section Name="Command4">
   <Option Name="Key1.KeyState" Value="1638401" />
   <Option Name="Key1.KeyCode" Value="80" />
   <Option Name="Key1.Ctrl" Value="False" />
   <Option Name="Key1.Shift" Value="False" />
   <Option Name="Key1.Alt" Value="False" />
   <Option Name="Key1.RightSide" Value="False" />
   <Option Name="Key1.Extended" Value="False" />
   <Option Name="Key2.KeyState" Value="0" />
   <Option Name="Key2.KeyCode" Value="0" />
   <Option Name="Key2.Ctrl" Value="False" />
   <Option Name="Key2.Shift" Value="False" />
   <Option Name="Key2.Alt" Value="False" />
   <Option Name="Key2.RightSide" Value="False" />
   <Option Name="Key2.Extended" Value="False" />
   <Option Name="Command" Value="Embed" />
   <Option Name="Comments" Value="" />
   <Option Name="Parameters" Value="Paragraph" />
   <Option Name="SendKeyToIDE" Value="False" />
   <Option Name="Binding" Value="0" />
   <Option Name="MouseAction" Value="0" />
   <Option Name="ShiftKeyDown" Value="False" />
   <Option Name="CtrlKeyDown" Value="False" />
   <Option Name="AltKeyDown" Value="False" />
   <Option Name="Enabled" Value="True" />
   <Option Name="ContextSelected_Count" Value="5" />
   <Option Name="ContextSelected_0" Value="Editor\Selection\Any Selection\Multiple Lines" />
   <Option Name="ContextSelected_1" Value="Editor\Selection\Any Selection\Whole Line" />
   <Option Name="ContextSelected_2" Value="Editor\XML\InSection(body)" />
   <Option Name="ContextSelected_3" Value="Focus\Documents\HTML\HTML View" />
   <Option Name="ContextSelected_4" Value="Focus\Documents\Source\Code Editor" />
   <Option Name="ContextExcluded_Count" Value="1" />
   <Option Name="ContextExcluded_0" Value="System\Picker Is Active" />
   <Option Name="Selected" Value="False" />
  </Section>
  <Section Name="Command5">
   <Option Name="Key1.KeyState" Value="2097153" />
   <Option Name="Key1.KeyCode" Value="68" />
   <Option Name="Key1.Ctrl" Value="False" />
   <Option Name="Key1.Shift" Value="False" />
   <Option Name="Key1.Alt" Value="False" />
   <Option Name="Key1.RightSide" Value="False" />
   <Option Name="Key1.Extended" Value="False" />
   <Option Name="Key2.KeyState" Value="0" />
   <Option Name="Key2.KeyCode" Value="0" />
   <Option Name="Key2.Ctrl" Value="False" />
   <Option Name="Key2.Shift" Value="False" />
   <Option Name="Key2.Alt" Value="False" />
   <Option Name="Key2.RightSide" Value="False" />
   <Option Name="Key2.Extended" Value="False" />
   <Option Name="Command" Value="Embed" />
   <Option Name="Comments" Value="" />
   <Option Name="Parameters" Value="Div" />
   <Option Name="SendKeyToIDE" Value="False" />
   <Option Name="Binding" Value="0" />
   <Option Name="MouseAction" Value="0" />
   <Option Name="ShiftKeyDown" Value="False" />
   <Option Name="CtrlKeyDown" Value="False" />
   <Option Name="AltKeyDown" Value="False" />
   <Option Name="Enabled" Value="True" />
   <Option Name="ContextSelected_Count" Value="5" />
   <Option Name="ContextSelected_0" Value="Editor\Selection\Any Selection\Multiple Lines" />
   <Option Name="ContextSelected_1" Value="Editor\Selection\Any Selection\Whole Line" />
   <Option Name="ContextSelected_2" Value="Editor\XML\InSection(body)" />
   <Option Name="ContextSelected_3" Value="Focus\Documents\HTML\HTML View" />
   <Option Name="ContextSelected_4" Value="Focus\Documents\Source\Code Editor" />
   <Option Name="ContextExcluded_Count" Value="1" />
   <Option Name="ContextExcluded_0" Value="System\Picker Is Active" />
   <Option Name="Selected" Value="False" />
  </Section>
  <Section Name="Command6">
   <Option Name="Key1.KeyState" Value="538509313" />
   <Option Name="Key1.KeyCode" Value="80" />
   <Option Name="Key1.Ctrl" Value="False" />
   <Option Name="Key1.Shift" Value="True" />
   <Option Name="Key1.Alt" Value="True" />
   <Option Name="Key1.RightSide" Value="False" />
   <Option Name="Key1.Extended" Value="False" />
   <Option Name="Key2.KeyState" Value="0" />
   <Option Name="Key2.KeyCode" Value="0" />
   <Option Name="Key2.Ctrl" Value="False" />
   <Option Name="Key2.Shift" Value="False" />
   <Option Name="Key2.Alt" Value="False" />
   <Option Name="Key2.RightSide" Value="False" />
   <Option Name="Key2.Extended" Value="False" />
   <Option Name="Command" Value="Embed" />
   <Option Name="Comments" Value="" />
   <Option Name="Parameters" Value="Paragraph" />
   <Option Name="SendKeyToIDE" Value="False" />
   <Option Name="Binding" Value="0" />
   <Option Name="MouseAction" Value="0" />
   <Option Name="ShiftKeyDown" Value="False" />
   <Option Name="CtrlKeyDown" Value="False" />
   <Option Name="AltKeyDown" Value="False" />
   <Option Name="Enabled" Value="True" />
   <Option Name="ContextSelected_Count" Value="6" />
   <Option Name="ContextSelected_0" Value="Editor\Selection\Any Selection\Line Fragment" />
   <Option Name="ContextSelected_1" Value="Editor\Selection\Any Selection\Multiple Lines" />
   <Option Name="ContextSelected_2" Value="Editor\Selection\Any Selection\Whole Line" />
   <Option Name="ContextSelected_3" Value="Editor\XML\InSection(body)" />
   <Option Name="ContextSelected_4" Value="Focus\Documents\HTML\HTML View" />
   <Option Name="ContextSelected_5" Value="Focus\Documents\Source\Code Editor" />
   <Option Name="ContextExcluded_Count" Value="1" />
   <Option Name="ContextExcluded_0" Value="System\Picker Is Active" />
   <Option Name="Selected" Value="False" />
  </Section>
  <Section Name="Command7">
   <Option Name="Key1.KeyState" Value="538968065" />
   <Option Name="Key1.KeyCode" Value="68" />
   <Option Name="Key1.Ctrl" Value="False" />
   <Option Name="Key1.Shift" Value="True" />
   <Option Name="Key1.Alt" Value="True" />
   <Option Name="Key1.RightSide" Value="False" />
   <Option Name="Key1.Extended" Value="False" />
   <Option Name="Key2.KeyState" Value="0" />
   <Option Name="Key2.KeyCode" Value="0" />
   <Option Name="Key2.Ctrl" Value="False" />
   <Option Name="Key2.Shift" Value="False" />
   <Option Name="Key2.Alt" Value="False" />
   <Option Name="Key2.RightSide" Value="False" />
   <Option Name="Key2.Extended" Value="False" />
   <Option Name="Command" Value="Embed" />
   <Option Name="Comments" Value="" />
   <Option Name="Parameters" Value="Div" />
   <Option Name="SendKeyToIDE" Value="False" />
   <Option Name="Binding" Value="0" />
   <Option Name="MouseAction" Value="0" />
   <Option Name="ShiftKeyDown" Value="False" />
   <Option Name="CtrlKeyDown" Value="False" />
   <Option Name="AltKeyDown" Value="False" />
   <Option Name="Enabled" Value="True" />
   <Option Name="ContextSelected_Count" Value="6" />
   <Option Name="ContextSelected_0" Value="Editor\Selection\Any Selection\Line Fragment" />
   <Option Name="ContextSelected_1" Value="Editor\Selection\Any Selection\Multiple Lines" />
   <Option Name="ContextSelected_2" Value="Editor\Selection\Any Selection\Whole Line" />
   <Option Name="ContextSelected_3" Value="Editor\XML\InSection(body)" />
   <Option Name="ContextSelected_4" Value="Focus\Documents\HTML\HTML View" />
   <Option Name="ContextSelected_5" Value="Focus\Documents\Source\Code Editor" />
   <Option Name="ContextExcluded_Count" Value="1" />
   <Option Name="ContextExcluded_0" Value="System\Picker Is Active" />
   <Option Name="Selected" Value="False" />
  </Section>
  <Section Name="Command8">
   <Option Name="Key1.KeyState" Value="538181633" />
   <Option Name="Key1.KeyCode" Value="84" />
   <Option Name="Key1.Ctrl" Value="False" />
   <Option Name="Key1.Shift" Value="True" />
   <Option Name="Key1.Alt" Value="True" />
   <Option Name="Key1.RightSide" Value="False" />
   <Option Name="Key1.Extended" Value="False" />
   <Option Name="Key2.KeyState" Value="0" />
   <Option Name="Key2.KeyCode" Value="0" />
   <Option Name="Key2.Ctrl" Value="False" />
   <Option Name="Key2.Shift" Value="False" />
   <Option Name="Key2.Alt" Value="False" />
   <Option Name="Key2.RightSide" Value="False" />
   <Option Name="Key2.Extended" Value="False" />
   <Option Name="Command" Value="Embed" />
   <Option Name="Comments" Value="" />
   <Option Name="Parameters" Value="Table" />
   <Option Name="SendKeyToIDE" Value="False" />
   <Option Name="Binding" Value="0" />
   <Option Name="MouseAction" Value="0" />
   <Option Name="ShiftKeyDown" Value="False" />
   <Option Name="CtrlKeyDown" Value="False" />
   <Option Name="AltKeyDown" Value="False" />
   <Option Name="Enabled" Value="True" />
   <Option Name="ContextSelected_Count" Value="6" />
   <Option Name="ContextSelected_0" Value="Editor\Selection\Any Selection\Line Fragment" />
   <Option Name="ContextSelected_1" Value="Editor\Selection\Any Selection\Multiple Lines" />
   <Option Name="ContextSelected_2" Value="Editor\Selection\Any Selection\Whole Line" />
   <Option Name="ContextSelected_3" Value="Editor\XML\InSection(body)" />
   <Option Name="ContextSelected_4" Value="Focus\Documents\HTML\HTML View" />
   <Option Name="ContextSelected_5" Value="Focus\Documents\Source\Code Editor" />
   <Option Name="ContextExcluded_Count" Value="1" />
   <Option Name="ContextExcluded_0" Value="System\Picker Is Active" />
   <Option Name="Selected" Value="False" />
  </Section>
  <Section Name="Command9">
   <Option Name="Key1.KeyState" Value="539361281" />
   <Option Name="Key1.KeyCode" Value="76" />
   <Option Name="Key1.Ctrl" Value="False" />
   <Option Name="Key1.Shift" Value="True" />
   <Option Name="Key1.Alt" Value="True" />
   <Option Name="Key1.RightSide" Value="False" />
   <Option Name="Key1.Extended" Value="False" />
   <Option Name="Key2.KeyState" Value="0" />
   <Option Name="Key2.KeyCode" Value="0" />
   <Option Name="Key2.Ctrl" Value="False" />
   <Option Name="Key2.Shift" Value="False" />
   <Option Name="Key2.Alt" Value="False" />
   <Option Name="Key2.RightSide" Value="False" />
   <Option Name="Key2.Extended" Value="False" />
   <Option Name="Command" Value="Embed" />
   <Option Name="Comments" Value="" />
   <Option Name="Parameters" Value="ListItem" />
   <Option Name="SendKeyToIDE" Value="False" />
   <Option Name="Binding" Value="0" />
   <Option Name="MouseAction" Value="0" />
   <Option Name="ShiftKeyDown" Value="False" />
   <Option Name="CtrlKeyDown" Value="False" />
   <Option Name="AltKeyDown" Value="False" />
   <Option Name="Enabled" Value="True" />
   <Option Name="ContextSelected_Count" Value="6" />
   <Option Name="ContextSelected_0" Value="Editor\Selection\Any Selection\Line Fragment" />
   <Option Name="ContextSelected_1" Value="Editor\Selection\Any Selection\Multiple Lines" />
   <Option Name="ContextSelected_2" Value="Editor\Selection\Any Selection\Whole Line" />
   <Option Name="ContextSelected_3" Value="Editor\XML\InSection(body)" />
   <Option Name="ContextSelected_4" Value="Focus\Documents\HTML\HTML View" />
   <Option Name="ContextSelected_5" Value="Focus\Documents\Source\Code Editor" />
   <Option Name="ContextExcluded_Count" Value="1" />
   <Option Name="ContextExcluded_0" Value="System\Picker Is Active" />
   <Option Name="Selected" Value="False" />
  </Section>
  <Section Name="Command10">
   <Option Name="Key1.KeyState" Value="2097153" />
   <Option Name="Key1.KeyCode" Value="68" />
   <Option Name="Key1.Ctrl" Value="False" />
   <Option Name="Key1.Shift" Value="False" />
   <Option Name="Key1.Alt" Value="False" />
   <Option Name="Key1.RightSide" Value="False" />
   <Option Name="Key1.Extended" Value="False" />
   <Option Name="Key2.KeyState" Value="0" />
   <Option Name="Key2.KeyCode" Value="0" />
   <Option Name="Key2.Ctrl" Value="False" />
   <Option Name="Key2.Shift" Value="False" />
   <Option Name="Key2.Alt" Value="False" />
   <Option Name="Key2.RightSide" Value="False" />
   <Option Name="Key2.Extended" Value="False" />
   <Option Name="Command" Value="Embed" />
   <Option Name="Comments" Value="" />
   <Option Name="Parameters" Value="Div" />
   <Option Name="SendKeyToIDE" Value="False" />
   <Option Name="Binding" Value="0" />
   <Option Name="MouseAction" Value="0" />
   <Option Name="ShiftKeyDown" Value="False" />
   <Option Name="CtrlKeyDown" Value="False" />
   <Option Name="AltKeyDown" Value="False" />
   <Option Name="Enabled" Value="True" />
   <Option Name="ContextSelected_Count" Value="5" />
   <Option Name="ContextSelected_0" Value="Editor\Selection\Any Selection\Multiple Lines" />
   <Option Name="ContextSelected_1" Value="Editor\Selection\Any Selection\Whole Line" />
   <Option Name="ContextSelected_2" Value="Editor\XML\InSection(asp:Content)" />
   <Option Name="ContextSelected_3" Value="Focus\Documents\HTML\HTML View" />
   <Option Name="ContextSelected_4" Value="Focus\Documents\Source\Code Editor" />
   <Option Name="ContextExcluded_Count" Value="1" />
   <Option Name="ContextExcluded_0" Value="System\Picker Is Active" />
   <Option Name="Selected" Value="False" />
  </Section>
 </Language>
</Page>