﻿<!--This is a DXCore settings file-->
<Page Name="Shortcuts_Navigation_CodeIssues">
 <Language Name="*Neutral*">
  <Section Name="FolderInfo">
   <Option Name="Enabled" Value="True" />
   <Option Name="Description" Value="" />
   <Option Name="FolderState" Value="Collapsed" />
  </Section>
  <Section Name="Header">
   <Option Name="Count" Value="2" />
  </Section>
  <Section Name="Command0">
   <Option Name="Key1.KeyState" Value="558956545" />
   <Option Name="Key1.KeyCode" Value="34" />
   <Option Name="Key1.Ctrl" Value="False" />
   <Option Name="Key1.Shift" Value="False" />
   <Option Name="Key1.Alt" Value="True" />
   <Option Name="Key1.RightSide" Value="False" />
   <Option Name="Key1.Extended" Value="True" />
   <Option Name="Key2.KeyState" Value="0" />
   <Option Name="Key2.KeyCode" Value="0" />
   <Option Name="Key2.Ctrl" Value="False" />
   <Option Name="Key2.Shift" Value="False" />
   <Option Name="Key2.Alt" Value="False" />
   <Option Name="Key2.RightSide" Value="False" />
   <Option Name="Key2.Extended" Value="False" />
   <Option Name="Command" Value="NextIssue" />
   <Option Name="Comments" Value="" />
   <Option Name="Parameters" Value="" />
   <Option Name="SendKeyToIDE" Value="False" />
   <Option Name="Binding" Value="0" />
   <Option Name="MouseAction" Value="0" />
   <Option Name="ShiftKeyDown" Value="False" />
   <Option Name="CtrlKeyDown" Value="False" />
   <Option Name="AltKeyDown" Value="False" />
   <Option Name="Enabled" Value="True" />
   <Option Name="ContextSelected_Count" Value="1" />
   <Option Name="ContextSelected_0" Value="Focus\Documents\Source\Code Editor" />
   <Option Name="ContextExcluded_Count" Value="0" />
   <Option Name="Selected" Value="False" />
  </Section>
  <Section Name="Command1">
   <Option Name="Key1.KeyState" Value="558432257" />
   <Option Name="Key1.KeyCode" Value="33" />
   <Option Name="Key1.Ctrl" Value="False" />
   <Option Name="Key1.Shift" Value="False" />
   <Option Name="Key1.Alt" Value="True" />
   <Option Name="Key1.RightSide" Value="False" />
   <Option Name="Key1.Extended" Value="True" />
   <Option Name="Key2.KeyState" Value="0" />
   <Option Name="Key2.KeyCode" Value="0" />
   <Option Name="Key2.Ctrl" Value="False" />
   <Option Name="Key2.Shift" Value="False" />
   <Option Name="Key2.Alt" Value="False" />
   <Option Name="Key2.RightSide" Value="False" />
   <Option Name="Key2.Extended" Value="False" />
   <Option Name="Command" Value="PreviousIssue" />
   <Option Name="Comments" Value="" />
   <Option Name="Parameters" Value="" />
   <Option Name="SendKeyToIDE" Value="False" />
   <Option Name="Binding" Value="0" />
   <Option Name="MouseAction" Value="0" />
   <Option Name="ShiftKeyDown" Value="False" />
   <Option Name="CtrlKeyDown" Value="False" />
   <Option Name="AltKeyDown" Value="False" />
   <Option Name="Enabled" Value="True" />
   <Option Name="ContextSelected_Count" Value="1" />
   <Option Name="ContextSelected_0" Value="Focus\Documents\Source\Code Editor" />
   <Option Name="ContextExcluded_Count" Value="0" />
   <Option Name="Selected" Value="False" />
  </Section>
 </Language>
</Page>