﻿<!--This is a DXCore settings file-->
<Page Name="Duplicate Code">
 <Language Name="*Neutral*">
  <Section Name="General">
   <Option Name="UseRealTimeAnalysis" Value="False" />
   <Option Name="AnalysisLevel" Value="Level4" />
   <Option Name="TimeSpan" Value="0" />
   <Option Name="TimeSpanEnabled" Value="False" />
   <Option Name="ChangedLinesCountChecking" Value="25" />
   <Option Name="ChangedLinesCountCheckingEnabled" Value="True" />
   <Option Name="AnalyzeOnSolutionOpen" Value="True" />
   <Option Name="AnalyzeOnFileAddRemove" Value="True" />
   <Option Name="AnalyzeOnProjectAddRemove" Value="True" />
  </Section>
 </Language>
</Page>