﻿<!--This is a DXCore settings file-->
<Page Name="OptionsDialog">
 <Language Name="*Neutral*">
  <Section Name="Position">
   <Option Name="ScreenHeight" Value="1440" />
   <Option Name="ScreenWidth" Value="2560" />
   <Option Name="SplitPos" Value="213" />
   <Option Name="WindowState" Value="0" />
   <Option Name="Top" Value="310" />
   <Option Name="Left" Value="337" />
   <Option Name="Width" Value="1096" />
   <Option Name="Height" Value="652" />
  </Section>
  <Section Name="Preferences">
   <Option Name="ShowHints" Value="False" />
   <Option Name="LastLanguage" Value="CSharp" />
   <Option Name="LastNonNeutralLanguageSelected" Value="Basic" />
   <Option Name="UserLevel" Value="Expert" />
   <Option Name="LastSelectedNode" Value="Hinting\Shortcut Hints" />
   <Option Name="PriorSelectedNode" Value="Hinting\Progress Visualization" />
  </Section>
 </Language>
</Page>