﻿<!--This is a DXCore settings file-->
<Page Name="ProviderComplexity">
 <Language Name="*Neutral*">
  <Section Name="TimeComplexity">
   <Option Name="Make Extension" Value="0.108916760985225" />
   <Option Name="Declare Constructor" Value="0.372535841076277" />
   <Option Name="Declare Enum Element" Value="0.216397705296431" />
   <Option Name="Declare Interface" Value="0.197970109360033" />
   <Option Name="Declare Property (auto-implemented)" Value="0.436216083046617" />
   <Option Name="Declare Local (implicit)" Value="0.579393974479929" />
   <Option Name="Declare Properties" Value="0.268031448255283" />
   <Option Name="Add to Interface" Value="0.149959110383544" />
   <Option Name="Create Method Stub" Value="0.106437328499734" />
   <Option Name="Rename" Value="0.152639236051392" />
   <Option Name="Boolean to Enum" Value="0.176631062475346" />
   <Option Name="Declare Struct" Value="0.109888640496921" />
   <Option Name="Declare Class with Properties" Value="0.153153398451238" />
   <Option Name="Declare Class" Value="0.23236755314113" />
   <Option Name="Convert to Procedure" Value="0.174303267105691" />
   <Option Name="Declare Delegate" Value="0.252055434838937" />
   <Option Name="Invert Selection" Value="0.390703012132849" />
   <Option Name="Extract Method to Type" Value="0.152781234114878" />
   <Option Name="Declare Setter" Value="0.277432189842972" />
   <Option Name="Add Contract" Value="0.122463214851037" />
   <Option Name="Assert Contract" Value="0.130976788006173" />
   <Option Name="Optimize Namespace References" Value="0.498708349942506" />
   <Option Name="Declare Field" Value="0.277808943655542" />
   <Option Name="Declare Getter" Value="0.17518567898096" />
   <Option Name="Seal Class" Value="0.120744337777114" />
   <Option Name="Use IsNullOrEmpty (cp)" Value="0.362091703452322" />
   <Option Name="Create Case Blocks from Enum" Value="0.166398758584809" />
   <Option Name="Convert to Integer" Value="0.230695005629411" />
   <Option Name="Declare Method (abstract)" Value="0.534071678136625" />
   <Option Name="Declare Property (with backing store)" Value="0.175849579681066" />
   <Option Name="Declare Local" Value="0.15187565477244" />
   <Option Name="Use Assertions" Value="0.142524886357756" />
   <Option Name="Remove Setter" Value="0.262630320343636" />
   <Option Name="Replace Temp with Query" Value="0.148020251535341" />
   <Option Name="Declare Method (Event Handler)" Value="0.286946421142865" />
   <Option Name="Convert to Initializer" Value="0.19571352507393" />
   <Option Name="Extract Method" Value="0.238937263670241" />
   <Option Name="Declare Enum" Value="0.185800307517746" />
   <Option Name="Add Setter" Value="0.214845154251597" />
   <Option Name="Declare Property" Value="0.281575210072617" />
   <Option Name="Reverse For Loop" Value="0.142139492681737" />
   <Option Name="Declare Field (read-only)" Value="0.123350313635117" />
   <Option Name="Declare Attribute" Value="0.154033436050434" />
   <Option Name="Declare Field with Initializer" Value="0.134640704039914" />
   <Option Name="Create Ancestor" Value="0.187061267907614" />
   <Option Name="Convert to Parallel" Value="0.177701452509731" />
   <Option Name="Add Initialization" Value="0.196904214471623" />
   <Option Name="Extract to XAML Template" Value="0.275406334933818" />
   <Option Name="Introduce Local (replace all)" Value="1.69508427615143" />
   <Option Name="Declare Event" Value="0.286821259224382" />
   <Option Name="Make Explicit" Value="0.12720366874609" />
   <Option Name="Conditional to Case" Value="0.101418022184211" />
   <Option Name="Remove Type Qualifier" Value="0.109975787842749" />
   <Option Name="Ensures Contract" Value="0.143936913451078" />
   <Option Name="Add Missing Constructors" Value="0.193436629303756" />
   <Option Name="Format Item" Value="0.114059812557154" />
   <Option Name="Extract Property" Value="0.154438920678789" />
   <Option Name="Consolidate duplicate code to:" Value="0.126106760359371" />
   <Option Name="Promote to Parameter" Value="0.133398985426986" />
   <Option Name="Promote to Parameter (optional)" Value="0.191278707516193" />
   <Option Name="Dispose Fields" Value="0.116846702422181" />
   <Option Name="Introduce Using Statement" Value="0.11968936224523" />
   <Option Name="Execute Statement Asynchronously (FromAsync)" Value="0.118038882170181" />
   <Option Name="Extract Interface" Value="0.138167565499507" />
   <Option Name="Exit Method" Value="0.114745399132714" />
   <Option Name="Guard.ArgumentNotNull" Value="0.356739142408881" />
  </Section>
 </Language>
</Page>