﻿<!--This is a DXCore settings file-->
<Page Name="Recent Files">
 <Language Name="*Neutral*">
  <Section Name="info">
   <Option Name="Count" Value="500" />
  </Section>
  <Section Name="datas">
   <Option Name="0" Value="C:\Temp\sandbox\AzureCustomerCache\CustomerCacheOData\AcsSwtValidator.cs&lt;1/12/2012 5:55:10 AM&gt;" />
   <Option Name="1" Value="C:\Temp\sandbox\AzureCustomerCache\CustomerCacheOData\CustomerCacheData.svc.cs&lt;1/12/2012 5:51:07 AM&gt;" />
   <Option Name="2" Value="C:\Temp\sandbox\AzureCustomerCache\CustomerCacheOData\Web.config&lt;1/12/2012 5:51:02 AM&gt;" />
   <Option Name="3" Value="C:\Temp\sandbox\AzureCustomerCache\Console_TestOData\Program.cs&lt;1/12/2012 5:48:05 AM&gt;" />
   <Option Name="4" Value="C:\Temp\sandbox\AzureCustomerCache\Console_TestAcsAuthentication\Program.cs&lt;1/12/2012 5:47:44 AM&gt;" />
   <Option Name="5" Value="C:\Temp\sandbox\AzureCustomerCache\WebApplication_ACSTest\FederationMetadata\2007-06\FederationMetadata.xml&lt;1/12/2012 5:47:00 AM&gt;" />
   <Option Name="6" Value="C:\Temp\sandbox\AzureCustomerCache\WebApplication_ACSTest\Web.config&lt;1/12/2012 5:46:52 AM&gt;" />
   <Option Name="7" Value="C:\Temp\sandbox\AzureCustomerCache\WebApplication_ACSTest\default.aspx.cs&lt;1/12/2012 5:46:43 AM&gt;" />
   <Option Name="8" Value="C:\Temp\sandbox\AzureCustomerCache\ConsoleApplication1\Program.cs&lt;1/11/2012 4:01:16 PM&gt;" />
   <Option Name="9" Value="C:\Temp\sandbox\AzureCustomerCache\CustomerCache\Extension.cs&lt;1/11/2012 4:01:16 PM&gt;" />
   <Option Name="10" Value="C:\Temp\sandbox\AzureCustomerCache\CustomerCache\CustomerCacheContext.cs&lt;1/11/2012 4:01:16 PM&gt;" />
   <Option Name="11" Value="C:\Temp\sandbox\AzureCustomerCache\CustomerCache\Repositories\CustomerRepository.cs&lt;1/11/2012 4:01:16 PM&gt;" />
   <Option Name="12" Value="C:\Temp\sandbox\AzureCustomerCache\CustomerCache\Repositories\IRepository.cs&lt;1/11/2012 4:01:16 PM&gt;" />
   <Option Name="13" Value="C:\Temp\sandbox\AzureCustomerCache\CustomerCache\Infrastructure\DatabaseFactory.cs&lt;1/11/2012 4:01:16 PM&gt;" />
   <Option Name="14" Value="C:\Temp\sandbox\AzureCustomerCache\CustomerCache\Infrastructure\IDatabaseFactory.cs&lt;1/11/2012 4:01:16 PM&gt;" />
   <Option Name="15" Value="C:\Temp\sandbox\AzureCustomerCache\CustomerCache\Repositories\PickListValueRepository.cs&lt;1/11/2012 4:01:16 PM&gt;" />
   <Option Name="16" Value="C:\Temp\sandbox\AzureCustomerCache\CustomerCache\Infrastructure\UnitOfWork.cs&lt;1/11/2012 4:01:16 PM&gt;" />
   <Option Name="17" Value="C:\Temp\sandbox\AzureCustomerCache\CustomerCache\Repositories\PickListRepository.cs&lt;1/11/2012 4:01:16 PM&gt;" />
   <Option Name="18" Value="C:\Temp\sandbox\AzureCustomerCache\CustomerCache\Repositories\RepositoryBase.cs&lt;1/11/2012 4:01:16 PM&gt;" />
   <Option Name="19" Value="C:\Temp\sandbox\AzureCustomerCache\WindowsAzureProject\ServiceDefinition.csdef&lt;1/11/2012 4:01:11 PM&gt;" />
   <Option Name="20" Value="C:\Temp\sandbox\AzureCustomerCache\WindowsAzureProject\ServiceConfiguration.Local.cscfg&lt;1/11/2012 4:01:11 PM&gt;" />
   <Option Name="21" Value="C:\Temp\sandbox\AzureCustomerCache\WindowsAzureProject\ServiceConfiguration.Cloud.cscfg&lt;1/11/2012 4:01:11 PM&gt;" />
   <Option Name="22" Value="C:\DEV\CPT\CustomerDataCache\Source\trunk\CustomerModel.Tests\Properties\AssemblyInfo.cs&lt;1/11/2012 3:15:38 PM&gt;" />
   <Option Name="23" Value="C:\DEV\CPT\CustomerDataCache\Source\trunk\CustomerModel\Properties\AssemblyInfo.cs&lt;1/11/2012 3:15:38 PM&gt;" />
   <Option Name="24" Value="C:\DEV\CPT\CustomerDataCache\Source\trunk\ModelsLib\Properties\AssemblyInfo.cs&lt;1/11/2012 3:15:38 PM&gt;" />
   <Option Name="25" Value="C:\DEV\CPT\CustomerDataCache\Source\trunk\CustomerSyncEngine.Tests\Properties\AssemblyInfo.cs&lt;1/11/2012 3:15:38 PM&gt;" />
   <Option Name="26" Value="C:\DEV\CPT\CustomerDataCache\Source\trunk\CustomerSyncEngine\Properties\AssemblyInfo.cs&lt;1/11/2012 3:15:38 PM&gt;" />
   <Option Name="27" Value="C:\DEV\CPT\CustomerDataCache\Source\trunk\CustomerModel\Initializers\DataContextInitializerHelper.cs&lt;1/11/2012 3:15:17 PM&gt;" />
   <Option Name="28" Value="C:\DEV\CPT\CustomerDataCache\Source\trunk\CustomerSyncEngine.Tests\Providers\DbCacheProvider_SettingTests.cs&lt;1/11/2012 3:13:04 PM&gt;" />
   <Option Name="29" Value="C:\DEV\CPT\CustomerDataCache\Source\trunk\CustomerSyncEngine.Tests\Providers\DbCacheProvider_PickListTests.cs&lt;1/11/2012 3:08:07 PM&gt;" />
   <Option Name="30" Value="C:\DEV\CPT\CustomerDataCache\Source\trunk\CustomerSyncEngine.Tests\Providers\DbCacheProvider_GenericTests.cs&lt;1/11/2012 3:08:03 PM&gt;" />
   <Option Name="31" Value="C:\DEV\CPT\CustomerDataCache\Source\trunk\CustomerSyncEngine\Providers\DbCacheProvider.cs&lt;1/11/2012 3:02:53 PM&gt;" />
   <Option Name="32" Value="C:\DEV\CPT\CustomerDataCache\Source\trunk\CustomerSyncEngine.Tests\Providers\DbCacheProvider_CustomerTests.cs&lt;1/11/2012 2:57:51 PM&gt;" />
   <Option Name="33" Value="C:\DEV\CPT\CustomerDataCache\Source\trunk\CustomerSyncEngine.Tests\Sync\CustomerSyncEnginePickListTests.cs&lt;1/11/2012 2:33:24 PM&gt;" />
   <Option Name="34" Value="C:\DEV\CPT\CustomerDataCache\Source\trunk\CustomerModel\Entities\PickList.cs&lt;1/11/2012 2:21:33 PM&gt;" />
   <Option Name="35" Value="C:\DEV\CPT\CustomerDataCache\Source\trunk\CustomerModel\Entities\PickListValue.cs&lt;1/11/2012 2:21:23 PM&gt;" />
   <Option Name="36" Value="C:\DEV\CPT\CustomerDataCache\Source\trunk\Models\ModelDefinition\Models.uml&lt;1/11/2012 2:20:07 PM&gt;" />
   <Option Name="37" Value="C:\DEV\CPT\CustomerDataCache\Source\trunk\Models\ModelDefinition\Package_0613.uml&lt;1/11/2012 2:20:07 PM&gt;" />
   <Option Name="38" Value="C:\DEV\CPT\CustomerDataCache\Source\trunk\Models\ModelDefinition\Package4_0613.uml&lt;1/11/2012 2:20:07 PM&gt;" />
   <Option Name="39" Value="C:\DEV\CPT\CustomerDataCache\Source\trunk\Models\ModelDefinition\Package3_0613.uml&lt;1/11/2012 2:20:07 PM&gt;" />
   <Option Name="40" Value="C:\DEV\CPT\CustomerDataCache\Source\trunk\Models\ModelDefinition\Package2_0613.uml&lt;1/11/2012 2:20:07 PM&gt;" />
   <Option Name="41" Value="C:\DEV\CPT\CustomerDataCache\Source\trunk\Models\ModelDefinition\Package1_0613.uml&lt;1/11/2012 2:20:07 PM&gt;" />
   <Option Name="42" Value="C:\DEV\CPT\CustomerDataCache\Source\trunk\CustomerModel.Tests\Entities\CustomerTests.cs&lt;1/11/2012 11:39:06 AM&gt;" />
   <Option Name="43" Value="C:\DEV\CPT\CustomerDataCache\Source\trunk\CustomerModel.Tests\Entities\CustomerSmokeTests.cs&lt;1/11/2012 11:19:49 AM&gt;" />
   <Option Name="44" Value="C:\DEV\CPT\CustomerDataCache\Source\trunk\CustomerModel.Tests\Entities\PickListTests.cs&lt;1/11/2012 11:19:31 AM&gt;" />
   <Option Name="45" Value="C:\DEV\CPT\CustomerDataCache\Source\trunk\CustomerSyncEngine.Tests\packages.config&lt;1/11/2012 11:17:27 AM&gt;" />
   <Option Name="46" Value="C:\DEV\CPT\CustomerDataCache\Source\trunk\CustomerModel.Tests\packages.config&lt;1/11/2012 11:13:14 AM&gt;" />
   <Option Name="47" Value="C:\DEV\CPT\CustomerDataCache\Source\trunk\CustomerModel.Tests\Initializers\DataContextInitializerHelperTest.cs&lt;1/11/2012 11:13:11 AM&gt;" />
   <Option Name="48" Value="C:\Users\andrew.RIVERCITY\Documents\My CPT\Skunkworks\CustomerDataCacheSync\SalesForce\Enterprise WSDL's - 20120111\CptCrm-Production-Enterprise-wsdl.xml&lt;1/11/2012 11:03:19 AM&gt;" />
   <Option Name="49" Value="C:\DEV\CPT\O365AuthLibrary\trunk\O365AuthLibrary.Test\Properties\AssemblyInfo.cs&lt;1/11/2012 6:35:04 AM&gt;" />
   <Option Name="50" Value="C:\DEV\CPT\O365AuthLibrary\trunk\O365AuthLibrary\Properties\AssemblyInfo.cs&lt;1/11/2012 6:35:04 AM&gt;" />
   <Option Name="51" Value="C:\DEV\CPT\O365AuthLibrary\trunk\O365AuthLibrary.Test\O365AuthLibraryTests.cs&lt;1/11/2012 6:35:04 AM&gt;" />
   <Option Name="52" Value="C:\DEV\CPT\O365AuthLibrary\trunk\O365AuthLibrary\ClaimsClientContext.cs&lt;1/11/2012 6:35:04 AM&gt;" />
   <Option Name="53" Value="C:\DEV\CPT\O365AuthLibrary\trunk\O365AuthLibrary\ClaimsWebClient.cs&lt;1/11/2012 6:35:04 AM&gt;" />
   <Option Name="54" Value="C:\DEV\CPT\O365AuthLibrary\trunk\O365AuthLibrary\MSDN\WSTrustFeb2005ContractClient.cs&lt;1/11/2012 6:35:04 AM&gt;" />
   <Option Name="55" Value="C:\DEV\CPT\O365AuthLibrary\trunk\O365AuthLibrary\MSDN\RequestBodyWriter.cs&lt;1/11/2012 6:35:04 AM&gt;" />
   <Option Name="56" Value="C:\DEV\CPT\O365AuthLibrary\trunk\O365AuthLibrary\MSDN\MsOnlineClaimsHelper.cs&lt;1/11/2012 6:35:04 AM&gt;" />
   <Option Name="57" Value="C:\DEV\CPT\O365AuthLibrary\trunk\O365AuthLibrary\MSDN\IWSTrustFeb2005Contract.cs&lt;1/11/2012 6:35:04 AM&gt;" />
   <Option Name="58" Value="C:\DEV\ACI\ACsCichlids\source\trunk\ACsCichlids.StoreFront\Web.config&lt;1/11/2012 6:26:31 AM&gt;" />
   <Option Name="59" Value="C:\DEV\ACI\ACsCichlids\source\trunk\ACsCichlids.StoreFront\Properties\Settings.settings&lt;1/11/2012 6:26:31 AM&gt;" />
   <Option Name="60" Value="C:\DEV\ACI\ACsCichlids\source\trunk\ACsCichlids.StoreFront\ClaimsFriendlyWebClient.cs&lt;1/11/2012 6:26:31 AM&gt;" />
   <Option Name="61" Value="C:\DEV\ACI\ACsCichlids\source\trunk\Office365Workspace\Properties\AssemblyInfo.cs&lt;1/11/2012 6:24:02 AM&gt;" />
   <Option Name="62" Value="C:\DEV\ACI\ACsCichlids\source\trunk\ACsCichlids.StoreFront\Properties\AssemblyInfo.cs&lt;1/11/2012 6:24:02 AM&gt;" />
   <Option Name="63" Value="C:\DEV\ACI\ACsCichlids\source\trunk\ACsCichlids.Data.Services\Properties\AssemblyInfo.cs&lt;1/11/2012 6:24:02 AM&gt;" />
   <Option Name="64" Value="C:\DEV\ACI\ACsCichlids\source\trunk\ACsCichlids.Data\Properties\AssemblyInfo.cs&lt;1/11/2012 6:24:02 AM&gt;" />
   <Option Name="65" Value="C:\DEV\ACI\ACsCichlids\source\trunk\ACsCichlids.StoreFront\ImportCichlids.aspx.cs&lt;1/11/2012 6:24:00 AM&gt;" />
   <Option Name="66" Value="C:\DEV\ACI\ACsCichlids\source\trunk\ACsCichlids.SharePoint\ACsCichlidsWebPart\ACsCichlidsWebPart.cs&lt;1/11/2012 6:24:00 AM&gt;" />
   <Option Name="67" Value="C:\DEV\ACI\ACsCichlids\source\trunk\Office365Workspace\jQueryODataSearch.htm&lt;1/11/2012 6:24:00 AM&gt;" />
   <Option Name="68" Value="C:\DEV\ACI\ACsCichlids\source\trunk\ACsCichlids.SharePoint\ACsCichlidsWebPart\SharePointProjectItem.spdata&lt;1/11/2012 6:23:59 AM&gt;" />
   <Option Name="69" Value="C:\DEV\ACI\ACsCichlids\source\trunk\AcCichlids.Cloud\ServiceDefinition.csdef&lt;1/11/2012 6:23:58 AM&gt;" />
   <Option Name="70" Value="C:\DEV\ACI\ACsCichlids\source\trunk\AcCichlids.Cloud\ServiceConfiguration.Local.cscfg&lt;1/11/2012 6:23:58 AM&gt;" />
   <Option Name="71" Value="C:\DEV\ACI\ACsCichlids\source\trunk\AcCichlids.Cloud\ServiceConfiguration.Cloud.cscfg&lt;1/11/2012 6:23:58 AM&gt;" />
   <Option Name="72" Value="C:\DEV\CPT\O365AuthLibrary\trunk\O365AuthLibrary.Test\app.config&lt;1/10/2012 11:27:01 AM&gt;" />
   <Option Name="73" Value="C:\DEV\CPT\O365AuthLibrary\trunk\O365AuthLibrary.Test\Properties\Settings.settings&lt;1/10/2012 11:27:01 AM&gt;" />
   <Option Name="74" Value="C:\DEV\CPT\O365AuthLibrary\trunk\O365AuthLibrary.Test\Properties\DataSources\System.Xml.XmlElement.datasource&lt;1/10/2012 11:21:52 AM&gt;" />
   <Option Name="75" Value="C:\DEV\CPT\O365AuthLibrary\trunk\O365AuthLibrary.Test\UnitTest1.cs&lt;1/10/2012 10:28:31 AM&gt;" />
   <Option Name="76" Value="C:\Dev\CPT\CustomerDataCache\Source\trunk\CustomerModel\Data\CustomerCacheContext.cs&lt;12/30/2011 1:14:57 PM&gt;" />
   <Option Name="77" Value="C:\Dev\CPT\CustomerDataCache\Source\trunk\CustomerModel\Entities\Activity.cs&lt;12/28/2011 6:25:00 AM&gt;" />
   <Option Name="78" Value="C:\Dev\CPT\CustomerDataCache\Source\trunk\CustomerSyncEngine.Tests\Providers\DbCacheProviderTest.cs&lt;12/28/2011 6:06:42 AM&gt;" />
   <Option Name="79" Value="C:\Dev\CPT\CustomerDataCache\Source\trunk\CustomerModel\Repositories\StateProvinceRepository.cs&lt;12/27/2011 7:14:16 AM&gt;" />
   <Option Name="80" Value="C:\Dev\CPT\CustomerDataCache\Source\trunk\CustomerModel\Entities\CountryRegion.cs&lt;12/27/2011 7:10:13 AM&gt;" />
   <Option Name="81" Value="C:\Dev\CPT\CustomerDataCache\Source\trunk\CustomerModel\Repositories\CustomerRepository.cs&lt;12/27/2011 7:09:47 AM&gt;" />
   <Option Name="82" Value="C:\Users\andrew.RIVERCITY\AppData\Local\Temp\GSE717C.tmp.cs&lt;12/27/2011 7:09:21 AM&gt;" />
   <Option Name="83" Value="C:\Dev\CPT\CustomerDataCache\Source\trunk\CustomerModel\Repositories\CountryRegionRepository.cs&lt;12/27/2011 7:02:54 AM&gt;" />
   <Option Name="84" Value="C:\Dev\CPT\CustomerDataCache\Source\trunk\CustomerModel\Repositories\SettingRepository.cs&lt;12/27/2011 6:54:50 AM&gt;" />
   <Option Name="85" Value="C:\Dev\CPT\CustomerDataCache\Source\trunk\CustomerModel\Repositories\LogRepository.cs&lt;12/27/2011 6:51:49 AM&gt;" />
   <Option Name="86" Value="C:\Users\andrew.RIVERCITY\AppData\Local\Temp\GSEBD1D.tmp.cs&lt;12/27/2011 6:51:06 AM&gt;" />
   <Option Name="87" Value="C:\Users\andrew.RIVERCITY\AppData\Local\Temp\GSEA9F9.tmp.cs&lt;12/27/2011 6:51:01 AM&gt;" />
   <Option Name="88" Value="C:\Dev\CPT\CustomerDataCache\Source\trunk\CustomerModel\Repositories\RepositoryBase.cs&lt;12/27/2011 6:49:33 AM&gt;" />
   <Option Name="89" Value="C:\Dev\CPT\CustomerDataCache\Source\trunk\CustomerModel\Repositories\PickListValueRepository.cs&lt;12/27/2011 6:49:32 AM&gt;" />
   <Option Name="90" Value="C:\Dev\CPT\CustomerDataCache\Source\trunk\CustomerModel\Entities\Customer.cs&lt;12/27/2011 6:44:58 AM&gt;" />
   <Option Name="91" Value="C:\Dev\CPT\CustomerDataCache\Source\trunk\CustomerModel\Data\DatabaseFactory.cs&lt;12/27/2011 6:32:05 AM&gt;" />
   <Option Name="92" Value="C:\Users\andrew.RIVERCITY\AppData\Local\Temp\GSEAA6E.tmp.cs&lt;12/27/2011 6:10:36 AM&gt;" />
   <Option Name="93" Value="C:\Users\andrew.RIVERCITY\AppData\Local\Temp\GSEAA5D.tmp.cs&lt;12/27/2011 6:10:36 AM&gt;" />
   <Option Name="94" Value="C:\Users\andrew.RIVERCITY\AppData\Local\Temp\GSEAA3D.tmp.cs&lt;12/27/2011 6:10:36 AM&gt;" />
   <Option Name="95" Value="C:\Dev\CPT\CustomerDataCache\Source\trunk\CustomerModel\Repositories\PickListRepository.cs&lt;12/27/2011 6:08:14 AM&gt;" />
   <Option Name="96" Value="C:\Dev\CPT\CustomerDataCache\Source\trunk\CustomerSyncEngine.Tests\UtilitiesTests.cs&lt;12/24/2011 6:58:10 AM&gt;" />
   <Option Name="97" Value="C:\Dev\CPT\CustomerDataCache\Source\trunk\CustomerSyncEngine.Tests\Sync\CustomerSyncEngineCustomerTests.cs&lt;12/24/2011 6:56:54 AM&gt;" />
   <Option Name="98" Value="C:\Dev\CPT\CustomerDataCache\Source\trunk\CustomerSyncEngine\Utilities.cs&lt;12/24/2011 6:56:22 AM&gt;" />
   <Option Name="99" Value="C:\Dev\CPT\CustomerDataCache\Source\trunk\CustomerSyncEngine\LogSybsystem.cs&lt;12/24/2011 6:56:17 AM&gt;" />
   <Option Name="100" Value="C:\Dev\CPT\CustomerDataCache\Source\trunk\CustomerSyncEngine\LogMessageType.cs&lt;12/24/2011 6:56:12 AM&gt;" />
   <Option Name="101" Value="C:\Dev\CPT\CustomerDataCache\Source\trunk\CustomerSyncEngine\LogMessage.cs&lt;12/24/2011 6:56:05 AM&gt;" />
   <Option Name="102" Value="C:\Dev\CPT\CustomerDataCache\Source\trunk\CustomerSyncEngine\LoggingService.cs&lt;12/24/2011 6:55:54 AM&gt;" />
   <Option Name="103" Value="C:\Dev\CPT\CustomerDataCache\Source\trunk\CustomerSyncEngine\ConnectionStringParsingException.cs&lt;12/24/2011 6:55:51 AM&gt;" />
   <Option Name="104" Value="C:\Dev\CPT\CustomerDataCache\Source\trunk\CustomerSyncEngine\Sync\TargetSystem.cs&lt;12/24/2011 6:55:44 AM&gt;" />
   <Option Name="105" Value="C:\Dev\CPT\CustomerDataCache\Source\trunk\CustomerSyncEngine\Sync\PickListSyncResult.cs&lt;12/24/2011 6:55:37 AM&gt;" />
   <Option Name="106" Value="C:\Dev\CPT\CustomerDataCache\Source\trunk\CustomerSyncEngine\Sync\PickListAction.cs&lt;12/24/2011 6:55:34 AM&gt;" />
   <Option Name="107" Value="C:\Dev\CPT\CustomerDataCache\Source\trunk\CustomerSyncEngine\Sync\Operation.cs&lt;12/24/2011 6:55:17 AM&gt;" />
   <Option Name="108" Value="C:\Dev\CPT\CustomerDataCache\Source\trunk\CustomerSyncEngine\Sync\CustomerSyncResult.cs&lt;12/24/2011 6:55:14 AM&gt;" />
   <Option Name="109" Value="C:\Dev\CPT\CustomerDataCache\Source\trunk\CustomerSyncEngine\Sync\CustomerSyncEngine.cs&lt;12/24/2011 6:55:04 AM&gt;" />
   <Option Name="110" Value="C:\Dev\CPT\CustomerDataCache\Source\trunk\CustomerSyncEngine\Sync\CustomerAction.cs&lt;12/24/2011 6:55:01 AM&gt;" />
   <Option Name="111" Value="C:\Dev\CPT\CustomerDataCache\Source\trunk\CustomerSyncEngine\Providers\SalesForcePickLists.cs&lt;12/24/2011 6:54:56 AM&gt;" />
   <Option Name="112" Value="C:\Dev\CPT\CustomerDataCache\Source\trunk\CustomerSyncEngine\Providers\SalesforceCrmProvider.cs&lt;12/24/2011 6:54:53 AM&gt;" />
   <Option Name="113" Value="C:\Dev\CPT\CustomerDataCache\Source\trunk\CustomerSyncEngine\Providers\ProviderFactory.cs&lt;12/24/2011 6:54:51 AM&gt;" />
   <Option Name="114" Value="C:\Dev\CPT\CustomerDataCache\Source\trunk\CustomerSyncEngine\Providers\ILoggingProvider.cs&lt;12/24/2011 6:54:48 AM&gt;" />
   <Option Name="115" Value="C:\Dev\CPT\CustomerDataCache\Source\trunk\CustomerSyncEngine\Providers\ICrmProvider.cs&lt;12/24/2011 6:54:45 AM&gt;" />
   <Option Name="116" Value="C:\Dev\CPT\CustomerDataCache\Source\trunk\CustomerSyncEngine\Providers\ICacheProvider.cs&lt;12/24/2011 6:54:42 AM&gt;" />
   <Option Name="117" Value="C:\Dev\CPT\CustomerDataCache\Source\trunk\CustomerSyncEngine\Providers\DbLoggingProvider.cs&lt;12/24/2011 6:54:39 AM&gt;" />
   <Option Name="118" Value="C:\Dev\CPT\CustomerDataCache\Source\trunk\CustomerModel\Entities\CrmSpecificData.cs&lt;12/24/2011 6:49:10 AM&gt;" />
   <Option Name="119" Value="C:\Dev\CPT\CustomerDataCache\Source\trunk\CustomerModel\Initializers\SmokeTestDropCreateDbWithDataAlways.cs&lt;12/24/2011 6:47:03 AM&gt;" />
   <Option Name="120" Value="C:\Dev\CPT\CustomerDataCache\Source\trunk\CustomerModel\Repositories\ActivityRepository.cs&lt;12/23/2011 8:25:54 AM&gt;" />
   <Option Name="121" Value="C:\Dev\CPT\CustomerDataCache\Source\trunk\CustomerModel.Tests\Data\DatabaseFactoryTest.cs&lt;12/23/2011 8:22:54 AM&gt;" />
   <Option Name="122" Value="C:\Dev\CPT\CustomerDataCache\Source\trunk\CustomerModel\Initializers\SmokeTestCreateDbWithDataIfNotExists.cs&lt;12/23/2011 8:20:32 AM&gt;" />
   <Option Name="123" Value="C:\Dev\CPT\CustomerDataCache\Source\trunk\CustomerModel\Initializers\SmokeTestCreateDbWithNoDataIfNotExists.cs&lt;12/23/2011 8:14:36 AM&gt;" />
   <Option Name="124" Value="C:\Dev\CPT\CustomerDataCache\Source\trunk\CustomerModel\Initializers\SmokeTestDropCreateDbWithNoDataAlways.cs&lt;12/23/2011 8:14:34 AM&gt;" />
   <Option Name="125" Value="C:\Dev\CPT\CustomerDataCache\Source\trunk\CustomerModel\Initializers\SmokeTestDropCreateDatabaseAlways.cs&lt;12/23/2011 8:12:09 AM&gt;" />
   <Option Name="126" Value="C:\Dev\CPT\CustomerDataCache\Source\trunk\CustomerModel\Initializers\SmokeTestCreateDatabaseIfNotExists.cs&lt;12/23/2011 8:11:48 AM&gt;" />
   <Option Name="127" Value="C:\Dev\CPT\CustomerDataCache\Source\trunk\CustomerModel\Entities\Log.cs&lt;12/23/2011 7:57:39 AM&gt;" />
   <Option Name="128" Value="C:\Dev\CPT\CustomerDataCache\Source\trunk\CustomerModel.Tests\PickListTests.cs&lt;12/23/2011 7:55:08 AM&gt;" />
   <Option Name="129" Value="C:\Dev\CPT\CustomerDataCache\Source\trunk\CustomerModel.Tests\CustomerSmokeTests.cs&lt;12/23/2011 7:46:45 AM&gt;" />
   <Option Name="130" Value="C:\Dev\CPT\CustomerDataCache\Source\trunk\CustomerModel\Entities\StateProvince.cs&lt;12/23/2011 6:48:50 AM&gt;" />
   <Option Name="131" Value="C:\Dev\CPT\CustomerDataCache\Source\trunk\CustomerModel\Entities\Address.cs&lt;12/23/2011 6:48:20 AM&gt;" />
   <Option Name="132" Value="C:\Dev\CPT\CustomerDataCache\Source\trunk\CustomerModel.Tests\CustomerTests.cs&lt;12/23/2011 6:36:37 AM&gt;" />
   <Option Name="133" Value="C:\Dev\CPT\CustomerDataCache\Source\trunk\CustomerModel\Repositories\LicensedCourseRepository.cs&lt;12/22/2011 9:35:44 PM&gt;" />
   <Option Name="134" Value="C:\Dev\CPT\CustomerDataCache\Source\trunk\CustomerModel\Repositories\AlternateEmailRepository.cs&lt;12/22/2011 8:44:53 PM&gt;" />
   <Option Name="135" Value="C:\Dev\CPT\CustomerDataCache\Source\trunk\CustomerModel\Entities\Setting.cs&lt;12/22/2011 4:25:09 PM&gt;" />
   <Option Name="136" Value="C:\Dev\CPT\CustomerDataCache\Source\trunk\CommonTestHelpers\Properties\AssemblyInfo.cs&lt;12/22/2011 4:22:54 PM&gt;" />
   <Option Name="137" Value="C:\Users\andrew.RIVERCITY\AppData\Local\Temp\GSEA07D.tmp.cs&lt;12/22/2011 4:22:05 PM&gt;" />
   <Option Name="138" Value="C:\Users\andrew.RIVERCITY\AppData\Local\Temp\GSE80BD.tmp.cs&lt;12/22/2011 4:18:40 PM&gt;" />
   <Option Name="139" Value="C:\Users\andrew.RIVERCITY\AppData\Local\Temp\GSE51FE.tmp.cs&lt;12/22/2011 4:18:28 PM&gt;" />
   <Option Name="140" Value="C:\Dev\CPT\CustomerDataCache\Source\trunk\CustomerModel\Initializers\CustomerCacheSmokeTestHelper.cs&lt;12/22/2011 4:13:31 PM&gt;" />
   <Option Name="141" Value="C:\Dev\CPT\CustomerDataCache\Source\trunk\CustomerModel\Initializers\CustomerCacheSmokeTestDropCreateDatabaseAlways.cs&lt;12/22/2011 4:12:53 PM&gt;" />
   <Option Name="142" Value="C:\Dev\CPT\CustomerDataCache\Source\trunk\CustomerModel\Initializers\CustomerCacheSmokeTest_DbInitializers.cs&lt;12/22/2011 4:12:12 PM&gt;" />
   <Option Name="143" Value="C:\Dev\CPT\CustomerDataCache\Source\trunk\CommonTestHelpers\CustomerCacheSmokeTest_DbInitializers.cs&lt;12/22/2011 4:11:59 PM&gt;" />
   <Option Name="144" Value="C:\Dev\CPT\CustomerDataCache\Source\trunk\CommonTestHelpers\CustomerCacheSmokeTestHelper.cs&lt;12/22/2011 4:11:44 PM&gt;" />
   <Option Name="145" Value="C:\Dev\CPT\CustomerDataCache\Source\trunk\CustomerModel\Repositories\IRepository.cs&lt;12/22/2011 3:51:01 PM&gt;" />
   <Option Name="146" Value="C:\Dev\CPT\CustomerDataCache\Source\trunk\CustomerModel\Data\IDatabaseFactory.cs&lt;12/22/2011 3:49:31 PM&gt;" />
   <Option Name="147" Value="C:\Dev\CPT\CustomerDataCache\Source\trunk\CustomerModel\Data\IUnitOfWork.cs&lt;12/22/2011 3:49:30 PM&gt;" />
   <Option Name="148" Value="C:\Dev\CPT\CustomerDataCache\Source\trunk\CustomerModel\CustomerCacheContext.cs&lt;12/22/2011 3:48:44 PM&gt;" />
   <Option Name="149" Value="C:\Dev\CPT\CustomerDataCache\Source\trunk\CustomerModel\IUnitOfWork.cs&lt;12/22/2011 3:48:07 PM&gt;" />
   <Option Name="150" Value="C:\Dev\CPT\CustomerDataCache\Source\trunk\CustomerModel\CustomerCacheContextInitializer.cs&lt;12/22/2011 3:47:32 PM&gt;" />
   <Option Name="151" Value="C:\Dev\CPT\CustomerDataCache\Source\trunk\CustomerModel\Repositories\DatabaseFactory.cs&lt;12/22/2011 3:47:07 PM&gt;" />
   <Option Name="152" Value="C:\Dev\CPT\CustomerDataCache\Source\trunk\CustomerModel\Repositories\IDatabaseFactory.cs&lt;12/22/2011 3:45:35 PM&gt;" />
   <Option Name="153" Value="C:\Dev\CPT\CustomerDataCache\Source\trunk\CustomerModel\Entities\LicensedCourse.cs&lt;12/22/2011 3:32:46 PM&gt;" />
   <Option Name="154" Value="C:\Dev\CPT\CustomerDataCache\Source\trunk\CustomerModel\Entities\AlternateEmail.cs&lt;12/22/2011 3:32:38 PM&gt;" />
   <Option Name="155" Value="C:\Temp\EF NTiers\Business\Infrastructure\Repositories\OrderRepository.cs&lt;12/22/2011 3:08:59 PM&gt;" />
   <Option Name="156" Value="C:\Temp\EF NTiers\Business\Infrastructure\UnitOfWork\IUnitOfWork.cs&lt;12/22/2011 3:06:39 PM&gt;" />
   <Option Name="157" Value="C:\Temp\EF NTiers\Business\Infrastructure\UnitOfWork\ModelContext.cs&lt;12/22/2011 3:06:39 PM&gt;" />
   <Option Name="158" Value="C:\Temp\EF NTiers\Business\Infrastructure\Repositories\IOrderRepository.cs&lt;12/22/2011 3:06:39 PM&gt;" />
   <Option Name="159" Value="C:\Temp\EF NTiers\Common\Domain\Entities\Order.cs&lt;12/22/2011 3:06:39 PM&gt;" />
   <Option Name="160" Value="C:\Temp\EF NTiers\Common\Domain\Entities\Product.cs&lt;12/22/2011 3:06:39 PM&gt;" />
   <Option Name="161" Value="C:\Temp\EF NTiers\Presentation\Application\Services\SalesModuleAppService.cs&lt;12/22/2011 3:06:39 PM&gt;" />
   <Option Name="162" Value="C:\Temp\EF NTiers\Presentation\Controllers\OrderController.cs&lt;12/22/2011 3:06:39 PM&gt;" />
   <Option Name="163" Value="C:\Temp\sandbox\AzureCustomerCache\CustomerCache\Entities\PickList.cs&lt;12/22/2011 8:54:50 AM&gt;" />
   <Option Name="164" Value="C:\Users\andrew.RIVERCITY\AppData\Local\Temp\GSE7621.tmp.cs&lt;12/22/2011 8:45:20 AM&gt;" />
   <Option Name="165" Value="C:\Temp\sandbox\AzureCustomerCache\CustomerCache\Class1.cs&lt;12/22/2011 8:30:08 AM&gt;" />
   <Option Name="166" Value="C:\Users\andrew.RIVERCITY\AppData\Local\Temp\GSEE502.tmp.cs&lt;12/22/2011 8:25:04 AM&gt;" />
   <Option Name="167" Value="C:\Temp\sandbox\AzureCustomerCache\ConsoleApplication1\App.config&lt;12/22/2011 8:16:12 AM&gt;" />
   <Option Name="168" Value="C:\Temp\sandbox\AzureCustomerCache\CustomerCache\ContextInializers.cs&lt;12/22/2011 8:14:42 AM&gt;" />
   <Option Name="169" Value="C:\Temp\sandbox\AzureCustomerCache\CustomerCache\Entities\LicensedCourse.cs&lt;12/22/2011 7:53:14 AM&gt;" />
   <Option Name="170" Value="C:\Temp\sandbox\AzureCustomerCache\CustomerCache\Entities\Setting.cs&lt;12/22/2011 7:53:05 AM&gt;" />
   <Option Name="171" Value="C:\Temp\sandbox\AzureCustomerCache\CustomerCache\Entities\PickListValue.cs&lt;12/22/2011 7:53:05 AM&gt;" />
   <Option Name="172" Value="C:\Temp\sandbox\AzureCustomerCache\CustomerCache\Entities\Log.cs&lt;12/22/2011 7:53:04 AM&gt;" />
   <Option Name="173" Value="C:\Temp\sandbox\AzureCustomerCache\CustomerCache\Entities\Customer.cs&lt;12/22/2011 7:53:03 AM&gt;" />
   <Option Name="174" Value="C:\Temp\sandbox\AzureCustomerCache\CustomerCache\Entities\CrmSpecificData.cs&lt;12/22/2011 7:53:03 AM&gt;" />
   <Option Name="175" Value="C:\Temp\sandbox\AzureCustomerCache\CustomerCache\Entities\AlternateEmail.cs&lt;12/22/2011 7:53:03 AM&gt;" />
   <Option Name="176" Value="C:\Temp\sandbox\AzureCustomerCache\Console_TestAcsAuthentication\Properties\AssemblyInfo.cs&lt;12/22/2011 7:48:57 AM&gt;" />
   <Option Name="177" Value="C:\Temp\sandbox\AzureCustomerCache\WebApplication_ACSTest\Properties\AssemblyInfo.cs&lt;12/22/2011 7:48:55 AM&gt;" />
   <Option Name="178" Value="C:\Temp\sandbox\AzureCustomerCache\Console_TestOData\Properties\AssemblyInfo.cs&lt;12/22/2011 7:48:55 AM&gt;" />
   <Option Name="179" Value="C:\Temp\sandbox\AzureCustomerCache\CustomerCacheOData\Properties\AssemblyInfo.cs&lt;12/22/2011 7:48:55 AM&gt;" />
   <Option Name="180" Value="C:\Temp\sandbox\AzureCustomerCache\ConsoleApplication1\Properties\AssemblyInfo.cs&lt;12/22/2011 7:48:55 AM&gt;" />
   <Option Name="181" Value="C:\Temp\sandbox\AzureCustomerCache\CustomerCache\Properties\AssemblyInfo.cs&lt;12/22/2011 7:48:55 AM&gt;" />
   <Option Name="182" Value="C:\Temp\sandbox\AzureCustomerCache\CustomerCache\Activity.cs&lt;12/22/2011 7:31:56 AM&gt;" />
   <Option Name="183" Value="C:\Temp\sandbox\AzureCustomerCache\CustomerCache\CustomerCacheContextInitializer.cs&lt;12/22/2011 7:31:43 AM&gt;" />
   <Option Name="184" Value="C:\Temp\sandbox\AzureCustomerCache\CustomerCache\Address.cs&lt;12/22/2011 7:31:35 AM&gt;" />
   <Option Name="185" Value="C:\Dev\CPT\CustomerDataCache\Source\trunk\CommonTestHelpers\CustomerCacheSmokeTestDropCreateDatabaseAlways.cs&lt;12/21/2011 10:38:33 AM&gt;" />
   <Option Name="186" Value="C:\Dev\CPT\CustomerDataCache\Source\trunk\CustomerModel.Tests\CustomerCacheSmokeTestDropCreateDatabaseAlways.cs&lt;12/21/2011 10:37:38 AM&gt;" />
   <Option Name="187" Value="C:\Dev\CPT\CustomerDataCache\Source\trunk\CustomerModel.Tests\CustomerCacheSmokeTestHelper.cs&lt;12/21/2011 10:37:30 AM&gt;" />
   <Option Name="188" Value="C:\Dev\CPT\CustomerDataCache\Source\trunk\CommonTestHelpers\Class1.cs&lt;12/21/2011 10:36:58 AM&gt;" />
   <Option Name="189" Value="C:\Users\andrew.RIVERCITY\AppData\Local\Temp\6432$CommonLanguageRuntimeLibrary$v4.0.30319$NoDynamic\System.String.cs&lt;12/21/2011 10:17:57 AM&gt;" />
   <Option Name="190" Value="C:\Dev\CPT\CustomerDataCache\Source\trunk\CustomerModel\Setting.cs&lt;12/21/2011 10:07:12 AM&gt;" />
   <Option Name="191" Value="C:\Users\andrew.RIVERCITY\AppData\Local\Temp\GSEAAED.tmp.cs&lt;12/21/2011 7:14:11 AM&gt;" />
   <Option Name="192" Value="C:\Dev\CPT\CustomerDataCache\Source\trunk\CustomerModel\CrmSpecificData.cs&lt;12/21/2011 6:55:10 AM&gt;" />
   <Option Name="193" Value="C:\Dev\CPT\CustomerDataCache\Source\trunk\CustomerModel\Customer.cs&lt;12/21/2011 6:55:04 AM&gt;" />
   <Option Name="194" Value="C:\Dev\CPT\CustomerDataCache\Source\trunk\Models\CustomerSyncEngine.classdiagram.layout&lt;12/21/2011 6:46:26 AM&gt;" />
   <Option Name="195" Value="C:\Dev\CPT\CustomerDataCache\Source\trunk\Models\CustomerSyncEngine.classdiagram&lt;12/21/2011 6:46:25 AM&gt;" />
   <Option Name="196" Value="C:\Dev\CPT\CustomerDataCache\Source\trunk\Models\CustomerModel.classdiagram.layout&lt;12/21/2011 6:46:06 AM&gt;" />
   <Option Name="197" Value="C:\Dev\CPT\CustomerDataCache\Source\trunk\Models\CustomerModel.classdiagram&lt;12/21/2011 6:46:06 AM&gt;" />
   <Option Name="198" Value="C:\Dev\CPT\CustomerDataCache\Source\trunk\CustomerModel\StateCollection.cs&lt;12/21/2011 6:10:32 AM&gt;" />
   <Option Name="199" Value="C:\Dev\CPT\CustomerDataCache\Source\trunk\CustomerModel\State.cs&lt;12/21/2011 6:10:30 AM&gt;" />
   <Option Name="200" Value="C:\Dev\CPT\CustomerDataCache\Source\trunk\CustomerModel\PickList.cs&lt;12/21/2011 6:05:23 AM&gt;" />
   <Option Name="201" Value="C:\Dev\CPT\CustomerDataCache\Source\trunk\Models\CustomerCache.classdiagram.layout&lt;12/21/2011 6:01:53 AM&gt;" />
   <Option Name="202" Value="C:\Dev\CPT\CustomerDataCache\Source\trunk\Models\CustomerCache.classdiagram&lt;12/21/2011 6:01:52 AM&gt;" />
   <Option Name="203" Value="C:\Users\andrew.RIVERCITY\AppData\Local\Temp\6432$CommonLanguageRuntimeLibrary$v4.0.30319$NoDynamic\System.Collections.Generic.IEnumerable.cs&lt;12/20/2011 5:20:03 PM&gt;" />
   <Option Name="204" Value="C:\Dev\CPT\CustomerDataCache\Source\trunk\CustomerModel\Address.cs&lt;12/20/2011 5:06:19 PM&gt;" />
   <Option Name="205" Value="C:\Dev\CPT\CustomerDataCache\Source\trunk\CustomerModel\Activity.cs&lt;12/20/2011 5:06:19 PM&gt;" />
   <Option Name="206" Value="C:\Dev\CPT\CustomerDataCache\Source\trunk\CustomerModel\PickListValue.cs&lt;12/20/2011 5:06:19 PM&gt;" />
   <Option Name="207" Value="C:\Dev\CPT\CustomerDataCache\Source\trunk\CustomerModel\packages.config&lt;12/20/2011 5:06:19 PM&gt;" />
   <Option Name="208" Value="C:\Dev\CPT\CustomerDataCache\Source\trunk\CustomerModel\LogSybsystem.cs&lt;12/20/2011 5:06:19 PM&gt;" />
   <Option Name="209" Value="C:\Dev\CPT\CustomerDataCache\Source\trunk\CustomerModel\LogMessageType.cs&lt;12/20/2011 5:06:19 PM&gt;" />
   <Option Name="210" Value="C:\Dev\CPT\CustomerDataCache\Source\trunk\CustomerModel\Log.cs&lt;12/20/2011 5:06:19 PM&gt;" />
   <Option Name="211" Value="C:\Dev\CPT\CustomerDataCache\Source\trunk\CustomerModel\LicensedCourse.cs&lt;12/20/2011 5:06:19 PM&gt;" />
   <Option Name="212" Value="C:\Dev\CPT\CustomerDataCache\Source\trunk\CustomerModel\AlternateEmail.cs&lt;12/20/2011 5:06:19 PM&gt;" />
   <Option Name="213" Value="c:\Temp\sandbox\AzureCustomerCache\Console_TestOData\TokenValidator.cs&lt;12/19/2011 3:58:04 PM&gt;" />
   <Option Name="214" Value="c:\Temp\sandbox\AzureCustomerCache\CustomerCacheOData\TokenValidator.cs&lt;12/19/2011 3:58:01 PM&gt;" />
   <Option Name="215" Value="c:\Temp\sandbox\AzureCustomerCache\AcsSecurityModule\TokenValidator.cs&lt;12/19/2011 3:55:49 PM&gt;" />
   <Option Name="216" Value="c:\Temp\sandbox\AzureCustomerCache\AcsSecurityModule\Properties\AssemblyInfo.cs&lt;12/19/2011 3:55:23 PM&gt;" />
   <Option Name="217" Value="c:\Temp\sandbox\AzureCustomerCache\Console_TestOData\AcsSwtValidator.cs&lt;12/19/2011 3:52:16 PM&gt;" />
   <Option Name="218" Value="c:\Temp\sandbox\AzureCustomerCache\Console_TestOData\app.config&lt;12/19/2011 3:29:50 PM&gt;" />
   <Option Name="219" Value="c:\Temp\sandbox\AzureCustomerCache\AcsSecurityModule\SwtModule.cs&lt;12/19/2011 3:28:51 PM&gt;" />
   <Option Name="220" Value="c:\Temp\sandbox\AzureCustomerCache\AcsSecurityModule\Class1.cs&lt;12/19/2011 2:03:02 PM&gt;" />
   <Option Name="221" Value="C:\Users\ANDREW~1.RIV\AppData\Local\Temp\~vs507E.xml&lt;12/19/2011 1:36:54 PM&gt;" />
   <Option Name="222" Value="C:\Users\ANDREW~1.RIV\AppData\Local\Temp\~vsAF07.xml&lt;12/19/2011 12:19:45 PM&gt;" />
   <Option Name="223" Value="c:\Temp\sandbox\AzureCustomerCache\Console_TestAcsAuthentication\app.config&lt;12/19/2011 12:06:38 PM&gt;" />
   <Option Name="224" Value="c:\Temp\sandbox\AzureCustomerCache\WebApplication_ACSTest\default.aspx.designer.cs&lt;12/19/2011 11:15:35 AM&gt;" />
   <Option Name="225" Value="c:\Temp\sandbox\AzureCustomerCache\WebApplication_ACSTest\default.aspx&lt;12/19/2011 11:09:14 AM&gt;" />
   <Option Name="226" Value="c:\Temp\sandbox\AzureCustomerCache\CustomerCacheModel\CustomerCache.classdiagram.layout&lt;12/19/2011 10:44:38 AM&gt;" />
   <Option Name="227" Value="c:\Temp\sandbox\AzureCustomerCache\CustomerCacheModel\ModelDefinition\CustomerCacheModel.uml&lt;12/19/2011 10:44:38 AM&gt;" />
   <Option Name="228" Value="c:\Temp\sandbox\AzureCustomerCache\CustomerCacheModel\CustomerCache.classdiagram&lt;12/19/2011 10:44:38 AM&gt;" />
   <Option Name="229" Value="C:\Users\andrew.RIVERCITY\AppData\Local\Temp\GSE10E4.tmp.cs&lt;12/19/2011 9:43:58 AM&gt;" />
   <Option Name="230" Value="c:\Temp\sandbox\AzureCustomerCache\CustomerCacheOData\AzureLocalStorageTraceListener.cs&lt;12/19/2011 8:28:49 AM&gt;" />
   <Option Name="231" Value="c:\Temp\sandbox\AzureCustomerCache\CustomerCacheOData\WebRole.cs&lt;12/19/2011 8:28:37 AM&gt;" />
   <Option Name="232" Value="c:\Temp\sandbox\AzureCustomerCache\CustomerCacheOData\Service1.svc&lt;12/19/2011 8:28:14 AM&gt;" />
   <Option Name="233" Value="c:\Temp\sandbox\AzureCustomerCache\CustomerCacheOData\CustomerCacheManagement.cs&lt;12/19/2011 8:27:26 AM&gt;" />
   <Option Name="234" Value="c:\Temp\sandbox\AzureCustomerCache\CustomerCacheOData\IService1.cs&lt;12/19/2011 8:23:05 AM&gt;" />
   <Option Name="235" Value="c:\Temp\sandbox\AzureCustomerCache\CustomerCacheOData\Service1.svc.cs&lt;12/19/2011 8:22:58 AM&gt;" />
   <Option Name="236" Value="c:\Temp\sandbox\AzureCustomerCache\CustomerCacheOData\CustomerCache.svc&lt;12/19/2011 8:22:34 AM&gt;" />
   <Option Name="237" Value="c:\Temp\sandbox\AzureCustomerCache\CustomerCacheOData\CustomerCache.svc.cs&lt;12/19/2011 8:21:38 AM&gt;" />
   <Option Name="238" Value="c:\Temp\sandbox\AzureCustomerCache\CustomerCacheOData\packages.config&lt;12/19/2011 8:21:17 AM&gt;" />
   <Option Name="239" Value="c:\Temp\sandbox\AzureCustomerCache\CustomerCache\LicensedCourse.cs&lt;12/19/2011 8:13:37 AM&gt;" />
   <Option Name="240" Value="c:\Temp\sandbox\AzureCustomerCache\CustomerCache\AlternateEmail.cs&lt;12/19/2011 8:12:38 AM&gt;" />
   <Option Name="241" Value="c:\Temp\sandbox\AzureCustomerCache\CustomerCache\WebsiteData.cs&lt;12/19/2011 7:20:01 AM&gt;" />
   <Option Name="242" Value="c:\Temp\sandbox\AzureCustomerCache\CustomerCache\Customer.cs&lt;12/19/2011 7:03:36 AM&gt;" />
   <Option Name="243" Value="c:\Temp\sandbox\AzureCustomerCache\CustomerCache\PickList.cs&lt;12/19/2011 6:52:11 AM&gt;" />
   <Option Name="244" Value="c:\Temp\sandbox\AzureCustomerCache\CustomerCache\ActivityHistory.cs&lt;12/19/2011 6:48:22 AM&gt;" />
   <Option Name="245" Value="c:\Temp\sandbox\AzureCustomerCache\CustomerCache\PickListValue.cs&lt;12/19/2011 6:42:35 AM&gt;" />
   <Option Name="246" Value="c:\Temp\sandbox\AzureCustomerCache\CustomerCache\CrmData.cs&lt;12/19/2011 6:42:21 AM&gt;" />
   <Option Name="247" Value="c:\Temp\sandbox\AzureCustomerCache\CustomerCache\Log.cs&lt;12/19/2011 5:40:48 AM&gt;" />
   <Option Name="248" Value="c:\Temp\sandbox\AzureCustomerCache\CustomerCache\CrmCustomer.cs&lt;12/19/2011 5:40:48 AM&gt;" />
   <Option Name="249" Value="c:\Temp\sandbox\AzureCustomerCache\CustomerCache\Setting.cs&lt;12/19/2011 5:40:48 AM&gt;" />
   <Option Name="250" Value="C:\Users\andrew.RIVERCITY\AppData\Local\Temp\GSED3E5.tmp.cs&lt;12/17/2011 9:03:53 PM&gt;" />
   <Option Name="251" Value="C:\Users\andrew.RIVERCITY\AppData\Local\Temp\GSE1BF9.tmp.cs&lt;12/17/2011 8:59:50 PM&gt;" />
   <Option Name="252" Value="C:\Users\andrew.RIVERCITY\AppData\Local\Temp\GSE114E.tmp.cs&lt;12/17/2011 8:58:41 PM&gt;" />
   <Option Name="253" Value="C:\Program Files (x86)\MSBuild\Microsoft\VisualStudio\v10.0\Windows Azure Tools\1.5\Microsoft.WindowsAzure.targets&lt;12/17/2011 8:40:38 PM&gt;" />
   <Option Name="254" Value="C:\Dev\CPT\CustomerDataCache\Source\trunk\CustomerSyncEngine\Providers\LocalCacheModel.edmx&lt;12/17/2011 7:04:23 AM&gt;" />
   <Option Name="255" Value="c:\temp\sandbox\ConsoleApplication1\PersonModel.edmx.sql&lt;12/16/2011 3:30:54 PM&gt;" />
   <Option Name="256" Value="c:\temp\sandbox\ConsoleApplication1\PersonModel.edmx&lt;12/16/2011 3:28:41 PM&gt;" />
   <Option Name="257" Value="c:\temp\sandbox\ConsoleApplication1\app.config&lt;12/16/2011 3:28:04 PM&gt;" />
   <Option Name="258" Value="c:\temp\sandbox\ConsoleApplication1\Program.cs&lt;12/16/2011 3:28:02 PM&gt;" />
   <Option Name="259" Value="c:\temp\sandbox\ConsoleApplication1\Properties\AssemblyInfo.cs&lt;12/16/2011 3:28:00 PM&gt;" />
   <Option Name="260" Value="c:\temp\sandbox\ConsoleApplication1\packages.config&lt;12/16/2011 3:27:49 PM&gt;" />
   <Option Name="261" Value="C:\Dev\CPT\CustomerDataCache\Source\trunk\CustomerSyncEngine.Tests\PickListTests.cs&lt;12/16/2011 8:32:53 AM&gt;" />
   <Option Name="262" Value="C:\Dev\CPT\CustomerDataCache\Source\trunk\CustomerSyncEngine\Customer.cs&lt;12/16/2011 6:37:27 AM&gt;" />
   <Option Name="263" Value="C:\Dev\CPT\CustomerDataCache\Source\trunk\CustomerSyncEngine.Tests\CustomerTest.cs&lt;12/15/2011 5:12:07 PM&gt;" />
   <Option Name="264" Value="C:\Dev\CPT\CustomerDataCache\Source\trunk\CustomerSyncEngine.Tests\LoggingServiceTest.cs&lt;12/15/2011 4:13:14 PM&gt;" />
   <Option Name="265" Value="C:\Dev\CPT\CustomerDataCache\Source\trunk\CustomerSyncEngine\PickList.cs&lt;12/15/2011 3:57:40 PM&gt;" />
   <Option Name="266" Value="C:\Dev\CPT\CustomerDataCache\Source\trunk\CustomerSyncEngine\State.cs&lt;12/15/2011 3:57:38 PM&gt;" />
   <Option Name="267" Value="C:\Dev\CPT\CustomerDataCache\Source\trunk\CustomerDataSync.snk&lt;12/15/2011 6:49:02 AM&gt;" />
   <Option Name="268" Value="C:\Dev\CPT\CustomerDataCache\Source\trunk\CustomerSyncEngine.Tests\UtilitiesTest.cs&lt;12/15/2011 6:28:35 AM&gt;" />
   <Option Name="269" Value="C:\Dev\CPT\CustomerDataCache\Source\trunk\CustomerSyncEngine.Tests\Sync\CustomerSyncEngineTests.cs&lt;12/15/2011 5:35:35 AM&gt;" />
   <Option Name="270" Value="C:\Dev\CPT\CustomerDataCache\Source\trunk\CustomerSyncEngine\App.Config&lt;12/14/2011 2:46:06 PM&gt;" />
   <Option Name="271" Value="C:\Dev\CPT\CustomerDataCache\Source\trunk\CustomerSyncEngine\Providers\ConnectionStringParsingException.cs&lt;12/14/2011 2:17:10 PM&gt;" />
   <Option Name="272" Value="C:\Dev\CPT\CustomerDataCache\Source\trunk\CustomerSyncEngine\Providers\LocalCacheModel.edmx.sql&lt;12/14/2011 1:54:14 PM&gt;" />
   <Option Name="273" Value="C:\Dev\CPT\CustomerDataCache\Source\trunk\ArchOverview.vsd&lt;12/14/2011 1:20:25 PM&gt;" />
   <Option Name="274" Value="C:\Dev\CPT\CustomerDataCache\Source\trunk\CustomerSyncEngine\StateCollection.cs&lt;12/14/2011 11:29:21 AM&gt;" />
   <Option Name="275" Value="C:\Dev\CPT\CustomerDataCache\Source\trunk\ModelsLib\GeneratedCode\PickListAction.cs&lt;12/14/2011 11:16:15 AM&gt;" />
   <Option Name="276" Value="C:\Dev\CPT\CustomerDataCache\Source\trunk\ModelsLib\GeneratedCode\PickListSyncResult.cs&lt;12/14/2011 11:15:59 AM&gt;" />
   <Option Name="277" Value="C:\Dev\CPT\CustomerDataCache\Source\trunk\CustomerSyncEngine\Providers\Utilities.cs&lt;12/14/2011 11:01:13 AM&gt;" />
   <Option Name="278" Value="C:\Dev\CPT\CustomerDataCache\Source\trunk\_libraries\Moq.xml&lt;12/14/2011 10:24:34 AM&gt;" />
   <Option Name="279" Value="C:\Dev\CPT\CustomerDataCache\Source\trunk\_libraries\Moq.dll&lt;12/14/2011 10:24:33 AM&gt;" />
   <Option Name="280" Value="C:\Dev\ACI\O365RI\trunk\O365RI\app.config&lt;12/12/2011 4:06:58 PM&gt;" />
   <Option Name="281" Value="C:\Dev\ACI\O365RI\trunk\O365RI\Properties\Settings.settings&lt;12/12/2011 4:06:58 PM&gt;" />
   <Option Name="282" Value="C:\Dev\ACI\O365RI\trunk\O365RI\ClaimsWebClient.cs&lt;12/12/2011 4:03:08 PM&gt;" />
   <Option Name="283" Value="C:\Dev\ACI\O365RI\trunk\O365RI\Web References\SharePointOnlineListsWebService\Reference.cs&lt;12/12/2011 4:00:35 PM&gt;" />
   <Option Name="284" Value="C:\Dev\ACI\O365RI\trunk\O365RI\Program.cs&lt;12/12/2011 4:00:05 PM&gt;" />
   <Option Name="285" Value="C:\Dev\ACI\O365RI\trunk\O365RI\MSDN\WSTrustFeb2005ContractClient.cs&lt;12/12/2011 3:59:30 PM&gt;" />
   <Option Name="286" Value="C:\Dev\ACI\O365RI\trunk\O365RI\MSDN\RequestBodyWriter.cs&lt;12/12/2011 3:59:30 PM&gt;" />
   <Option Name="287" Value="C:\Dev\ACI\O365RI\trunk\O365RI\MSDN\MsOnlineClaimsHelper.cs&lt;12/12/2011 3:59:29 PM&gt;" />
   <Option Name="288" Value="C:\Dev\ACI\O365RI\trunk\O365RI\MSDN\IWSTrustFeb2005Contract.cs&lt;12/12/2011 3:59:27 PM&gt;" />
   <Option Name="289" Value="C:\Dev\ACI\O365RI\trunk\O365RI\Properties\AssemblyInfo.cs&lt;12/12/2011 3:08:31 PM&gt;" />
   <Option Name="290" Value="C:\Dev\ACI\O365RI\trunk\O365RI\MSDN\WcfClientContracts.cs&lt;12/12/2011 2:25:16 PM&gt;" />
   <Option Name="291" Value="C:\Dev\ACI\O365RI\trunk\Microsoft.SharePoint.Client.Runtime.dll&lt;12/12/2011 2:15:16 PM&gt;" />
   <Option Name="292" Value="C:\Dev\ACI\O365RI\trunk\Microsoft.SharePoint.Client.dll&lt;12/12/2011 2:15:16 PM&gt;" />
   <Option Name="293" Value="C:\Dev\References\SharePoint\W15\Apps\From MikeAm1\spdt\Properties\AssemblyInfo.cs&lt;11/28/2011 9:18:14 PM&gt;" />
   <Option Name="294" Value="C:\Dev\ACI\PathfinderCfCardUtility\trunk\PathfinderCfCardUtility\Services\DataService\MusicDataService.cs&lt;11/23/2011 11:51:15 AM&gt;" />
   <Option Name="295" Value="C:\Dev\ACI\PathfinderCfCardUtility\trunk\PathfinderCfCardUtility\MainWindow.xaml.cs&lt;11/23/2011 11:51:15 AM&gt;" />
   <Option Name="296" Value="C:\Dev\ACI\PathfinderCfCardUtility\trunk\PathfinderCfCardUtility\ViewModel\MainViewModel.cs&lt;11/23/2011 11:51:15 AM&gt;" />
   <Option Name="297" Value="C:\Dev\ACI\PathfinderCfCardUtility\trunk\PathfinderCfCardUtility\Model\MusicDatabase.cs&lt;11/23/2011 11:51:15 AM&gt;" />
   <Option Name="298" Value="C:\Dev\ACI\PathfinderCfCardUtility\trunk\PathfinderCfCardUtility\Properties\AssemblyInfo.cs&lt;11/23/2011 11:29:14 AM&gt;" />
   <Option Name="299" Value="C:\Dev\ACI\PathfinderCfCardUtility\trunk\PathfinderCfCardUtility.Test\Properties\AssemblyInfo.cs&lt;11/23/2011 11:29:14 AM&gt;" />
   <Option Name="300" Value="C:\Dev\ACI\ACsCichlids\source\trunk\ACsCichlids.Data\ACsCichlids.edmx.sql&lt;11/4/2011 6:34:35 PM&gt;" />
   <Option Name="301" Value="C:\Dev\ACI\ACsCichlids\source\trunk\ACsCichlids.Data\ACsCichlids.edmx&lt;11/4/2011 6:34:18 PM&gt;" />
   <Option Name="302" Value="C:\Dev\ACI\ACsCichlids\source\trunk\ACsCichlids.StoreFront\CichlidProfileControl.ascx.cs&lt;11/4/2011 6:09:05 PM&gt;" />
   <Option Name="303" Value="C:\Dev\ACI\ACsCichlids\source\trunk\ACsCichlids.StoreFront\CichlidProfileControl.ascx&lt;11/4/2011 6:08:56 PM&gt;" />
   <Option Name="304" Value="C:\Dev\ACI\ACsCichlids\source\trunk\ACsCichlids.StoreFront\ProfileMini.aspx&lt;11/4/2011 6:08:45 PM&gt;" />
   <Option Name="305" Value="C:\Dev\ACI\ACsCichlids\source\trunk\ACsCichlids.StoreFront\CichlidDatabaseMini.aspx.cs&lt;11/4/2011 6:07:27 PM&gt;" />
   <Option Name="306" Value="C:\Dev\ACI\ACsCichlids\source\trunk\ACsCichlids.StoreFront\CichlidDatabaseMini.aspx&lt;11/4/2011 6:07:14 PM&gt;" />
   <Option Name="307" Value="C:\Dev\ACI\ACsCichlids\source\trunk\ACsCichlids.SharePoint\Package\Package.package&lt;11/4/2011 6:07:10 PM&gt;" />
   <Option Name="308" Value="C:\Dev\ACI\ACsCichlids\source\trunk\ACsCichlids.Data.Services\AfricanCichlids.svc.cs&lt;11/4/2011 6:05:27 PM&gt;" />
   <Option Name="309" Value="C:\Dev\ACI\ACsCichlids\source\trunk\ACsCichlids.StoreFront\WebRole.cs&lt;11/4/2011 6:01:11 PM&gt;" />
   <Option Name="310" Value="C:\Dev\ACI\ProductBrowserMvvm\ProductBrowser\Services\DataService\ProductCsomDataService.cs&lt;11/4/2011 5:21:04 PM&gt;" />
   <Option Name="311" Value="C:\Dev\ACI\ProductBrowserMvvm\ProductBrowser\Services\ServiceProvider.cs&lt;11/4/2011 5:21:04 PM&gt;" />
   <Option Name="312" Value="C:\Dev\ACI\ProductBrowserMvvm\ProductBrowser\Services\DesignService\DesignProductCategories.cs&lt;11/4/2011 5:21:04 PM&gt;" />
   <Option Name="313" Value="C:\Dev\ACI\ProductBrowserMvvm\ProductBrowser\Services\DesignServiceProvider.cs&lt;11/4/2011 5:21:04 PM&gt;" />
   <Option Name="314" Value="C:\Dev\ACI\ProductBrowserMvvm\ProductBrowser\Services\ServiceProviderBase.cs&lt;11/4/2011 5:21:04 PM&gt;" />
   <Option Name="315" Value="C:\Dev\ACI\ProductBrowserMvvm\ProductBrowser\Services\DataServiceSourceType.cs&lt;11/4/2011 5:21:04 PM&gt;" />
   <Option Name="316" Value="C:\Dev\ACI\ProductBrowserMvvm\ProductBrowser\Services\DataService\DataServiceBase.cs&lt;11/4/2011 5:21:04 PM&gt;" />
   <Option Name="317" Value="C:\Dev\ACI\ProductBrowserMvvm\ProductBrowser\Services\IProductDataService.cs&lt;11/4/2011 5:21:04 PM&gt;" />
   <Option Name="318" Value="C:\Dev\ACI\ProductBrowserMvvm\ProductBrowser\Services\DesignService\DesignProducts.cs&lt;11/4/2011 5:21:04 PM&gt;" />
   <Option Name="319" Value="C:\Dev\ACI\ProductBrowserMvvm\ProductBrowser\obj\Debug\Views\SettingsDialog.g.i.cs&lt;11/4/2011 5:21:04 PM&gt;" />
   <Option Name="320" Value="C:\Dev\ACI\ProductBrowserMvvm\ProductBrowser\obj\Debug\Views\MainPage.g.i.cs&lt;11/4/2011 5:21:04 PM&gt;" />
   <Option Name="321" Value="C:\Dev\ACI\ProductBrowserMvvm\ProductBrowser\Messages\DataServiceTypeChangedMessage.cs&lt;11/4/2011 5:21:04 PM&gt;" />
   <Option Name="322" Value="C:\Dev\ACI\ProductBrowserMvvm\ProductBrowser\Messages\ProductSaveDialogMessage.cs&lt;11/4/2011 5:21:04 PM&gt;" />
   <Option Name="323" Value="C:\Dev\ACI\ProductBrowserMvvm\ProductBrowser\Messages\LaunchSettingsDialogMessage.cs&lt;11/4/2011 5:21:04 PM&gt;" />
   <Option Name="324" Value="C:\Dev\ACI\ProductBrowserMvvm\ProductBrowser\Messages\LaunchProductEditMessage.cs&lt;11/4/2011 5:21:04 PM&gt;" />
   <Option Name="325" Value="C:\Dev\ACI\ProductBrowserMvvm\ProductBrowser\Messages\ProductCategorySelectedMessage.cs&lt;11/4/2011 5:21:04 PM&gt;" />
   <Option Name="326" Value="C:\Dev\ACI\ProductBrowserMvvm\ProductBrowser\Messages\CsomDataServiceErrorMessage.cs&lt;11/4/2011 5:21:04 PM&gt;" />
   <Option Name="327" Value="C:\Dev\ACI\ProductBrowserMvvm\ProductBrowser\ViewModel\ViewModelLocator.cs&lt;11/4/2011 5:21:04 PM&gt;" />
   <Option Name="328" Value="C:\Dev\ACI\ProductBrowserMvvm\ProductBrowser\Model\ProductCategory.cs&lt;11/4/2011 5:21:04 PM&gt;" />
   <Option Name="329" Value="C:\Dev\ACI\ProductBrowserMvvm\ProductBrowser\Model\Product.cs&lt;11/4/2011 5:21:04 PM&gt;" />
   <Option Name="330" Value="C:\Dev\ACI\ProductBrowserMvvm\ProductBrowser\Model\IsBusyModel.cs&lt;11/4/2011 5:21:04 PM&gt;" />
   <Option Name="331" Value="C:\Dev\ACI\ProductBrowserMvvm\ProductBrowser\Properties\Resources.Designer.cs&lt;11/4/2011 5:21:04 PM&gt;" />
   <Option Name="332" Value="C:\Dev\ACI\ProductBrowserMvvm\ProductBrowser\NotifiableObject.cs&lt;11/4/2011 5:21:04 PM&gt;" />
   <Option Name="333" Value="C:\Dev\ACI\ProductBrowserMvvm\ProductBrowser\Service References\SlMvvmListDataService\Reference.cs&lt;11/4/2011 5:21:04 PM&gt;" />
   <Option Name="334" Value="C:\Dev\ACI\ProductBrowserMvvm\ProductBrowser\obj\Debug\Views\ProductDetailDialog.g.i.cs&lt;11/4/2011 5:21:04 PM&gt;" />
   <Option Name="335" Value="C:\Dev\ACI\ProductBrowserMvvm\ProductBrowser\Global.cs&lt;11/4/2011 5:21:04 PM&gt;" />
   <Option Name="336" Value="C:\Dev\ACI\ProductBrowserMvvm\ProductBrowser\ClientOMHelper.cs&lt;11/4/2011 5:21:03 PM&gt;" />
   <Option Name="337" Value="C:\Dev\ACI\ProductBrowserMvvm\ProductBrowser\App.xaml.cs&lt;11/4/2011 5:21:03 PM&gt;" />
   <Option Name="338" Value="C:\Dev\ACI\ProductBrowserMvvm\ProductBrowser\Views\MainPage.xaml.cs&lt;11/4/2011 5:21:01 PM&gt;" />
   <Option Name="339" Value="C:\Dev\ACI\ProductBrowserMvvm\ProductBrowser\Views\MainPage.xaml&lt;11/4/2011 5:20:59 PM&gt;" />
   <Option Name="340" Value="C:\Users\andrew.RIVERCITY\AppData\Local\Temp\GSE2757.tmp.cs&lt;11/4/2011 5:18:40 PM&gt;" />
   <Option Name="341" Value="C:\Users\andrew.RIVERCITY\AppData\Local\Temp\GSE2756.tmp.cs&lt;11/4/2011 5:18:40 PM&gt;" />
   <Option Name="342" Value="C:\Users\andrew.RIVERCITY\AppData\Local\Temp\GSE2745.tmp.cs&lt;11/4/2011 5:18:40 PM&gt;" />
   <Option Name="343" Value="C:\Dev\ACI\ProductBrowserMvvm\ProductBrowser\ViewModel\MainViewModel.cs&lt;11/4/2011 5:15:47 PM&gt;" />
   <Option Name="344" Value="C:\Dev\ACI\ProductBrowserMvvm\ProductBrowserTest.UI\Properties\AssemblyInfo.cs&lt;11/4/2011 5:14:38 PM&gt;" />
   <Option Name="345" Value="C:\Dev\ACI\ProductBrowserMvvm\ProductBrowserInstaller\Properties\AssemblyInfo.cs&lt;11/4/2011 5:14:38 PM&gt;" />
   <Option Name="346" Value="C:\Dev\ACI\ProductBrowserMvvm\ProductBrowserTest.Web\Properties\AssemblyInfo.cs&lt;11/4/2011 5:14:38 PM&gt;" />
   <Option Name="347" Value="C:\Dev\ACI\ProductBrowserMvvm\ProductBrowserTest\Properties\AssemblyInfo.cs&lt;11/4/2011 5:14:38 PM&gt;" />
   <Option Name="348" Value="C:\Dev\ACI\ProductBrowserMvvm\ProductBrowser\Properties\AssemblyInfo.cs&lt;11/4/2011 5:14:38 PM&gt;" />
   <Option Name="349" Value="C:\Dev\ACI\ProductBrowserMvvm\ProductBrowser\Services\DataService\ProductRestDataService.cs&lt;11/4/2011 5:14:23 PM&gt;" />
   <Option Name="350" Value="C:\Dev\ACI\ProductBrowserMvvm\ProductBrowser\Services\DesignService\DesignProductDataService.cs&lt;11/4/2011 5:14:23 PM&gt;" />
   <Option Name="351" Value="C:\Dev\ACI\ProductBrowserMvvm\ProductBrowserInstaller\ProductBrowserXAP\SharePointProjectItem.spdata&lt;11/4/2011 5:14:14 PM&gt;" />
   <Option Name="352" Value="C:\Dev\ACI\ProductBrowserMvvm\ProductBrowserInstaller\Layouts\SharePointProjectItem.spdata&lt;11/4/2011 5:14:14 PM&gt;" />
   <Option Name="353" Value="C:\Dev\ACI\ProductBrowserMvvm\ProductBrowserInstaller\Images\SharePointProjectItem.spdata&lt;11/4/2011 5:14:14 PM&gt;" />
   <Option Name="354" Value="C:\Dev\ACI\ACsCichlids\source\trunk\ACsCichlids.SharePoint\Properties\AssemblyInfo.cs&lt;10/31/2011 6:36:00 AM&gt;" />
   <Option Name="355" Value="C:\Dev\ACI\ACsCichlids\source\trunk\ACsCichlids.StoreFront\Default.aspx&lt;10/31/2011 6:23:44 AM&gt;" />
   <Option Name="356" Value="C:\Dev\ACI\ACsCichlids\source\trunk\ACsCichlids.Data\App.Config&lt;10/31/2011 6:17:27 AM&gt;" />
   <Option Name="357" Value="C:\Dev\ACI\ACsCichlids\source\trunk\ACsCichlids.Data.Services\Web.config&lt;10/31/2011 6:17:21 AM&gt;" />
   <Option Name="358" Value="C:\Dev\ACI\ACsCichlids\source\trunk\InitialDataLoad.sql&lt;10/31/2011 6:16:27 AM&gt;" />
   <Option Name="359" Value="C:\Dev\ACI\ProductBrowserMvvm\ProductBrowserTest\ViewModel\TestMainViewModelRestDataservice.cs&lt;10/30/2011 7:10:52 AM&gt;" />
   <Option Name="360" Value="C:\Dev\ACI\ProductBrowserMvvm\ProductBrowserTest\ViewModel\TestMainViewModelCsomDataservice.cs&lt;10/30/2011 7:10:43 AM&gt;" />
   <Option Name="361" Value="C:\Dev\ACI\ProductBrowserMvvm\ProductBrowserTest\ViewModel\TestMainViewModel.cs&lt;10/30/2011 7:09:35 AM&gt;" />
   <Option Name="362" Value="C:\Dev\ACI\ProductBrowserMvvm\ProductBrowser\App.xaml&lt;10/30/2011 6:44:32 AM&gt;" />
   <Option Name="363" Value="C:\Dev\ACI\ProductBrowserMvvm\ProductBrowserInstaller\Package\Package.package&lt;10/28/2011 3:42:24 PM&gt;" />
   <Option Name="364" Value="C:\Dev\ACI\ACsCichlids\source\trunk\ACsCichlids.StoreFront\ACsCichlids.StoreFront.csproj&lt;10/14/2011 3:22:50 PM&gt;" />
   <Option Name="365" Value="C:\Dev\ACI\ACsCichlids\source\trunk\ACsCichlids.StoreFront\MSDN\WcfClientContracts.cs&lt;10/14/2011 3:12:15 PM&gt;" />
   <Option Name="366" Value="C:\Dev\ACI\ACsCichlids\source\trunk\ACsCichlids.StoreFront\ImportCichlids.aspx&lt;10/5/2011 7:14:33 PM&gt;" />
   <Option Name="367" Value="C:\Dev\ACI\ACsCichlids\source\trunk\ACsCichlids.StoreFront\MSDN\MsOnlineClaimsHelper.cs&lt;10/3/2011 6:03:31 PM&gt;" />
   <Option Name="368" Value="C:\Dev\ACI\ACsCichlids\source\trunk\ACsCichlids.Data.Services\WebRole.cs&lt;10/3/2011 4:39:19 PM&gt;" />
   <Option Name="369" Value="C:\Dev\ACI\ACsCichlids\source\trunk\ACsCichlids.Data.Services\AzureLocalStorageTraceListener.cs&lt;10/3/2011 4:39:19 PM&gt;" />
   <Option Name="370" Value="C:\Dev\CPT\OnDemand Administration\trunk\OnDemandService\OnDemandData.svc.cs&lt;10/3/2011 10:13:22 AM&gt;" />
   <Option Name="371" Value="C:\Dev\CPT\OnDemand Administration\trunk\OnDemandManager\Services\DataServices\CourseDataService.cs&lt;10/3/2011 10:13:22 AM&gt;" />
   <Option Name="372" Value="C:\Dev\CPT\OnDemand Administration\trunk\OnDemandManager\Services\DataServices\ModuleDataService.cs&lt;10/3/2011 10:13:22 AM&gt;" />
   <Option Name="373" Value="C:\Dev\ACI\ACsCichlids\source\trunk\Office365Workspace\Web.config&lt;10/3/2011 2:07:30 AM&gt;" />
   <Option Name="374" Value="C:\Temp\ExampleCmdLine_v2\MsOnlineClaimsHelper.cs&lt;10/2/2011 10:32:32 AM&gt;" />
   <Option Name="375" Value="C:\Temp\ExampleCmdLine_v2\Program.cs&lt;10/2/2011 10:31:59 AM&gt;" />
   <Option Name="376" Value="C:\Dev\ACI\ACsCichlids\source\trunk\ACsCichlids.StoreFront\Styles\Site.css&lt;10/2/2011 10:29:56 AM&gt;" />
   <Option Name="377" Value="C:\Dev\ACI\ACsCichlids\source\trunk\ACsCichlids.StoreFront\Site.Master&lt;10/2/2011 10:29:49 AM&gt;" />
   <Option Name="378" Value="C:\Dev\ACI\ACsCichlids\source\trunk\ACsCichlids.StoreFront\CichlidImportPicture.cs&lt;10/2/2011 10:29:49 AM&gt;" />
   <Option Name="379" Value="C:\Temp\ExampleCmdLine_v1\MsOnlineClaimsHelper.cs&lt;10/2/2011 6:18:41 AM&gt;" />
   <Option Name="380" Value="C:\Temp\ExampleCmdLine_v1\WcfClientContracts.cs&lt;10/2/2011 6:15:33 AM&gt;" />
   <Option Name="381" Value="C:\Temp\ExampleCmdLine_v1\Program.cs&lt;10/2/2011 6:14:42 AM&gt;" />
   <Option Name="382" Value="C:\Temp\ExampleCmdLine_v1\Properties\AssemblyInfo.cs&lt;10/2/2011 6:14:40 AM&gt;" />
   <Option Name="383" Value="C:\Dev\ACI\ACsCichlids\source\trunk\ACsCichlids.StoreFront\CichlidDatabase.aspx.cs&lt;10/1/2011 10:25:04 PM&gt;" />
   <Option Name="384" Value="C:\Dev\ACI\ACsCichlids\source\trunk\ACsCichlids.StoreFront\CichlidToImport.cs&lt;10/1/2011 7:38:34 PM&gt;" />
   <Option Name="385" Value="C:\Temp\dotNet ClientOM\ProductBrowser\ProductChangedEventArgs.cs&lt;10/1/2011 5:36:25 PM&gt;" />
   <Option Name="386" Value="C:\Temp\dotNet ClientOM\ProductBrowser\App.xaml.cs&lt;10/1/2011 5:36:25 PM&gt;" />
   <Option Name="387" Value="C:\Temp\dotNet ClientOM\ProductBrowser\Globals.cs&lt;10/1/2011 5:36:25 PM&gt;" />
   <Option Name="388" Value="C:\Temp\dotNet ClientOM\ProductBrowser\ProductDetails.xaml.cs&lt;10/1/2011 5:36:20 PM&gt;" />
   <Option Name="389" Value="C:\Temp\Program.cs&lt;10/1/2011 5:36:14 PM&gt;" />
   <Option Name="390" Value="C:\Temp\dotNet ClientOM\ProductBrowser\CodeFile1.cs&lt;10/1/2011 5:36:14 PM&gt;" />
   <Option Name="391" Value="C:\Temp\dotNet ClientOM\ProductBrowser\ProductDetails.xaml&lt;10/1/2011 5:36:14 PM&gt;" />
   <Option Name="392" Value="C:\Temp\dotNet ClientOM\ProductBrowser\ListItemConverter.cs&lt;10/1/2011 5:36:14 PM&gt;" />
   <Option Name="393" Value="C:\Temp\dotNet ClientOM\ProductBrowser\MainWindow.xaml&lt;10/1/2011 5:36:14 PM&gt;" />
   <Option Name="394" Value="C:\Temp\dotNet ClientOM\ProductBrowser\MainWindow.xaml.cs&lt;10/1/2011 5:36:14 PM&gt;" />
   <Option Name="395" Value="C:\Temp\dotNet ClientOM\ProductBrowser\Properties\AssemblyInfo.cs&lt;10/1/2011 2:21:22 PM&gt;" />
   <Option Name="396" Value="C:\Users\andrew.RIVERCITY\AppData\Local\Temp\Temp1_ExampleCmdLine (2).zip\ExampleCmdLine\Program.cs&lt;10/1/2011 2:21:01 PM&gt;" />
   <Option Name="397" Value="C:\Temp\ExampleCmdLine\WebApplication1\Site.Master.designer.cs&lt;10/1/2011 11:42:53 AM&gt;" />
   <Option Name="398" Value="C:\Temp\ExampleCmdLine\WebApplication1\Properties\AssemblyInfo.cs&lt;10/1/2011 11:42:51 AM&gt;" />
   <Option Name="399" Value="C:\Temp\ExampleCmdLine\WebApplication1\Web.config&lt;10/1/2011 11:42:43 AM&gt;" />
   <Option Name="400" Value="C:\Temp\ExampleCmdLine\WebApplication1\Site.Master.cs&lt;10/1/2011 11:42:42 AM&gt;" />
   <Option Name="401" Value="C:\Temp\ExampleCmdLine\ExampleCmdLine\Properties\AssemblyInfo.cs&lt;10/1/2011 11:42:27 AM&gt;" />
   <Option Name="402" Value="C:\Temp\ExampleCmdLine\WebApplication1\Default.aspx.designer.cs&lt;10/1/2011 11:42:14 AM&gt;" />
   <Option Name="403" Value="C:\Temp\ExampleCmdLine\WebApplication1\Default.aspx.cs&lt;10/1/2011 11:38:42 AM&gt;" />
   <Option Name="404" Value="C:\Temp\ExampleCmdLine\WebApplication1\Site.Master&lt;10/1/2011 11:35:18 AM&gt;" />
   <Option Name="405" Value="C:\Temp\ExampleCmdLine\WebApplication1\Styles\Site.css&lt;10/1/2011 11:33:05 AM&gt;" />
   <Option Name="406" Value="C:\Temp\ExampleCmdLine\WebApplication1\UpdatePanelAnimation.js&lt;10/1/2011 11:32:39 AM&gt;" />
   <Option Name="407" Value="C:\Temp\ExampleCmdLine\WebApplication1\Default.aspx&lt;10/1/2011 11:32:16 AM&gt;" />
   <Option Name="408" Value="C:\Temp\ExampleCmdLine\WebApplication1\Global.asax.cs&lt;10/1/2011 11:32:15 AM&gt;" />
   <Option Name="409" Value="C:\Temp\ExampleCmdLine\WebApplication1\About.aspx.designer.cs&lt;10/1/2011 11:32:15 AM&gt;" />
   <Option Name="410" Value="C:\Temp\ExampleCmdLine\WebApplication1\About.aspx.cs&lt;10/1/2011 11:32:15 AM&gt;" />
   <Option Name="411" Value="C:\Temp\ExampleCmdLine\WebApplication1\Account\Register.aspx.designer.cs&lt;10/1/2011 11:32:15 AM&gt;" />
   <Option Name="412" Value="C:\Temp\ExampleCmdLine\WebApplication1\Account\Register.aspx.cs&lt;10/1/2011 11:32:15 AM&gt;" />
   <Option Name="413" Value="C:\Temp\ExampleCmdLine\WebApplication1\Account\Login.aspx.designer.cs&lt;10/1/2011 11:32:15 AM&gt;" />
   <Option Name="414" Value="C:\Temp\ExampleCmdLine\WebApplication1\Account\Login.aspx.cs&lt;10/1/2011 11:32:15 AM&gt;" />
   <Option Name="415" Value="C:\Temp\ExampleCmdLine\WebApplication1\Account\ChangePasswordSuccess.aspx.designer.cs&lt;10/1/2011 11:32:15 AM&gt;" />
   <Option Name="416" Value="C:\Temp\ExampleCmdLine\WebApplication1\Account\ChangePasswordSuccess.aspx.cs&lt;10/1/2011 11:32:15 AM&gt;" />
   <Option Name="417" Value="C:\Temp\ExampleCmdLine\WebApplication1\Account\ChangePassword.aspx.designer.cs&lt;10/1/2011 11:32:15 AM&gt;" />
   <Option Name="418" Value="C:\Temp\ExampleCmdLine\WebApplication1\Account\ChangePassword.aspx.cs&lt;10/1/2011 11:32:15 AM&gt;" />
   <Option Name="419" Value="C:\Temp\ExampleCmdLine\ExampleCmdLine\Program.cs&lt;10/1/2011 6:52:33 AM&gt;" />
   <Option Name="420" Value="C:\Temp\ExampleCmdLine\ExampleCmdLine\WcfClientContracts.cs&lt;10/1/2011 6:51:54 AM&gt;" />
   <Option Name="421" Value="C:\Temp\ExampleCmdLine\ExampleCmdLine\MsOnlineClaimsHelper.cs&lt;10/1/2011 6:51:37 AM&gt;" />
   <Option Name="422" Value="C:\Dev\ACI\ACsCichlids\source\trunk\ACsCichlids.StoreFront\Site.Master.designer.cs&lt;10/1/2011 6:43:50 AM&gt;" />
   <Option Name="423" Value="C:\Dev\ACI\ACsCichlids\source\trunk\ACsCichlids.StoreFront\ProfileMini.aspx.cs&lt;10/1/2011 6:43:40 AM&gt;" />
   <Option Name="424" Value="C:\Dev\ACI\ACsCichlids\source\trunk\ACsCichlids.StoreFront\ProfileFull.aspx.cs&lt;10/1/2011 6:43:33 AM&gt;" />
   <Option Name="425" Value="C:\Dev\ACI\ACsCichlids\source\trunk\ACsCichlids.StoreFront\About.aspx&lt;10/1/2011 6:43:24 AM&gt;" />
   <Option Name="426" Value="C:\Dev\ACI\ACsCichlids\source\trunk\ACsCichlids.StoreFront\CichlidDatabaseMini.aspx.designer.cs&lt;10/1/2011 6:42:48 AM&gt;" />
   <Option Name="427" Value="C:\Dev\ACI\ACsCichlids\source\trunk\ACsCichlids.StoreFront\CichlidsDatabaseMini.aspx&lt;10/1/2011 6:42:27 AM&gt;" />
   <Option Name="428" Value="C:\Dev\ACI\ACsCichlids\source\trunk\ACsCichlids.StoreFront\Default.aspx.cs&lt;10/1/2011 6:42:19 AM&gt;" />
   <Option Name="429" Value="C:\Dev\ACI\ACsCichlids\source\trunk\ACsCichlids.StoreFront\Global.asax.cs&lt;10/1/2011 6:42:16 AM&gt;" />
   <Option Name="430" Value="C:\Dev\ACI\ACsCichlids\source\trunk\ACsCichlids.StoreFront\packages.config&lt;10/1/2011 6:42:13 AM&gt;" />
   <Option Name="431" Value="C:\Dev\ACI\ACsCichlids\source\trunk\ACsCichlids.StoreFront\Site.Master.cs&lt;10/1/2011 6:42:10 AM&gt;" />
   <Option Name="432" Value="C:\Dev\ACI\ACsCichlids\source\trunk\ACsCichlids.StoreFront\ImportCichlids.aspx.designer.cs&lt;10/1/2011 6:41:53 AM&gt;" />
   <Option Name="433" Value="C:\Dev\ACI\ACsCichlids\source\trunk\readme.txt&lt;10/1/2011 6:06:11 AM&gt;" />
   <Option Name="434" Value="C:\Dev\ACI\ACsCichlids\source\trunk\ACsCichlids.StoreFront\CichlidsDatabaseMini.aspx.designer.cs&lt;9/30/2011 8:50:43 PM&gt;" />
   <Option Name="435" Value="C:\Dev\ACI\ACsCichlids\source\trunk\ACsCichlids.StoreFront\CichlidsDatabaseMini.aspx.cs&lt;9/30/2011 8:50:43 PM&gt;" />
   <Option Name="436" Value="C:\Dev\ACI\ACsCichlids\source\trunk\ACsCichlids.StoreFront\ProfileFull.aspx&lt;9/30/2011 8:50:19 PM&gt;" />
   <Option Name="437" Value="C:\Dev\ACI\ACsCichlids\source\trunk\ACsCichlids.StoreFront\CichlidDatabase.aspx&lt;9/30/2011 8:44:21 PM&gt;" />
   <Option Name="438" Value="C:\Temp\ECMAScript ClientOM\ProductBrowser\Layouts\WingtipProductBrowser\EcmaScript.aspx&lt;9/30/2011 3:04:38 PM&gt;" />
   <Option Name="439" Value="C:\Temp\ECMAScript ClientOM\ProductBrowser\Package\Package.package&lt;9/30/2011 3:04:20 PM&gt;" />
   <Option Name="440" Value="C:\Temp\ECMAScript ClientOM\ProductBrowser\Layouts\SharePointProjectItem.spdata&lt;9/30/2011 3:04:13 PM&gt;" />
   <Option Name="441" Value="C:\Temp\ECMAScript ClientOM\ProductBrowser\Images\SharePointProjectItem.spdata&lt;9/30/2011 3:04:13 PM&gt;" />
   <Option Name="442" Value="C:\Dev\ACI\ACsCichlids\source\trunk\ACsCichlids.StoreFront\CichlidPictureControl.ascx.cs&lt;9/30/2011 2:04:37 PM&gt;" />
   <Option Name="443" Value="C:\Dev\ACI\ACsCichlids\source\trunk\ACsCichlids.StoreFront\ProfileMini.aspx.designer.cs&lt;9/30/2011 1:53:28 PM&gt;" />
   <Option Name="444" Value="C:\Dev\ACI\ACsCichlids\source\trunk\ACsCichlids.StoreFront\CichlidPictureControl.ascx.designer.cs&lt;9/30/2011 1:49:25 PM&gt;" />
   <Option Name="445" Value="C:\Dev\ACI\ACsCichlids\source\trunk\ACsCichlids.StoreFront\PictureType.cs&lt;9/30/2011 1:39:17 PM&gt;" />
   <Option Name="446" Value="C:\Dev\ACI\ACsCichlids\source\trunk\ACsCichlids.StoreFront\ProfileFull.aspx.designer.cs&lt;9/30/2011 1:36:57 PM&gt;" />
   <Option Name="447" Value="C:\Dev\ACI\ACsCichlids\source\trunk\ACsCichlids.StoreFront\CichlidPictureControl.ascx&lt;9/30/2011 1:35:38 PM&gt;" />
   <Option Name="448" Value="C:\Dev\ACI\ACsCichlids\source\trunk\ACsCichlids.StoreFront\Detail.aspx.designer.cs&lt;9/30/2011 1:33:35 PM&gt;" />
   <Option Name="449" Value="C:\Dev\ACI\ACsCichlids\source\trunk\ACsCichlids.StoreFront\CichlidProfileControl.ascx.designer.cs&lt;9/30/2011 1:25:05 PM&gt;" />
   <Option Name="450" Value="C:\Dev\ACI\ACsCichlids\source\trunk\ACsCichlids.StoreFront\WebUserControl0.ascx&lt;9/30/2011 1:24:50 PM&gt;" />
   <Option Name="451" Value="C:\Dev\ACI\ACsCichlids\source\trunk\ACsCichlids.StoreFront\Detail.aspx.cs&lt;9/30/2011 10:46:57 AM&gt;" />
   <Option Name="452" Value="C:\Dev\ACI\ACsCichlids\source\trunk\ACsCichlids.StoreFront\Detail.aspx&lt;9/30/2011 10:46:50 AM&gt;" />
   <Option Name="453" Value="C:\Dev\ACI\ACsCichlids\source\trunk\ACsCichlids.StoreFront\CichlidDatabase.aspx.designer.cs&lt;9/30/2011 10:45:16 AM&gt;" />
   <Option Name="454" Value="C:\Dev\ACI\ACsCichlids\source\trunk\ACsCichlids.StoreFront\Service References\AndrewConnell.ACsCichlids.Data.OData\Reference.datasvcmap&lt;9/30/2011 10:08:21 AM&gt;" />
   <Option Name="455" Value="C:\Dev\ACI\ACsCichlids\source\trunk\ACsCichlids.StoreFront\Default.aspx.designer.cs&lt;9/30/2011 9:51:57 AM&gt;" />
   <Option Name="456" Value="C:\Dev\ACI\ACsCichlids\source\trunk\ACsCichlids.StoreFront\Account\Web.config&lt;9/30/2011 9:51:54 AM&gt;" />
   <Option Name="457" Value="C:\Dev\ACI\ACsCichlids\source\trunk\ACsCichlids.StoreFront\Account\Register.aspx&lt;9/30/2011 9:51:52 AM&gt;" />
   <Option Name="458" Value="C:\Dev\ACI\ACsCichlids\source\trunk\ACsCichlids.StoreFront\Account\Login.aspx&lt;9/30/2011 9:51:51 AM&gt;" />
   <Option Name="459" Value="C:\Dev\ACI\ACsCichlids\source\trunk\ACsCichlids.StoreFront\Account\ChangePasswordSuccess.aspx&lt;9/30/2011 9:51:50 AM&gt;" />
   <Option Name="460" Value="C:\Dev\ACI\ACsCichlids\source\trunk\ACsCichlids.StoreFront\Account\ChangePassword.aspx&lt;9/30/2011 9:51:49 AM&gt;" />
   <Option Name="461" Value="C:\Dev\ACI\ACsCichlids\source\trunk\ACsCichlids.StoreFront\Global.asax&lt;9/30/2011 9:50:20 AM&gt;" />
   <Option Name="462" Value="C:\Dev\ACI\ACsCichlids\source\trunk\ACsCichlids.StoreFront\Account\Register.aspx.designer.cs&lt;9/30/2011 9:50:18 AM&gt;" />
   <Option Name="463" Value="C:\Dev\ACI\ACsCichlids\source\trunk\ACsCichlids.StoreFront\Account\Register.aspx.cs&lt;9/30/2011 9:50:18 AM&gt;" />
   <Option Name="464" Value="C:\Dev\ACI\ACsCichlids\source\trunk\ACsCichlids.StoreFront\Account\Login.aspx.designer.cs&lt;9/30/2011 9:50:17 AM&gt;" />
   <Option Name="465" Value="C:\Dev\ACI\ACsCichlids\source\trunk\ACsCichlids.StoreFront\Account\Login.aspx.cs&lt;9/30/2011 9:50:16 AM&gt;" />
   <Option Name="466" Value="C:\Dev\ACI\ACsCichlids\source\trunk\ACsCichlids.StoreFront\Account\ChangePasswordSuccess.aspx.designer.cs&lt;9/30/2011 9:50:16 AM&gt;" />
   <Option Name="467" Value="C:\Dev\ACI\ACsCichlids\source\trunk\ACsCichlids.StoreFront\Account\ChangePasswordSuccess.aspx.cs&lt;9/30/2011 9:50:15 AM&gt;" />
   <Option Name="468" Value="C:\Dev\ACI\ACsCichlids\source\trunk\ACsCichlids.StoreFront\Account\ChangePassword.aspx.designer.cs&lt;9/30/2011 9:50:14 AM&gt;" />
   <Option Name="469" Value="C:\Dev\ACI\ACsCichlids\source\trunk\ACsCichlids.StoreFront\Account\ChangePassword.aspx.cs&lt;9/30/2011 9:50:14 AM&gt;" />
   <Option Name="470" Value="C:\Dev\ACI\ACsCichlids\source\trunk\ACsCichlids.StoreFront\About.aspx.designer.cs&lt;9/30/2011 9:50:13 AM&gt;" />
   <Option Name="471" Value="C:\Dev\ACI\ACsCichlids\source\trunk\ACsCichlids.StoreFront\About.aspx.cs&lt;9/30/2011 9:50:10 AM&gt;" />
   <Option Name="472" Value="C:\Dev\ACI\ACsCichlids\source\trunk\ACsCichlids.StoreFront\Controllers\HelloWorldController.cs&lt;9/30/2011 9:38:47 AM&gt;" />
   <Option Name="473" Value="C:\Dev\ACI\ACsCichlids\source\trunk\ACsCichlids.StoreFront\Controllers\AccountController.cs&lt;9/30/2011 9:37:23 AM&gt;" />
   <Option Name="474" Value="C:\Dev\ACI\ACsCichlids\source\trunk\ACsCichlids.StoreFront\Views\Home\Index.cshtml&lt;9/30/2011 9:36:52 AM&gt;" />
   <Option Name="475" Value="C:\Dev\ACI\ACsCichlids\source\trunk\ACsCichlids.StoreFront\Views\Web.config&lt;9/30/2011 9:36:41 AM&gt;" />
   <Option Name="476" Value="C:\Dev\ACI\ACsCichlids\source\trunk\ACsCichlids.StoreFront\Models\AccountModels.cs&lt;9/30/2011 9:34:40 AM&gt;" />
   <Option Name="477" Value="C:\Dev\ACI\ACsCichlids\source\trunk\ACsCichlids.StoreFront\Controllers\HomeController.cs&lt;9/30/2011 9:34:39 AM&gt;" />
   <Option Name="478" Value="C:\Dev\ACI\ACsCichlids\source\trunk\ACsCichlidStoreFront\WebRole.cs&lt;9/30/2011 6:30:00 AM&gt;" />
   <Option Name="479" Value="C:\Dev\ACI\ACsCichlids\source\trunk\ACsCichlidStoreFront\Web.config&lt;9/30/2011 6:29:50 AM&gt;" />
   <Option Name="480" Value="C:\Dev\ACI\ACsCichlids\source\trunk\ACsCichlidStoreFront\packages.config&lt;9/30/2011 6:29:48 AM&gt;" />
   <Option Name="481" Value="C:\Dev\ACI\ACsCichlids\source\trunk\ACsCichlidStoreFront\Global.asax.cs&lt;9/30/2011 6:29:40 AM&gt;" />
   <Option Name="482" Value="C:\Dev\ACI\ACsCichlids\source\trunk\ACsCichlidStoreFront\Views\Shared\Error.aspx&lt;9/30/2011 6:29:36 AM&gt;" />
   <Option Name="483" Value="C:\Dev\ACI\ACsCichlids\source\trunk\CichlidServices\AzureLocalStorageTraceListener.cs&lt;9/30/2011 6:23:34 AM&gt;" />
   <Option Name="484" Value="C:\Dev\ACI\ACsCichlids\source\trunk\CichlidServices\AfricanCichlids.svc&lt;9/30/2011 6:22:57 AM&gt;" />
   <Option Name="485" Value="C:\Dev\ACI\ACsCichlids\source\trunk\CichlidServices\WebRole.cs&lt;9/30/2011 6:21:42 AM&gt;" />
   <Option Name="486" Value="C:\Dev\ACI\ACsCichlids\source\trunk\ACsCichlidStoreFront\Properties\AssemblyInfo.cs&lt;9/30/2011 6:21:27 AM&gt;" />
   <Option Name="487" Value="C:\Dev\ACI\ACsCichlids\source\trunk\CichlidServices\Properties\AssemblyInfo.cs&lt;9/30/2011 6:21:27 AM&gt;" />
   <Option Name="488" Value="C:\Dev\ACI\ACsCichlids\source\trunk\CichlidServices\AfricanCichlids.svc.cs&lt;9/30/2011 6:15:53 AM&gt;" />
   <Option Name="489" Value="C:\Dev\ACI\ACsCichlids\source\trunk\CichlidServices\Web.config&lt;9/30/2011 6:13:29 AM&gt;" />
   <Option Name="490" Value="C:\Dev\ACI\ACsCichlids\source\trunk\ACsCichlids.Data\ACsCichlids.Designer.cs&lt;9/30/2011 6:13:15 AM&gt;" />
   <Option Name="491" Value="C:\Dev\ACI\ACsCichlids\source\trunk\CichlidServices\Service1.svc.cs&lt;9/30/2011 6:08:32 AM&gt;" />
   <Option Name="492" Value="C:\Dev\ACI\ACsCichlids\source\trunk\CichlidServices\IService1.cs&lt;9/30/2011 6:06:59 AM&gt;" />
   <Option Name="493" Value="C:\Dev\ACI\ACsCichlids\Resources\InitialDataLoad.sql&lt;9/30/2011 5:08:20 AM&gt;" />
   <Option Name="494" Value="C:\Temp\ExampleCmdLine\Program.cs&lt;9/29/2011 3:35:07 PM&gt;" />
   <Option Name="495" Value="C:\Temp\ExampleCmdLine\WcfClientContracts.cs&lt;9/29/2011 3:12:33 PM&gt;" />
   <Option Name="496" Value="C:\Temp\ExampleCmdLine\MsOnlineClaimsHelper.cs&lt;9/29/2011 3:12:18 PM&gt;" />
   <Option Name="497" Value="C:\Temp\AdvancedRibbonControls\AdvancedRibbonControls\StaticFlyoutAnchorWithGallery\AdvancedRibbonControls.FlyoutAnchorPageComponent.js&lt;9/28/2011 1:51:27 PM&gt;" />
   <Option Name="498" Value="c:\temp\advancedribboncontrols\advancedribboncontrols\features\advancedribboncontrols\AdvancedRibbonControls.Template.xml&lt;9/27/2011 5:00:33 PM&gt;" />
   <Option Name="499" Value="C:\Temp\AdvancedRibbonControls\AdvancedRibbonControls\Features\AdvancedRibbonControls\AdvancedRibbonControls.feature&lt;9/27/2011 5:00:33 PM&gt;" />
  </Section>
 </Language>
</Page>