﻿<!--This is a DXCore settings file-->
<Page Name="Shortcuts_Selection_Embedding">
 <Language Name="*Neutral*">
  <Section Name="FolderInfo">
   <Option Name="Enabled" Value="True" />
   <Option Name="Description" Value="Shortcuts for wrapping selections with code." />
   <Option Name="FolderState" Value="Collapsed" />
  </Section>
  <Section Name="Header">
   <Option Name="Count" Value="17" />
  </Section>
  <Section Name="Command0">
   <Option Name="Key1.KeyState" Value="720897" />
   <Option Name="Key1.KeyCode" Value="48" />
   <Option Name="Key1.Ctrl" Value="False" />
   <Option Name="Key1.Shift" Value="True" />
   <Option Name="Key1.Alt" Value="False" />
   <Option Name="Key1.RightSide" Value="False" />
   <Option Name="Key1.Extended" Value="False" />
   <Option Name="Key2.KeyState" Value="0" />
   <Option Name="Key2.KeyCode" Value="0" />
   <Option Name="Key2.Ctrl" Value="False" />
   <Option Name="Key2.Shift" Value="False" />
   <Option Name="Key2.Alt" Value="False" />
   <Option Name="Key2.RightSide" Value="False" />
   <Option Name="Key2.Extended" Value="False" />
   <Option Name="Command" Value="EmbedParentheses" />
   <Option Name="Comments" Value="" />
   <Option Name="Parameters" Value="" />
   <Option Name="SendKeyToIDE" Value="False" />
   <Option Name="Binding" Value="0" />
   <Option Name="MouseAction" Value="0" />
   <Option Name="ShiftKeyDown" Value="False" />
   <Option Name="CtrlKeyDown" Value="False" />
   <Option Name="AltKeyDown" Value="False" />
   <Option Name="Enabled" Value="True" />
   <Option Name="ContextSelected_Count" Value="4" />
   <Option Name="ContextSelected_0" Value="Editor\Selection\Any Selection\Line Fragment" />
   <Option Name="ContextSelected_1" Value="Editor\Selection\Any Selection\Multiple Lines" />
   <Option Name="ContextSelected_2" Value="Editor\Selection\Any Selection\Whole Line" />
   <Option Name="ContextSelected_3" Value="Focus\Documents\Source\Code Editor" />
   <Option Name="ContextExcluded_Count" Value="3" />
   <Option Name="ContextExcluded_0" Value="System\Incremental Search Active" />
   <Option Name="ContextExcluded_1" Value="System\Intellassist Active" />
   <Option Name="ContextExcluded_2" Value="System\Intellisense Active" />
   <Option Name="Selected" Value="False" />
  </Section>
  <Section Name="Command1">
   <Option Name="Key1.KeyState" Value="1703937" />
   <Option Name="Key1.KeyCode" Value="219" />
   <Option Name="Key1.Ctrl" Value="False" />
   <Option Name="Key1.Shift" Value="True" />
   <Option Name="Key1.Alt" Value="False" />
   <Option Name="Key1.RightSide" Value="False" />
   <Option Name="Key1.Extended" Value="False" />
   <Option Name="Key2.KeyState" Value="0" />
   <Option Name="Key2.KeyCode" Value="0" />
   <Option Name="Key2.Ctrl" Value="False" />
   <Option Name="Key2.Shift" Value="False" />
   <Option Name="Key2.Alt" Value="False" />
   <Option Name="Key2.RightSide" Value="False" />
   <Option Name="Key2.Extended" Value="False" />
   <Option Name="Command" Value="Embed" />
   <Option Name="Comments" Value="" />
   <Option Name="Parameters" Value="block" />
   <Option Name="SendKeyToIDE" Value="False" />
   <Option Name="Binding" Value="0" />
   <Option Name="MouseAction" Value="0" />
   <Option Name="ShiftKeyDown" Value="False" />
   <Option Name="CtrlKeyDown" Value="False" />
   <Option Name="AltKeyDown" Value="False" />
   <Option Name="Enabled" Value="True" />
   <Option Name="ContextSelected_Count" Value="6" />
   <Option Name="ContextSelected_0" Value="Editor\Code\InCodeBlock" />
   <Option Name="ContextSelected_1" Value="Editor\Selection\Any Selection\Multiple Lines" />
   <Option Name="ContextSelected_2" Value="Editor\Selection\Any Selection\Whole Line" />
   <Option Name="ContextSelected_3" Value="Focus\Documents\Source\Code Editor" />
   <Option Name="ContextSelected_4" Value="Language\C#" />
   <Option Name="ContextSelected_5" Value="Language\C++" />
   <Option Name="ContextExcluded_Count" Value="0" />
   <Option Name="Selected" Value="False" />
  </Section>
  <Section Name="Command2">
   <Option Name="Key1.KeyState" Value="3145729" />
   <Option Name="Key1.KeyCode" Value="66" />
   <Option Name="Key1.Ctrl" Value="False" />
   <Option Name="Key1.Shift" Value="False" />
   <Option Name="Key1.Alt" Value="False" />
   <Option Name="Key1.RightSide" Value="False" />
   <Option Name="Key1.Extended" Value="False" />
   <Option Name="Key2.KeyState" Value="0" />
   <Option Name="Key2.KeyCode" Value="0" />
   <Option Name="Key2.Ctrl" Value="False" />
   <Option Name="Key2.Shift" Value="False" />
   <Option Name="Key2.Alt" Value="False" />
   <Option Name="Key2.RightSide" Value="False" />
   <Option Name="Key2.Extended" Value="False" />
   <Option Name="Command" Value="Embed" />
   <Option Name="Comments" Value="" />
   <Option Name="Parameters" Value="block" />
   <Option Name="SendKeyToIDE" Value="False" />
   <Option Name="Binding" Value="0" />
   <Option Name="MouseAction" Value="0" />
   <Option Name="ShiftKeyDown" Value="False" />
   <Option Name="CtrlKeyDown" Value="False" />
   <Option Name="AltKeyDown" Value="False" />
   <Option Name="Enabled" Value="True" />
   <Option Name="ContextSelected_Count" Value="6" />
   <Option Name="ContextSelected_0" Value="Editor\Code\InCodeBlock" />
   <Option Name="ContextSelected_1" Value="Editor\Selection\Any Selection\Multiple Lines" />
   <Option Name="ContextSelected_2" Value="Editor\Selection\Any Selection\Whole Line" />
   <Option Name="ContextSelected_3" Value="Focus\Documents\Source\Code Editor" />
   <Option Name="ContextSelected_4" Value="Language\C#" />
   <Option Name="ContextSelected_5" Value="Language\C++" />
   <Option Name="ContextExcluded_Count" Value="1" />
   <Option Name="ContextExcluded_0" Value="System\Picker Is Active" />
   <Option Name="Selected" Value="False" />
  </Section>
  <Section Name="Command3">
   <Option Name="Key1.KeyState" Value="3014657" />
   <Option Name="Key1.KeyCode" Value="67" />
   <Option Name="Key1.Ctrl" Value="False" />
   <Option Name="Key1.Shift" Value="False" />
   <Option Name="Key1.Alt" Value="False" />
   <Option Name="Key1.RightSide" Value="False" />
   <Option Name="Key1.Extended" Value="False" />
   <Option Name="Key2.KeyState" Value="0" />
   <Option Name="Key2.KeyCode" Value="0" />
   <Option Name="Key2.Ctrl" Value="False" />
   <Option Name="Key2.Shift" Value="False" />
   <Option Name="Key2.Alt" Value="False" />
   <Option Name="Key2.RightSide" Value="False" />
   <Option Name="Key2.Extended" Value="False" />
   <Option Name="Command" Value="Embed" />
   <Option Name="Comments" Value="" />
   <Option Name="Parameters" Value="try/catch" />
   <Option Name="SendKeyToIDE" Value="False" />
   <Option Name="Binding" Value="0" />
   <Option Name="MouseAction" Value="0" />
   <Option Name="ShiftKeyDown" Value="False" />
   <Option Name="CtrlKeyDown" Value="False" />
   <Option Name="AltKeyDown" Value="False" />
   <Option Name="Enabled" Value="True" />
   <Option Name="ContextSelected_Count" Value="4" />
   <Option Name="ContextSelected_0" Value="Editor\Code\InCodeBlock" />
   <Option Name="ContextSelected_1" Value="Editor\Selection\Any Selection\Multiple Lines" />
   <Option Name="ContextSelected_2" Value="Editor\Selection\Any Selection\Whole Line" />
   <Option Name="ContextSelected_3" Value="Focus\Documents\Source\Code Editor" />
   <Option Name="ContextExcluded_Count" Value="1" />
   <Option Name="ContextExcluded_0" Value="System\Picker Is Active" />
   <Option Name="Selected" Value="False" />
  </Section>
  <Section Name="Command4">
   <Option Name="Key1.KeyState" Value="1310721" />
   <Option Name="Key1.KeyCode" Value="84" />
   <Option Name="Key1.Ctrl" Value="False" />
   <Option Name="Key1.Shift" Value="False" />
   <Option Name="Key1.Alt" Value="False" />
   <Option Name="Key1.RightSide" Value="False" />
   <Option Name="Key1.Extended" Value="False" />
   <Option Name="Key2.KeyState" Value="0" />
   <Option Name="Key2.KeyCode" Value="0" />
   <Option Name="Key2.Ctrl" Value="False" />
   <Option Name="Key2.Shift" Value="False" />
   <Option Name="Key2.Alt" Value="False" />
   <Option Name="Key2.RightSide" Value="False" />
   <Option Name="Key2.Extended" Value="False" />
   <Option Name="Command" Value="Embed" />
   <Option Name="Comments" Value="" />
   <Option Name="Parameters" Value="try/catch/finally" />
   <Option Name="SendKeyToIDE" Value="False" />
   <Option Name="Binding" Value="0" />
   <Option Name="MouseAction" Value="0" />
   <Option Name="ShiftKeyDown" Value="False" />
   <Option Name="CtrlKeyDown" Value="False" />
   <Option Name="AltKeyDown" Value="False" />
   <Option Name="Enabled" Value="True" />
   <Option Name="ContextSelected_Count" Value="4" />
   <Option Name="ContextSelected_0" Value="Editor\Code\InCodeBlock" />
   <Option Name="ContextSelected_1" Value="Editor\Selection\Any Selection\Multiple Lines" />
   <Option Name="ContextSelected_2" Value="Editor\Selection\Any Selection\Whole Line" />
   <Option Name="ContextSelected_3" Value="Focus\Documents\Source\Code Editor" />
   <Option Name="ContextExcluded_Count" Value="1" />
   <Option Name="ContextExcluded_0" Value="System\Picker Is Active" />
   <Option Name="Selected" Value="False" />
  </Section>
  <Section Name="Command5">
   <Option Name="Key1.KeyState" Value="2162689" />
   <Option Name="Key1.KeyCode" Value="70" />
   <Option Name="Key1.Ctrl" Value="False" />
   <Option Name="Key1.Shift" Value="False" />
   <Option Name="Key1.Alt" Value="False" />
   <Option Name="Key1.RightSide" Value="False" />
   <Option Name="Key1.Extended" Value="False" />
   <Option Name="Key2.KeyState" Value="0" />
   <Option Name="Key2.KeyCode" Value="0" />
   <Option Name="Key2.Ctrl" Value="False" />
   <Option Name="Key2.Shift" Value="False" />
   <Option Name="Key2.Alt" Value="False" />
   <Option Name="Key2.RightSide" Value="False" />
   <Option Name="Key2.Extended" Value="False" />
   <Option Name="Command" Value="Embed" />
   <Option Name="Comments" Value="" />
   <Option Name="Parameters" Value="try/finally" />
   <Option Name="SendKeyToIDE" Value="False" />
   <Option Name="Binding" Value="0" />
   <Option Name="MouseAction" Value="0" />
   <Option Name="ShiftKeyDown" Value="False" />
   <Option Name="CtrlKeyDown" Value="False" />
   <Option Name="AltKeyDown" Value="False" />
   <Option Name="Enabled" Value="True" />
   <Option Name="ContextSelected_Count" Value="4" />
   <Option Name="ContextSelected_0" Value="Editor\Code\InCodeBlock" />
   <Option Name="ContextSelected_1" Value="Editor\Selection\Any Selection\Multiple Lines" />
   <Option Name="ContextSelected_2" Value="Editor\Selection\Any Selection\Whole Line" />
   <Option Name="ContextSelected_3" Value="Focus\Documents\Source\Code Editor" />
   <Option Name="ContextExcluded_Count" Value="1" />
   <Option Name="ContextExcluded_0" Value="System\Picker Is Active" />
   <Option Name="Selected" Value="False" />
  </Section>
  <Section Name="Command6">
   <Option Name="Key1.KeyState" Value="1441793" />
   <Option Name="Key1.KeyCode" Value="85" />
   <Option Name="Key1.Ctrl" Value="False" />
   <Option Name="Key1.Shift" Value="False" />
   <Option Name="Key1.Alt" Value="False" />
   <Option Name="Key1.RightSide" Value="False" />
   <Option Name="Key1.Extended" Value="False" />
   <Option Name="Key2.KeyState" Value="0" />
   <Option Name="Key2.KeyCode" Value="0" />
   <Option Name="Key2.Ctrl" Value="False" />
   <Option Name="Key2.Shift" Value="False" />
   <Option Name="Key2.Alt" Value="False" />
   <Option Name="Key2.RightSide" Value="False" />
   <Option Name="Key2.Extended" Value="False" />
   <Option Name="Command" Value="Embed" />
   <Option Name="Comments" Value="" />
   <Option Name="Parameters" Value="using" />
   <Option Name="SendKeyToIDE" Value="False" />
   <Option Name="Binding" Value="0" />
   <Option Name="MouseAction" Value="0" />
   <Option Name="ShiftKeyDown" Value="False" />
   <Option Name="CtrlKeyDown" Value="False" />
   <Option Name="AltKeyDown" Value="False" />
   <Option Name="Enabled" Value="True" />
   <Option Name="ContextSelected_Count" Value="5" />
   <Option Name="ContextSelected_0" Value="Editor\Code\InCodeBlock" />
   <Option Name="ContextSelected_1" Value="Editor\Selection\Any Selection\Multiple Lines" />
   <Option Name="ContextSelected_2" Value="Editor\Selection\Any Selection\Whole Line" />
   <Option Name="ContextSelected_3" Value="Focus\Documents\Source\Code Editor" />
   <Option Name="ContextSelected_4" Value="Language\C#" />
   <Option Name="ContextExcluded_Count" Value="1" />
   <Option Name="ContextExcluded_0" Value="System\Picker Is Active" />
   <Option Name="Selected" Value="False" />
  </Section>
  <Section Name="Command7">
   <Option Name="Key1.KeyState" Value="1114113" />
   <Option Name="Key1.KeyCode" Value="87" />
   <Option Name="Key1.Ctrl" Value="False" />
   <Option Name="Key1.Shift" Value="False" />
   <Option Name="Key1.Alt" Value="False" />
   <Option Name="Key1.RightSide" Value="False" />
   <Option Name="Key1.Extended" Value="False" />
   <Option Name="Key2.KeyState" Value="0" />
   <Option Name="Key2.KeyCode" Value="0" />
   <Option Name="Key2.Ctrl" Value="False" />
   <Option Name="Key2.Shift" Value="False" />
   <Option Name="Key2.Alt" Value="False" />
   <Option Name="Key2.RightSide" Value="False" />
   <Option Name="Key2.Extended" Value="False" />
   <Option Name="Command" Value="Embed" />
   <Option Name="Comments" Value="" />
   <Option Name="Parameters" Value="WaitCursor" />
   <Option Name="SendKeyToIDE" Value="False" />
   <Option Name="Binding" Value="0" />
   <Option Name="MouseAction" Value="0" />
   <Option Name="ShiftKeyDown" Value="False" />
   <Option Name="CtrlKeyDown" Value="False" />
   <Option Name="AltKeyDown" Value="False" />
   <Option Name="Enabled" Value="True" />
   <Option Name="ContextSelected_Count" Value="4" />
   <Option Name="ContextSelected_0" Value="Editor\Code\InCodeBlock" />
   <Option Name="ContextSelected_1" Value="Editor\Selection\Any Selection\Multiple Lines" />
   <Option Name="ContextSelected_2" Value="Editor\Selection\Any Selection\Whole Line" />
   <Option Name="ContextSelected_3" Value="Focus\Documents\Source\Code Editor" />
   <Option Name="ContextExcluded_Count" Value="1" />
   <Option Name="ContextExcluded_0" Value="System\Picker Is Active" />
   <Option Name="Selected" Value="False" />
  </Section>
  <Section Name="Command8">
   <Option Name="Key1.KeyState" Value="1703937" />
   <Option Name="Key1.KeyCode" Value="219" />
   <Option Name="Key1.Ctrl" Value="False" />
   <Option Name="Key1.Shift" Value="False" />
   <Option Name="Key1.Alt" Value="False" />
   <Option Name="Key1.RightSide" Value="False" />
   <Option Name="Key1.Extended" Value="False" />
   <Option Name="Key2.KeyState" Value="0" />
   <Option Name="Key2.KeyCode" Value="0" />
   <Option Name="Key2.Ctrl" Value="False" />
   <Option Name="Key2.Shift" Value="False" />
   <Option Name="Key2.Alt" Value="False" />
   <Option Name="Key2.RightSide" Value="False" />
   <Option Name="Key2.Extended" Value="False" />
   <Option Name="Command" Value="EmbedBrackets" />
   <Option Name="Comments" Value="" />
   <Option Name="Parameters" Value="" />
   <Option Name="SendKeyToIDE" Value="False" />
   <Option Name="Binding" Value="0" />
   <Option Name="MouseAction" Value="0" />
   <Option Name="ShiftKeyDown" Value="False" />
   <Option Name="CtrlKeyDown" Value="False" />
   <Option Name="AltKeyDown" Value="False" />
   <Option Name="Enabled" Value="False" />
   <Option Name="ContextSelected_Count" Value="4" />
   <Option Name="ContextSelected_0" Value="Editor\Code\InCodeBlock" />
   <Option Name="ContextSelected_1" Value="Editor\Selection\Any Selection\Multiple Lines" />
   <Option Name="ContextSelected_2" Value="Editor\Selection\Any Selection\Whole Line" />
   <Option Name="ContextSelected_3" Value="Focus\Documents\Source\Code Editor" />
   <Option Name="ContextExcluded_Count" Value="0" />
   <Option Name="Selected" Value="False" />
  </Section>
  <Section Name="Command9">
   <Option Name="Key1.KeyState" Value="131073" />
   <Option Name="Key1.KeyCode" Value="49" />
   <Option Name="Key1.Ctrl" Value="False" />
   <Option Name="Key1.Shift" Value="True" />
   <Option Name="Key1.Alt" Value="False" />
   <Option Name="Key1.RightSide" Value="False" />
   <Option Name="Key1.Extended" Value="False" />
   <Option Name="Key2.KeyState" Value="0" />
   <Option Name="Key2.KeyCode" Value="0" />
   <Option Name="Key2.Ctrl" Value="False" />
   <Option Name="Key2.Shift" Value="False" />
   <Option Name="Key2.Alt" Value="False" />
   <Option Name="Key2.RightSide" Value="False" />
   <Option Name="Key2.Extended" Value="False" />
   <Option Name="Command" Value="EmbedNotParentheses" />
   <Option Name="Comments" Value="" />
   <Option Name="Parameters" Value="" />
   <Option Name="SendKeyToIDE" Value="False" />
   <Option Name="Binding" Value="0" />
   <Option Name="MouseAction" Value="0" />
   <Option Name="ShiftKeyDown" Value="False" />
   <Option Name="CtrlKeyDown" Value="False" />
   <Option Name="AltKeyDown" Value="False" />
   <Option Name="Enabled" Value="True" />
   <Option Name="ContextSelected_Count" Value="6" />
   <Option Name="ContextSelected_0" Value="Editor\Code\InCodeBlock" />
   <Option Name="ContextSelected_1" Value="Editor\Selection\Any Selection\Line Fragment" />
   <Option Name="ContextSelected_2" Value="Editor\Selection\Any Selection\Multiple Lines" />
   <Option Name="ContextSelected_3" Value="Editor\Selection\Any Selection\Whole Line" />
   <Option Name="ContextSelected_4" Value="Focus\Documents\Source\Code Editor" />
   <Option Name="ContextSelected_5" Value="Language\Active Language Supported" />
   <Option Name="ContextExcluded_Count" Value="3" />
   <Option Name="ContextExcluded_0" Value="System\Incremental Search Active" />
   <Option Name="ContextExcluded_1" Value="System\Intellassist Active" />
   <Option Name="ContextExcluded_2" Value="System\Intellisense Active" />
   <Option Name="Selected" Value="False" />
  </Section>
  <Section Name="Command10">
   <Option Name="Key1.KeyState" Value="655361" />
   <Option Name="Key1.KeyCode" Value="57" />
   <Option Name="Key1.Ctrl" Value="False" />
   <Option Name="Key1.Shift" Value="True" />
   <Option Name="Key1.Alt" Value="False" />
   <Option Name="Key1.RightSide" Value="False" />
   <Option Name="Key1.Extended" Value="False" />
   <Option Name="Key2.KeyState" Value="0" />
   <Option Name="Key2.KeyCode" Value="0" />
   <Option Name="Key2.Ctrl" Value="False" />
   <Option Name="Key2.Shift" Value="False" />
   <Option Name="Key2.Alt" Value="False" />
   <Option Name="Key2.RightSide" Value="False" />
   <Option Name="Key2.Extended" Value="False" />
   <Option Name="Command" Value="EmbedParentheses" />
   <Option Name="Comments" Value="" />
   <Option Name="Parameters" Value="" />
   <Option Name="SendKeyToIDE" Value="False" />
   <Option Name="Binding" Value="0" />
   <Option Name="MouseAction" Value="0" />
   <Option Name="ShiftKeyDown" Value="False" />
   <Option Name="CtrlKeyDown" Value="False" />
   <Option Name="AltKeyDown" Value="False" />
   <Option Name="Enabled" Value="True" />
   <Option Name="ContextSelected_Count" Value="4" />
   <Option Name="ContextSelected_0" Value="Editor\Selection\Any Selection\Line Fragment" />
   <Option Name="ContextSelected_1" Value="Editor\Selection\Any Selection\Multiple Lines" />
   <Option Name="ContextSelected_2" Value="Editor\Selection\Any Selection\Whole Line" />
   <Option Name="ContextSelected_3" Value="Focus\Documents\Source\Code Editor" />
   <Option Name="ContextExcluded_Count" Value="3" />
   <Option Name="ContextExcluded_0" Value="System\Incremental Search Active" />
   <Option Name="ContextExcluded_1" Value="System\Intellassist Active" />
   <Option Name="ContextExcluded_2" Value="System\Intellisense Active" />
   <Option Name="Selected" Value="False" />
  </Section>
  <Section Name="Command11">
   <Option Name="Key1.KeyState" Value="262145" />
   <Option Name="Key1.KeyCode" Value="51" />
   <Option Name="Key1.Ctrl" Value="True" />
   <Option Name="Key1.Shift" Value="False" />
   <Option Name="Key1.Alt" Value="False" />
   <Option Name="Key1.RightSide" Value="False" />
   <Option Name="Key1.Extended" Value="False" />
   <Option Name="Key2.KeyState" Value="0" />
   <Option Name="Key2.KeyCode" Value="0" />
   <Option Name="Key2.Ctrl" Value="False" />
   <Option Name="Key2.Shift" Value="False" />
   <Option Name="Key2.Alt" Value="False" />
   <Option Name="Key2.RightSide" Value="False" />
   <Option Name="Key2.Extended" Value="False" />
   <Option Name="Command" Value="Embed" />
   <Option Name="Comments" Value="" />
   <Option Name="Parameters" Value="region" />
   <Option Name="SendKeyToIDE" Value="False" />
   <Option Name="Binding" Value="0" />
   <Option Name="MouseAction" Value="0" />
   <Option Name="ShiftKeyDown" Value="False" />
   <Option Name="CtrlKeyDown" Value="False" />
   <Option Name="AltKeyDown" Value="False" />
   <Option Name="Enabled" Value="True" />
   <Option Name="ContextSelected_Count" Value="3" />
   <Option Name="ContextSelected_0" Value="Editor\Selection\Any Selection\Multiple Lines" />
   <Option Name="ContextSelected_1" Value="Editor\Selection\Any Selection\Whole Line" />
   <Option Name="ContextSelected_2" Value="Focus\Documents\Source\Code Editor" />
   <Option Name="ContextExcluded_Count" Value="0" />
   <Option Name="Selected" Value="False" />
  </Section>
  <Section Name="Command12">
   <Option Name="Key1.KeyState" Value="2490369" />
   <Option Name="Key1.KeyCode" Value="76" />
   <Option Name="Key1.Ctrl" Value="False" />
   <Option Name="Key1.Shift" Value="False" />
   <Option Name="Key1.Alt" Value="False" />
   <Option Name="Key1.RightSide" Value="False" />
   <Option Name="Key1.Extended" Value="False" />
   <Option Name="Key2.KeyState" Value="0" />
   <Option Name="Key2.KeyCode" Value="0" />
   <Option Name="Key2.Ctrl" Value="False" />
   <Option Name="Key2.Shift" Value="False" />
   <Option Name="Key2.Alt" Value="False" />
   <Option Name="Key2.RightSide" Value="False" />
   <Option Name="Key2.Extended" Value="False" />
   <Option Name="Command" Value="Embed" />
   <Option Name="Comments" Value="" />
   <Option Name="Parameters" Value="lock" />
   <Option Name="SendKeyToIDE" Value="False" />
   <Option Name="Binding" Value="0" />
   <Option Name="MouseAction" Value="0" />
   <Option Name="ShiftKeyDown" Value="False" />
   <Option Name="CtrlKeyDown" Value="False" />
   <Option Name="AltKeyDown" Value="False" />
   <Option Name="Enabled" Value="True" />
   <Option Name="ContextSelected_Count" Value="5" />
   <Option Name="ContextSelected_0" Value="Editor\Code\InCodeBlock" />
   <Option Name="ContextSelected_1" Value="Editor\Selection\Any Selection\Multiple Lines" />
   <Option Name="ContextSelected_2" Value="Editor\Selection\Any Selection\Whole Line" />
   <Option Name="ContextSelected_3" Value="Focus\Documents\Source\Code Editor" />
   <Option Name="ContextSelected_4" Value="Language\C#" />
   <Option Name="ContextExcluded_Count" Value="1" />
   <Option Name="ContextExcluded_0" Value="System\Picker Is Active" />
   <Option Name="Selected" Value="False" />
  </Section>
  <Section Name="Command13">
   <Option Name="Key1.KeyState" Value="2621441" />
   <Option Name="Key1.KeyCode" Value="222" />
   <Option Name="Key1.Ctrl" Value="False" />
   <Option Name="Key1.Shift" Value="True" />
   <Option Name="Key1.Alt" Value="False" />
   <Option Name="Key1.RightSide" Value="False" />
   <Option Name="Key1.Extended" Value="False" />
   <Option Name="Key2.KeyState" Value="0" />
   <Option Name="Key2.KeyCode" Value="0" />
   <Option Name="Key2.Ctrl" Value="False" />
   <Option Name="Key2.Shift" Value="False" />
   <Option Name="Key2.Alt" Value="False" />
   <Option Name="Key2.RightSide" Value="False" />
   <Option Name="Key2.Extended" Value="False" />
   <Option Name="Command" Value="Embed" />
   <Option Name="Comments" Value="" />
   <Option Name="Parameters" Value="ToString" />
   <Option Name="SendKeyToIDE" Value="False" />
   <Option Name="Binding" Value="0" />
   <Option Name="MouseAction" Value="0" />
   <Option Name="ShiftKeyDown" Value="False" />
   <Option Name="CtrlKeyDown" Value="False" />
   <Option Name="AltKeyDown" Value="False" />
   <Option Name="Enabled" Value="True" />
   <Option Name="ContextSelected_Count" Value="2" />
   <Option Name="ContextSelected_0" Value="Editor\Selection\Any Selection\Multiple Lines" />
   <Option Name="ContextSelected_1" Value="Focus\Documents\Source\Code Editor" />
   <Option Name="ContextExcluded_Count" Value="1" />
   <Option Name="ContextExcluded_0" Value="System\Picker Is Active" />
   <Option Name="Selected" Value="False" />
  </Section>
  <Section Name="Command14">
   <Option Name="Key1.KeyState" Value="2490369" />
   <Option Name="Key1.KeyCode" Value="76" />
   <Option Name="Key1.Ctrl" Value="False" />
   <Option Name="Key1.Shift" Value="False" />
   <Option Name="Key1.Alt" Value="False" />
   <Option Name="Key1.RightSide" Value="False" />
   <Option Name="Key1.Extended" Value="False" />
   <Option Name="Key2.KeyState" Value="0" />
   <Option Name="Key2.KeyCode" Value="0" />
   <Option Name="Key2.Ctrl" Value="False" />
   <Option Name="Key2.Shift" Value="False" />
   <Option Name="Key2.Alt" Value="False" />
   <Option Name="Key2.RightSide" Value="False" />
   <Option Name="Key2.Extended" Value="False" />
   <Option Name="Command" Value="Embed" />
   <Option Name="Comments" Value="" />
   <Option Name="Parameters" Value="SyncLock" />
   <Option Name="SendKeyToIDE" Value="False" />
   <Option Name="Binding" Value="0" />
   <Option Name="MouseAction" Value="0" />
   <Option Name="ShiftKeyDown" Value="False" />
   <Option Name="CtrlKeyDown" Value="False" />
   <Option Name="AltKeyDown" Value="False" />
   <Option Name="Enabled" Value="True" />
   <Option Name="ContextSelected_Count" Value="5" />
   <Option Name="ContextSelected_0" Value="Editor\Code\InCodeBlock" />
   <Option Name="ContextSelected_1" Value="Editor\Selection\Any Selection\Multiple Lines" />
   <Option Name="ContextSelected_2" Value="Editor\Selection\Any Selection\Whole Line" />
   <Option Name="ContextSelected_3" Value="Focus\Documents\Source\Code Editor" />
   <Option Name="ContextSelected_4" Value="Language\Visual Basic" />
   <Option Name="ContextExcluded_Count" Value="1" />
   <Option Name="ContextExcluded_0" Value="System\Picker Is Active" />
   <Option Name="Selected" Value="False" />
  </Section>
  <Section Name="Command15">
   <Option Name="Key1.KeyState" Value="1441793" />
   <Option Name="Key1.KeyCode" Value="85" />
   <Option Name="Key1.Ctrl" Value="False" />
   <Option Name="Key1.Shift" Value="False" />
   <Option Name="Key1.Alt" Value="False" />
   <Option Name="Key1.RightSide" Value="False" />
   <Option Name="Key1.Extended" Value="False" />
   <Option Name="Key2.KeyState" Value="0" />
   <Option Name="Key2.KeyCode" Value="0" />
   <Option Name="Key2.Ctrl" Value="False" />
   <Option Name="Key2.Shift" Value="False" />
   <Option Name="Key2.Alt" Value="False" />
   <Option Name="Key2.RightSide" Value="False" />
   <Option Name="Key2.Extended" Value="False" />
   <Option Name="Command" Value="Embed" />
   <Option Name="Comments" Value="" />
   <Option Name="Parameters" Value="using" />
   <Option Name="SendKeyToIDE" Value="False" />
   <Option Name="Binding" Value="0" />
   <Option Name="MouseAction" Value="0" />
   <Option Name="ShiftKeyDown" Value="False" />
   <Option Name="CtrlKeyDown" Value="False" />
   <Option Name="AltKeyDown" Value="False" />
   <Option Name="Enabled" Value="True" />
   <Option Name="ContextSelected_Count" Value="5" />
   <Option Name="ContextSelected_0" Value="Editor\Code\InCodeBlock" />
   <Option Name="ContextSelected_1" Value="Editor\Selection\Any Selection\Multiple Lines" />
   <Option Name="ContextSelected_2" Value="Editor\Selection\Any Selection\Whole Line" />
   <Option Name="ContextSelected_3" Value="Focus\Documents\Source\Code Editor" />
   <Option Name="ContextSelected_4" Value="Language\Visual Basic" />
   <Option Name="ContextExcluded_Count" Value="3" />
   <Option Name="ContextExcluded_0" Value="System\Picker Is Active" />
   <Option Name="ContextExcluded_1" Value="System\VSVersion\VS2002" />
   <Option Name="ContextExcluded_2" Value="System\VSVersion\VS2003" />
   <Option Name="Selected" Value="False" />
  </Section>
  <Section Name="Command16">
   <Option Name="Key1.KeyState" Value="1245185" />
   <Option Name="Key1.KeyCode" Value="82" />
   <Option Name="Key1.Ctrl" Value="False" />
   <Option Name="Key1.Shift" Value="False" />
   <Option Name="Key1.Alt" Value="False" />
   <Option Name="Key1.RightSide" Value="False" />
   <Option Name="Key1.Extended" Value="False" />
   <Option Name="Key2.KeyState" Value="0" />
   <Option Name="Key2.KeyCode" Value="0" />
   <Option Name="Key2.Ctrl" Value="False" />
   <Option Name="Key2.Shift" Value="False" />
   <Option Name="Key2.Alt" Value="False" />
   <Option Name="Key2.RightSide" Value="False" />
   <Option Name="Key2.Extended" Value="False" />
   <Option Name="Command" Value="Embed" />
   <Option Name="Comments" Value="" />
   <Option Name="Parameters" Value="region" />
   <Option Name="SendKeyToIDE" Value="False" />
   <Option Name="Binding" Value="0" />
   <Option Name="MouseAction" Value="0" />
   <Option Name="ShiftKeyDown" Value="False" />
   <Option Name="CtrlKeyDown" Value="False" />
   <Option Name="AltKeyDown" Value="False" />
   <Option Name="Enabled" Value="True" />
   <Option Name="ContextSelected_Count" Value="3" />
   <Option Name="ContextSelected_0" Value="Editor\Selection\Any Selection\Multiple Lines" />
   <Option Name="ContextSelected_1" Value="Editor\Selection\Any Selection\Whole Line" />
   <Option Name="ContextSelected_2" Value="Focus\Documents\Source\Code Editor" />
   <Option Name="ContextExcluded_Count" Value="0" />
   <Option Name="Selected" Value="False" />
  </Section>
 </Language>
</Page>