﻿<!--This is a DXCore settings file-->
<Page Name="Shortcuts_Selection_Defining">
 <Language Name="*Neutral*">
  <Section Name="FolderInfo">
   <Option Name="Enabled" Value="True" />
   <Option Name="Description" Value="Shortcuts for defining selections." />
   <Option Name="FolderState" Value="Collapsed" />
  </Section>
  <Section Name="Header">
   <Option Name="Count" Value="6" />
  </Section>
  <Section Name="Command0">
   <Option Name="Key1.KeyState" Value="558563329" />
   <Option Name="Key1.KeyCode" Value="37" />
   <Option Name="Key1.Ctrl" Value="False" />
   <Option Name="Key1.Shift" Value="True" />
   <Option Name="Key1.Alt" Value="True" />
   <Option Name="Key1.RightSide" Value="False" />
   <Option Name="Key1.Extended" Value="True" />
   <Option Name="Key2.KeyState" Value="0" />
   <Option Name="Key2.KeyCode" Value="0" />
   <Option Name="Key2.Ctrl" Value="False" />
   <Option Name="Key2.Shift" Value="False" />
   <Option Name="Key2.Alt" Value="False" />
   <Option Name="Key2.RightSide" Value="False" />
   <Option Name="Key2.Extended" Value="False" />
   <Option Name="Command" Value="CamelCaseLeft" />
   <Option Name="Comments" Value="" />
   <Option Name="Parameters" Value="" />
   <Option Name="SendKeyToIDE" Value="False" />
   <Option Name="Binding" Value="0" />
   <Option Name="MouseAction" Value="0" />
   <Option Name="ShiftKeyDown" Value="False" />
   <Option Name="CtrlKeyDown" Value="False" />
   <Option Name="AltKeyDown" Value="False" />
   <Option Name="Enabled" Value="True" />
   <Option Name="ContextSelected_Count" Value="1" />
   <Option Name="ContextSelected_0" Value="Focus\Documents\Source\Code Editor" />
   <Option Name="ContextExcluded_Count" Value="0" />
   <Option Name="Selected" Value="False" />
  </Section>
  <Section Name="Command1">
   <Option Name="Key1.KeyState" Value="558694401" />
   <Option Name="Key1.KeyCode" Value="39" />
   <Option Name="Key1.Ctrl" Value="False" />
   <Option Name="Key1.Shift" Value="True" />
   <Option Name="Key1.Alt" Value="True" />
   <Option Name="Key1.RightSide" Value="False" />
   <Option Name="Key1.Extended" Value="True" />
   <Option Name="Key2.KeyState" Value="0" />
   <Option Name="Key2.KeyCode" Value="0" />
   <Option Name="Key2.Ctrl" Value="False" />
   <Option Name="Key2.Shift" Value="False" />
   <Option Name="Key2.Alt" Value="False" />
   <Option Name="Key2.RightSide" Value="False" />
   <Option Name="Key2.Extended" Value="False" />
   <Option Name="Command" Value="CamelCaseRight" />
   <Option Name="Comments" Value="" />
   <Option Name="Parameters" Value="" />
   <Option Name="SendKeyToIDE" Value="False" />
   <Option Name="Binding" Value="0" />
   <Option Name="MouseAction" Value="0" />
   <Option Name="ShiftKeyDown" Value="False" />
   <Option Name="CtrlKeyDown" Value="False" />
   <Option Name="AltKeyDown" Value="False" />
   <Option Name="Enabled" Value="True" />
   <Option Name="ContextSelected_Count" Value="1" />
   <Option Name="ContextSelected_0" Value="Focus\Documents\Source\Code Editor" />
   <Option Name="ContextExcluded_Count" Value="0" />
   <Option Name="Selected" Value="False" />
  </Section>
  <Section Name="Command2">
   <Option Name="Key1.KeyState" Value="5111809" />
   <Option Name="Key1.KeyCode" Value="107" />
   <Option Name="Key1.Ctrl" Value="False" />
   <Option Name="Key1.Shift" Value="False" />
   <Option Name="Key1.Alt" Value="False" />
   <Option Name="Key1.RightSide" Value="False" />
   <Option Name="Key1.Extended" Value="False" />
   <Option Name="Key2.KeyState" Value="0" />
   <Option Name="Key2.KeyCode" Value="0" />
   <Option Name="Key2.Ctrl" Value="False" />
   <Option Name="Key2.Shift" Value="False" />
   <Option Name="Key2.Alt" Value="False" />
   <Option Name="Key2.RightSide" Value="False" />
   <Option Name="Key2.Extended" Value="False" />
   <Option Name="Command" Value="SelectionExpand" />
   <Option Name="Comments" Value="" />
   <Option Name="Parameters" Value="" />
   <Option Name="SendKeyToIDE" Value="False" />
   <Option Name="Binding" Value="0" />
   <Option Name="MouseAction" Value="0" />
   <Option Name="ShiftKeyDown" Value="False" />
   <Option Name="CtrlKeyDown" Value="False" />
   <Option Name="AltKeyDown" Value="False" />
   <Option Name="Enabled" Value="True" />
   <Option Name="ContextSelected_Count" Value="1" />
   <Option Name="ContextSelected_0" Value="Focus\Documents\Source\Code Editor" />
   <Option Name="ContextExcluded_Count" Value="2" />
   <Option Name="ContextExcluded_0" Value="System\Intellassist Active" />
   <Option Name="ContextExcluded_1" Value="System\Intellisense Active" />
   <Option Name="Selected" Value="False" />
  </Section>
  <Section Name="Command3">
   <Option Name="Key1.KeyState" Value="4849665" />
   <Option Name="Key1.KeyCode" Value="109" />
   <Option Name="Key1.Ctrl" Value="False" />
   <Option Name="Key1.Shift" Value="False" />
   <Option Name="Key1.Alt" Value="False" />
   <Option Name="Key1.RightSide" Value="False" />
   <Option Name="Key1.Extended" Value="False" />
   <Option Name="Key2.KeyState" Value="0" />
   <Option Name="Key2.KeyCode" Value="0" />
   <Option Name="Key2.Ctrl" Value="False" />
   <Option Name="Key2.Shift" Value="False" />
   <Option Name="Key2.Alt" Value="False" />
   <Option Name="Key2.RightSide" Value="False" />
   <Option Name="Key2.Extended" Value="False" />
   <Option Name="Command" Value="SelectionReduce" />
   <Option Name="Comments" Value="" />
   <Option Name="Parameters" Value="" />
   <Option Name="SendKeyToIDE" Value="False" />
   <Option Name="Binding" Value="0" />
   <Option Name="MouseAction" Value="0" />
   <Option Name="ShiftKeyDown" Value="False" />
   <Option Name="CtrlKeyDown" Value="False" />
   <Option Name="AltKeyDown" Value="False" />
   <Option Name="Enabled" Value="True" />
   <Option Name="ContextSelected_Count" Value="4" />
   <Option Name="ContextSelected_0" Value="Editor\Selection\Any Selection\Line Fragment" />
   <Option Name="ContextSelected_1" Value="Editor\Selection\Any Selection\Multiple Lines" />
   <Option Name="ContextSelected_2" Value="Editor\Selection\Any Selection\Whole Line" />
   <Option Name="ContextSelected_3" Value="Focus\Documents\Source\Code Editor" />
   <Option Name="ContextExcluded_Count" Value="0" />
   <Option Name="Selected" Value="False" />
  </Section>
  <Section Name="Command4">
   <Option Name="Key1.KeyState" Value="1114113" />
   <Option Name="Key1.KeyCode" Value="87" />
   <Option Name="Key1.Ctrl" Value="True" />
   <Option Name="Key1.Shift" Value="False" />
   <Option Name="Key1.Alt" Value="False" />
   <Option Name="Key1.RightSide" Value="False" />
   <Option Name="Key1.Extended" Value="False" />
   <Option Name="Key2.KeyState" Value="0" />
   <Option Name="Key2.KeyCode" Value="0" />
   <Option Name="Key2.Ctrl" Value="False" />
   <Option Name="Key2.Shift" Value="False" />
   <Option Name="Key2.Alt" Value="False" />
   <Option Name="Key2.RightSide" Value="False" />
   <Option Name="Key2.Extended" Value="False" />
   <Option Name="Command" Value="SelectionExpand" />
   <Option Name="Comments" Value="" />
   <Option Name="Parameters" Value="" />
   <Option Name="SendKeyToIDE" Value="False" />
   <Option Name="Binding" Value="0" />
   <Option Name="MouseAction" Value="0" />
   <Option Name="ShiftKeyDown" Value="False" />
   <Option Name="CtrlKeyDown" Value="False" />
   <Option Name="AltKeyDown" Value="False" />
   <Option Name="Enabled" Value="True" />
   <Option Name="ContextSelected_Count" Value="1" />
   <Option Name="ContextSelected_0" Value="Focus\Documents\Source\Code Editor" />
   <Option Name="ContextExcluded_Count" Value="2" />
   <Option Name="ContextExcluded_0" Value="System\Intellassist Active" />
   <Option Name="ContextExcluded_1" Value="System\Intellisense Active" />
   <Option Name="Selected" Value="False" />
  </Section>
  <Section Name="Command5">
   <Option Name="Key1.KeyState" Value="1114113" />
   <Option Name="Key1.KeyCode" Value="87" />
   <Option Name="Key1.Ctrl" Value="True" />
   <Option Name="Key1.Shift" Value="True" />
   <Option Name="Key1.Alt" Value="False" />
   <Option Name="Key1.RightSide" Value="False" />
   <Option Name="Key1.Extended" Value="False" />
   <Option Name="Key2.KeyState" Value="0" />
   <Option Name="Key2.KeyCode" Value="0" />
   <Option Name="Key2.Ctrl" Value="False" />
   <Option Name="Key2.Shift" Value="False" />
   <Option Name="Key2.Alt" Value="False" />
   <Option Name="Key2.RightSide" Value="False" />
   <Option Name="Key2.Extended" Value="False" />
   <Option Name="Command" Value="SelectionReduce" />
   <Option Name="Comments" Value="" />
   <Option Name="Parameters" Value="" />
   <Option Name="SendKeyToIDE" Value="False" />
   <Option Name="Binding" Value="0" />
   <Option Name="MouseAction" Value="0" />
   <Option Name="ShiftKeyDown" Value="False" />
   <Option Name="CtrlKeyDown" Value="False" />
   <Option Name="AltKeyDown" Value="False" />
   <Option Name="Enabled" Value="True" />
   <Option Name="ContextSelected_Count" Value="4" />
   <Option Name="ContextSelected_0" Value="Editor\Selection\Any Selection\Line Fragment" />
   <Option Name="ContextSelected_1" Value="Editor\Selection\Any Selection\Multiple Lines" />
   <Option Name="ContextSelected_2" Value="Editor\Selection\Any Selection\Whole Line" />
   <Option Name="ContextSelected_3" Value="Focus\Documents\Source\Code Editor" />
   <Option Name="ContextExcluded_Count" Value="0" />
   <Option Name="Selected" Value="False" />
  </Section>
 </Language>
</Page>