<SOAP-ENV:Envelope xmlns:xsi="http://www.w3.org/2001/XMLSchema-instance" xmlns:xsd="http://www.w3.org/2001/XMLSchema" xmlns:SOAP-ENC="http://schemas.xmlsoap.org/soap/encoding/" xmlns:SOAP-ENV="http://schemas.xmlsoap.org/soap/envelope/" xmlns:clr="http://schemas.microsoft.com/soap/encoding/clr/1.0" SOAP-ENV:encodingStyle="http://schemas.xmlsoap.org/soap/encoding/">
<SOAP-ENV:Body>
<a1:TemplateCategoryCollection id="ref-1" xmlns:a1="http://schemas.microsoft.com/clr/nsassem/DevExpress.CodeRush.Core/DevExpress.CodeRush.Core">
<CollectionBase_x002B_list href="#ref-3"/>
</a1:TemplateCategoryCollection>
<a2:ArrayList id="ref-3" xmlns:a2="http://schemas.microsoft.com/clr/ns/System.Collections">
<_items href="#ref-4"/>
<_size>1</_size>
<_version>1</_version>
</a2:ArrayList>
<SOAP-ENC:Array id="ref-4" SOAP-ENC:arrayType="xsd:anyType[4]">
<item href="#ref-5"/>
</SOAP-ENC:Array>
<a1:TemplateCategory id="ref-5" xmlns:a1="http://schemas.microsoft.com/clr/nsassem/DevExpress.CodeRush.Core/DevExpress.CodeRush.Core">
<Name id="ref-7">MyTemplates</Name>
<Comments id="ref-8"></Comments>
<Enabled>true</Enabled>
<Categories href="#ref-9"/>
<Templates href="#ref-10"/>
<ActionHint href="#ref-8"/>
<ActionHintColor xsi:type="a4:Color" xmlns:a4="http://schemas.microsoft.com/clr/nsassem/System.Drawing/System.Drawing">
<name xsi:null="1"/>
<value>0</value>
<knownColor>0</knownColor>
<state>0</state>
</ActionHintColor>
<OptExpanded>false</OptExpanded>
</a1:TemplateCategory>
<a1:TemplateCategoryCollection id="ref-9" xmlns:a1="http://schemas.microsoft.com/clr/nsassem/DevExpress.CodeRush.Core/DevExpress.CodeRush.Core">
<CollectionBase_x002B_list href="#ref-11"/>
</a1:TemplateCategoryCollection>
<a1:TemplateCollection id="ref-10" xmlns:a1="http://schemas.microsoft.com/clr/nsassem/DevExpress.CodeRush.Core/DevExpress.CodeRush.Core">
<CollectionBase_x002B_list href="#ref-12"/>
</a1:TemplateCollection>
<a2:ArrayList id="ref-11" xmlns:a2="http://schemas.microsoft.com/clr/ns/System.Collections">
<_items href="#ref-13"/>
<_size>1</_size>
<_version>1</_version>
</a2:ArrayList>
<a2:ArrayList id="ref-12" xmlns:a2="http://schemas.microsoft.com/clr/ns/System.Collections">
<_items href="#ref-14"/>
<_size>0</_size>
<_version>0</_version>
</a2:ArrayList>
<SOAP-ENC:Array id="ref-13" SOAP-ENC:arrayType="xsd:anyType[4]">
<item href="#ref-15"/>
</SOAP-ENC:Array>
<SOAP-ENC:Array id="ref-14" SOAP-ENC:arrayType="xsd:anyType[0]">
</SOAP-ENC:Array>
<a1:TemplateCategory id="ref-15" xmlns:a1="http://schemas.microsoft.com/clr/nsassem/DevExpress.CodeRush.Core/DevExpress.CodeRush.Core">
<Name id="ref-16">SharePoint</Name>
<Comments href="#ref-8"/>
<Enabled>true</Enabled>
<Categories href="#ref-17"/>
<Templates href="#ref-18"/>
<ActionHint href="#ref-8"/>
<ActionHintColor xsi:type="a4:Color" xmlns:a4="http://schemas.microsoft.com/clr/nsassem/System.Drawing/System.Drawing">
<name xsi:null="1"/>
<value>0</value>
<knownColor>0</knownColor>
<state>0</state>
</ActionHintColor>
<OptExpanded>true</OptExpanded>
</a1:TemplateCategory>
<a1:TemplateCategoryCollection id="ref-17" xmlns:a1="http://schemas.microsoft.com/clr/nsassem/DevExpress.CodeRush.Core/DevExpress.CodeRush.Core">
<CollectionBase_x002B_list href="#ref-19"/>
</a1:TemplateCategoryCollection>
<a1:TemplateCollection id="ref-18" xmlns:a1="http://schemas.microsoft.com/clr/nsassem/DevExpress.CodeRush.Core/DevExpress.CodeRush.Core">
<CollectionBase_x002B_list href="#ref-20"/>
</a1:TemplateCollection>
<a2:ArrayList id="ref-19" xmlns:a2="http://schemas.microsoft.com/clr/ns/System.Collections">
<_items href="#ref-21"/>
<_size>1</_size>
<_version>6</_version>
</a2:ArrayList>
<a2:ArrayList id="ref-20" xmlns:a2="http://schemas.microsoft.com/clr/ns/System.Collections">
<_items href="#ref-22"/>
<_size>0</_size>
<_version>3</_version>
</a2:ArrayList>
<SOAP-ENC:Array id="ref-21" SOAP-ENC:arrayType="xsd:anyType[4]">
<item href="#ref-23"/>
</SOAP-ENC:Array>
<SOAP-ENC:Array id="ref-22" SOAP-ENC:arrayType="xsd:anyType[0]">
</SOAP-ENC:Array>
<a1:TemplateCategory id="ref-23" xmlns:a1="http://schemas.microsoft.com/clr/nsassem/DevExpress.CodeRush.Core/DevExpress.CodeRush.Core">
<Name id="ref-24">Solutions</Name>
<Comments href="#ref-8"/>
<Enabled>true</Enabled>
<Categories href="#ref-25"/>
<Templates href="#ref-26"/>
<ActionHint href="#ref-8"/>
<ActionHintColor xsi:type="a4:Color" xmlns:a4="http://schemas.microsoft.com/clr/nsassem/System.Drawing/System.Drawing">
<name xsi:null="1"/>
<value>0</value>
<knownColor>0</knownColor>
<state>0</state>
</ActionHintColor>
<OptExpanded>true</OptExpanded>
</a1:TemplateCategory>
<a1:TemplateCategoryCollection id="ref-25" xmlns:a1="http://schemas.microsoft.com/clr/nsassem/DevExpress.CodeRush.Core/DevExpress.CodeRush.Core">
<CollectionBase_x002B_list href="#ref-27"/>
</a1:TemplateCategoryCollection>
<a1:TemplateCollection id="ref-26" xmlns:a1="http://schemas.microsoft.com/clr/nsassem/DevExpress.CodeRush.Core/DevExpress.CodeRush.Core">
<CollectionBase_x002B_list href="#ref-28"/>
</a1:TemplateCollection>
<a2:ArrayList id="ref-27" xmlns:a2="http://schemas.microsoft.com/clr/ns/System.Collections">
<_items href="#ref-22"/>
<_size>0</_size>
<_version>2</_version>
</a2:ArrayList>
<a2:ArrayList id="ref-28" xmlns:a2="http://schemas.microsoft.com/clr/ns/System.Collections">
<_items href="#ref-29"/>
<_size>1</_size>
<_version>5</_version>
</a2:ArrayList>
<SOAP-ENC:Array id="ref-29" SOAP-ENC:arrayType="xsd:anyType[4]">
<item href="#ref-30"/>
</SOAP-ENC:Array>
<a1:Template id="ref-30" xmlns:a1="http://schemas.microsoft.com/clr/nsassem/DevExpress.CodeRush.Core/DevExpress.CodeRush.Core">
<_Name id="ref-31">ddf</_Name>
<_Comment id="ref-32">Diamond directive file</_Comment>
<_ExpansionTrigger xsi:type="a1:ExpansionTriggerOption" xmlns:a1="http://schemas.microsoft.com/clr/nsassem/DevExpress.CodeRush.Core/DevExpress.CodeRush.Core">Primary</_ExpansionTrigger>
<_CaseSensitiveName>false</_CaseSensitiveName>
<_Category href="#ref-23"/>
<_Items href="#ref-33"/>
<OptSubIndex>-1</OptSubIndex>
</a1:Template>
<a1:TemplateDataCollection id="ref-33" xmlns:a1="http://schemas.microsoft.com/clr/nsassem/DevExpress.CodeRush.Core/DevExpress.CodeRush.Core">
<CollectionBase_x002B_list href="#ref-34"/>
</a1:TemplateDataCollection>
<a2:ArrayList id="ref-34" xmlns:a2="http://schemas.microsoft.com/clr/ns/System.Collections">
<_items href="#ref-35"/>
<_size>1</_size>
<_version>6</_version>
</a2:ArrayList>
<SOAP-ENC:Array id="ref-35" SOAP-ENC:arrayType="xsd:anyType[4]">
<item href="#ref-36"/>
</SOAP-ENC:Array>
<a1:TemplateData id="ref-36" xmlns:a1="http://schemas.microsoft.com/clr/nsassem/DevExpress.CodeRush.Core/DevExpress.CodeRush.Core">
<_Expansion id="ref-38">.OPTION Explicit
.Set DiskDirectoryTemplate=CDROM
.Set CompressionType=MSZIP
.Set UniqueFiles=Off
.Set Cabinet=On
;**************************************************

«Marker»
;.Set DestinationDir=SomeFolder

;***End</_Expansion>
<_IsExpression>false</_IsExpression>
<_SuppressLastChar>false</_SuppressLastChar>
<_UseDoubleEqualsInsideParens>false</_UseDoubleEqualsInsideParens>
<_Priority>0</_Priority>
<_Context href="#ref-39"/>
<_UsingClause href="#ref-40"/>
</a1:TemplateData>
<a1:ContextPickerData id="ref-39" xmlns:a1="http://schemas.microsoft.com/clr/nsassem/DevExpress.CodeRush.Core/DevExpress.CodeRush.Core">
<_Selected href="#ref-41"/>
<_Excluded href="#ref-42"/>
</a1:ContextPickerData>
<a5:StringCollection id="ref-40" xmlns:a5="http://schemas.microsoft.com/clr/nsassem/System.Collections.Specialized/System">
<data href="#ref-43"/>
</a5:StringCollection>
<a5:StringCollection id="ref-41" xmlns:a5="http://schemas.microsoft.com/clr/nsassem/System.Collections.Specialized/System">
<data href="#ref-44"/>
</a5:StringCollection>
<a5:StringCollection id="ref-42" xmlns:a5="http://schemas.microsoft.com/clr/nsassem/System.Collections.Specialized/System">
<data href="#ref-45"/>
</a5:StringCollection>
<a2:ArrayList id="ref-43" xmlns:a2="http://schemas.microsoft.com/clr/ns/System.Collections">
<_items href="#ref-22"/>
<_size>0</_size>
<_version>0</_version>
</a2:ArrayList>
<a2:ArrayList id="ref-44" xmlns:a2="http://schemas.microsoft.com/clr/ns/System.Collections">
<_items href="#ref-22"/>
<_size>0</_size>
<_version>1</_version>
</a2:ArrayList>
<a2:ArrayList id="ref-45" xmlns:a2="http://schemas.microsoft.com/clr/ns/System.Collections">
<_items href="#ref-22"/>
<_size>0</_size>
<_version>1</_version>
</a2:ArrayList>
</SOAP-ENV:Body>
</SOAP-ENV:Envelope>
