﻿<!--This is a DXCore settings file-->
<Page Name="Usage History">
 <Language Name="*Neutral*">
  <Section Name="GlobalContextUsage">
   <Option Name="Reverse Conditional" Value="1" />
   <Option Name="Compress to Ternary Expression" Value="14" />
   <Option Name="MostRecentlyUsedObject" Value="Move Type to File" />
   <Option Name="Promote to Parameter" Value="3" />
   <Option Name="Rename" Value="228" />
   <Option Name="Extract Method" Value="14" />
   <Option Name="Make Implicit" Value="49" />
   <Option Name="Declare Method (Event Handler)" Value="24" />
   <Option Name="Remove Type Qualifier (remove all)" Value="72" />
   <Option Name="Introduce Local" Value="39" />
   <Option Name="Inline Temp1" Value="29" />
   <Option Name="Add Missing Constructors" Value="2" />
   <Option Name="Optimize Namespace References" Value="156" />
   <Option Name="Break Apart Parameters" Value="13" />
   <Option Name="Use String.Format" Value="15" />
   <Option Name="Embed Selection" Value="46" />
   <Option Name="Introduce Constant" Value="6" />
   <Option Name="Extract Interface" Value="1" />
   <Option Name="Move Type to File" Value="86" />
   <Option Name="Remove Redundant Qualifier" Value="3" />
   <Option Name="Convert to Initializer" Value="12" />
   <Option Name="Add to Interface" Value="10" />
   <Option Name="Expand Lambda Expression" Value="2" />
   <Option Name="Collapse Getter" Value="14" />
   <Option Name="Line-up Parameters" Value="4" />
   <Option Name="Name Anonymous Method" Value="2" />
   <Option Name="Break Attributes" Value="2" />
   <Option Name="Inline Delegate" Value="3" />
   <Option Name="Create Method Stub" Value="7" />
   <Option Name="Remove Redundant Call" Value="2" />
   <Option Name="Declare Class" Value="15" />
   <Option Name="Compress to Null Coalescing Operation" Value="1" />
   <Option Name="Rename File to Match Type" Value="56" />
   <Option Name="Split Initialization from Declaration" Value="39" />
   <Option Name="Replace Temp with Query" Value="3" />
   <Option Name="Move Initialization to Declaration" Value="4" />
   <Option Name="Sort Namespace References" Value="15" />
   <Option Name="Add Parameter" Value="7" />
   <Option Name="Remove Parameter" Value="2" />
   <Option Name="Make Member Static" Value="1" />
   <Option Name="Create Overload" Value="1" />
   <Option Name="Declare Interface" Value="1" />
   <Option Name="Introduce Using Statement" Value="14" />
   <Option Name="Execute Statement Asynchronously (StartNew)" Value="1" />
   <Option Name="Remove Redundant Delegate Creation" Value="1" />
   <Option Name="Create Backing Store" Value="6" />
   <Option Name="Use Equals" Value="1" />
   <Option Name="Flatten Conditional" Value="3" />
   <Option Name="Collapse Setter" Value="8" />
   <Option Name="Convert to Constant" Value="1" />
   <Option Name="Encapsulate Field" Value="3" />
   <Option Name="Compress to Lambda Expression" Value="3" />
   <Option Name="Convert to Auto-implemented Property" Value="3" />
   <Option Name="Line Up Attributes" Value="1" />
   <Option Name="Reorder Attributes" Value="1" />
   <Option Name="Convert to property with backing store" Value="1" />
   <Option Name="Widen Scope (promote to field)" Value="15" />
   <Option Name="Widen Scope" Value="2" />
   <Option Name="Convert to System Type" Value="1" />
   <Option Name="Extract Property" Value="1" />
   <Option Name="Encapsulate Field (read-only)" Value="1" />
   <Option Name="Make Explicit" Value="15" />
   <Option Name="Split Multi-variable Declaration" Value="1" />
   <Option Name="Extract UserControl" Value="1" />
   <Option Name="Split Conditional" Value="1" />
   <Option Name="Implement IDisposable" Value="4" />
   <Option Name="Convert to auto-implemented property" Value="1" />
   <Option Name="Expand Null Coalescing Operation" Value="1" />
   <Option Name="Spell Checker" Value="3" />
  </Section>
  <Section Name="|Compress to Ternary Expression|Reverse Conditional|">
   <Option Name="Reverse Conditional" Value="1" />
   <Option Name="Compress to Ternary Expression" Value="6" />
   <Option Name="MostRecentlyUsedObject" Value="Compress to Ternary Expression" />
  </Section>
  <Section Name="|Extract Method|">
   <Option Name="Extract Method" Value="10" />
   <Option Name="MostRecentlyUsedObject" Value="Extract Method" />
  </Section>
  <Section Name="|Encapsulate Method|Rename|">
   <Option Name="Rename" Value="7" />
   <Option Name="MostRecentlyUsedObject" Value="Rename" />
  </Section>
  <Section Name="|Promote to Parameter|Rename|">
   <Option Name="Promote to Parameter" Value="2" />
   <Option Name="MostRecentlyUsedObject" Value="Rename" />
   <Option Name="Rename" Value="4" />
  </Section>
  <Section Name="|Create Backing Store|Rename|Safe Rename|">
   <Option Name="Rename" Value="6" />
   <Option Name="MostRecentlyUsedObject" Value="Rename" />
   <Option Name="Create Backing Store" Value="5" />
  </Section>
  <Section Name="|Property to Method(s)|Rename|Safe Rename|">
   <Option Name="Rename" Value="2" />
   <Option Name="MostRecentlyUsedObject" Value="Rename" />
  </Section>
  <Section Name="|Inline Recent Assignment|Inline Temp1|Rename|Replace Temp with Query|">
   <Option Name="Rename" Value="2" />
   <Option Name="MostRecentlyUsedObject" Value="Rename" />
   <Option Name="Inline Temp1" Value="6" />
  </Section>
  <Section Name="|Inline Temp1|Rename|Replace Temp with Query|">
   <Option Name="Inline Temp1" Value="9" />
   <Option Name="MostRecentlyUsedObject" Value="Inline Temp1" />
   <Option Name="Rename" Value="2" />
  </Section>
  <Section Name="|Declare Class|Declare Field|Declare Local|Declare Local (implicit)|Declare Method (Event Handler)|Declare Property|Declare Property (auto-implemented)|Declare Property (with backing store)|Declare Struct|">
   <Option Name="Declare Method (Event Handler)" Value="24" />
   <Option Name="MostRecentlyUsedObject" Value="Declare Method (Event Handler)" />
  </Section>
  <Section Name="|Optimize Namespace References|Sort Namespace References|">
   <Option Name="Optimize Namespace References" Value="154" />
   <Option Name="MostRecentlyUsedObject" Value="Optimize Namespace References" />
   <Option Name="Sort Namespace References" Value="2" />
  </Section>
  <Section Name="|Make Implicit|Rename|">
   <Option Name="Rename" Value="2" />
   <Option Name="Make Implicit" Value="14" />
   <Option Name="MostRecentlyUsedObject" Value="Make Implicit" />
  </Section>
  <Section Name="|Add Parameter|Convert to Built-in Type|Introduce Alias|Introduce Alias (replace all)|Remove Parameter|Remove Type Qualifier|Remove Type Qualifier (remove all)|">
   <Option Name="Remove Type Qualifier (remove all)" Value="2" />
   <Option Name="MostRecentlyUsedObject" Value="Remove Type Qualifier (remove all)" />
  </Section>
  <Section Name="|Add Parameter|Create Overload|Make Member Static|Rename|Reorder Parameters|">
   <Option Name="Rename" Value="1" />
   <Option Name="MostRecentlyUsedObject" Value="Rename" />
  </Section>
  <Section Name="|Inline Temp1|Make Explicit|Rename|Replace Temp with Query|Widen Scope (promote to field)|">
   <Option Name="Rename" Value="4" />
   <Option Name="MostRecentlyUsedObject" Value="Rename" />
  </Section>
  <Section Name="|Make Implicit|Rename|Split Initialization from Declaration|Widen Scope (promote to field)|">
   <Option Name="Rename" Value="1" />
   <Option Name="MostRecentlyUsedObject" Value="Make Implicit" />
   <Option Name="Make Implicit" Value="3" />
   <Option Name="Split Initialization from Declaration" Value="1" />
  </Section>
  <Section Name="|Introduce Alias|Introduce Alias (replace all)|Remove Type Qualifier|Remove Type Qualifier (remove all)|Rename|">
   <Option Name="Remove Type Qualifier (remove all)" Value="16" />
   <Option Name="MostRecentlyUsedObject" Value="Remove Type Qualifier (remove all)" />
  </Section>
  <Section Name="|Extract Method|Extract Property|Introduce Local|">
   <Option Name="Introduce Local" Value="12" />
   <Option Name="MostRecentlyUsedObject" Value="Introduce Local" />
   <Option Name="Extract Property" Value="1" />
  </Section>
  <Section Name="|Optimize Namespace References|Rename|Sort Namespace References|">
   <Option Name="Optimize Namespace References" Value="2" />
   <Option Name="MostRecentlyUsedObject" Value="Optimize Namespace References" />
  </Section>
  <Section Name="|Add Missing Constructors|Create Descendant|Seal Class|">
   <Option Name="Add Missing Constructors" Value="2" />
   <Option Name="MostRecentlyUsedObject" Value="Add Missing Constructors" />
  </Section>
  <Section Name="|Add Parameter|Break Apart Parameters|Rename|Reorder Parameters|">
   <Option Name="Rename" Value="2" />
   <Option Name="MostRecentlyUsedObject" Value="Rename" />
  </Section>
  <Section Name="|Embed Selection|">
   <Option Name="Embed Selection" Value="38" />
   <Option Name="MostRecentlyUsedObject" Value="Embed Selection" />
  </Section>
  <Section Name="|Add Parameter|Break Apart Parameters|Decompose Parameter|Rename|Reorder Parameters|">
   <Option Name="Rename" Value="1" />
   <Option Name="MostRecentlyUsedObject" Value="Rename" />
  </Section>
  <Section Name="|Make Implicit|Move Declaration Near Reference|Split Initialization from Declaration|Widen Scope (promote to field)|">
   <Option Name="Make Implicit" Value="1" />
   <Option Name="MostRecentlyUsedObject" Value="Make Implicit" />
  </Section>
  <Section Name="|Break Apart Parameters|Decompose Initializer|Inline Temp1|Rename|Replace Temp with Query|">
   <Option Name="Break Apart Parameters" Value="1" />
   <Option Name="MostRecentlyUsedObject" Value="Break Apart Parameters" />
  </Section>
  <Section Name="|Make Implicit|Promote to Parameter|Rename|Widen Scope (promote to field)|">
   <Option Name="Make Implicit" Value="1" />
   <Option Name="MostRecentlyUsedObject" Value="Widen Scope (promote to field)" />
   <Option Name="Widen Scope (promote to field)" Value="1" />
  </Section>
  <Section Name="|Extract Method|Introduce Local|Use String.Format|">
   <Option Name="Use String.Format" Value="3" />
   <Option Name="MostRecentlyUsedObject" Value="Use String.Format" />
  </Section>
  <Section Name="|Make Explicit|Rename|">
   <Option Name="Rename" Value="11" />
   <Option Name="MostRecentlyUsedObject" Value="Rename" />
  </Section>
  <Section Name="|Make Implicit|Split Initialization from Declaration|Widen Scope (promote to field)|">
   <Option Name="Make Implicit" Value="5" />
   <Option Name="MostRecentlyUsedObject" Value="Make Implicit" />
  </Section>
  <Section Name="|Extract String to Resource|Introduce Constant|Introduce Constant (local)|Introduce Local|Line-up Parameters|Promote to Parameter|Split String|Use String.Format|">
   <Option Name="Introduce Constant" Value="1" />
   <Option Name="MostRecentlyUsedObject" Value="Introduce Constant" />
  </Section>
  <Section Name="|Introduce Alias|Introduce Alias (replace all)|Remove Type Qualifier|Remove Type Qualifier (remove all)|">
   <Option Name="Remove Type Qualifier (remove all)" Value="29" />
   <Option Name="MostRecentlyUsedObject" Value="Remove Type Qualifier (remove all)" />
  </Section>
  <Section Name="|Decompose Initializer|Introduce Alias|Introduce Alias (replace all)|Line-up Parameters|Remove Type Qualifier|Remove Type Qualifier (remove all)|Rename|">
   <Option Name="Remove Type Qualifier (remove all)" Value="1" />
   <Option Name="MostRecentlyUsedObject" Value="Remove Type Qualifier (remove all)" />
  </Section>
  <Section Name="|Inline Constant|Line-up Parameters|Promote to Parameter|Rename|Use String.Format|">
   <Option Name="Use String.Format" Value="1" />
   <Option Name="MostRecentlyUsedObject" Value="Use String.Format" />
  </Section>
  <Section Name="|Create Setter Method|Make Member Non-static|Rename|">
   <Option Name="Rename" Value="3" />
   <Option Name="MostRecentlyUsedObject" Value="Rename" />
  </Section>
  <Section Name="|Extract String to Resource|Introduce Constant|Introduce Constant (local)|Introduce Local|Use String.Format|">
   <Option Name="Use String.Format" Value="2" />
   <Option Name="MostRecentlyUsedObject" Value="Use String.Format" />
  </Section>
  <Section Name="|Create Setter Method|Encapsulate Event|Encapsulate Method|Encapsulate Property|Make Member Static|Rename|">
   <Option Name="Rename" Value="2" />
   <Option Name="MostRecentlyUsedObject" Value="Rename" />
  </Section>
  <Section Name="|Extract Interface|Move Type to Namespace|Rename|">
   <Option Name="Extract Interface" Value="1" />
   <Option Name="MostRecentlyUsedObject" Value="Rename" />
   <Option Name="Rename" Value="6" />
  </Section>
  <Section Name="|Move Type to File|Rename|Rename File to Match Type|">
   <Option Name="Move Type to File" Value="47" />
   <Option Name="MostRecentlyUsedObject" Value="Move Type to File" />
   <Option Name="Rename" Value="1" />
  </Section>
  <Section Name="|Break Attributes|Line Up Attributes|Reorder Attributes|">
   <Option Name="Break Attributes" Value="1" />
   <Option Name="MostRecentlyUsedObject" Value="Break Attributes" />
  </Section>
  <Section Name="|Introduce Constant|Introduce Constant (local)|Promote to Parameter|">
   <Option Name="Introduce Constant" Value="1" />
   <Option Name="MostRecentlyUsedObject" Value="Introduce Constant" />
  </Section>
  <Section Name="|Compress to Ternary Expression|Flatten Conditional|Reverse Conditional|Split Conditional|">
   <Option Name="Compress to Ternary Expression" Value="2" />
   <Option Name="MostRecentlyUsedObject" Value="Compress to Ternary Expression" />
  </Section>
  <Section Name="|Create Setter Method|Encapsulate Event|Introduce Alias|Introduce Alias (replace all)|Make Member Static|Remove Type Qualifier|Remove Type Qualifier (remove all)|">
   <Option Name="Remove Type Qualifier (remove all)" Value="1" />
   <Option Name="MostRecentlyUsedObject" Value="Remove Type Qualifier (remove all)" />
  </Section>
  <Section Name="|Make Explicit|Rename|Replace Temp with Query|Widen Scope (promote to field)|">
   <Option Name="Rename" Value="3" />
   <Option Name="MostRecentlyUsedObject" Value="Rename" />
   <Option Name="Make Explicit" Value="1" />
  </Section>
  <Section Name="|Convert to Initializer|Make Explicit|Promote to Parameter|Rename|Widen Scope (promote to field)|">
   <Option Name="Convert to Initializer" Value="3" />
   <Option Name="MostRecentlyUsedObject" Value="Convert to Initializer" />
   <Option Name="Rename" Value="2" />
  </Section>
  <Section Name="|Convert to Initializer|Decompose Initializer|Make Explicit|Promote to Parameter|Rename|">
   <Option Name="Convert to Initializer" Value="1" />
   <Option Name="MostRecentlyUsedObject" Value="Convert to Initializer" />
  </Section>
  <Section Name="|Remove Redundant Qualifier|">
   <Option Name="Remove Redundant Qualifier" Value="1" />
   <Option Name="MostRecentlyUsedObject" Value="Remove Redundant Qualifier" />
  </Section>
  <Section Name="|Extract Method|Extract Method to Type|Introduce Local|">
   <Option Name="Extract Method" Value="1" />
   <Option Name="MostRecentlyUsedObject" Value="Introduce Local" />
   <Option Name="Introduce Local" Value="4" />
  </Section>
  <Section Name="|Decompose Initializer|Introduce Constant|Introduce Constant (local)|Line-up Parameters|Promote to Parameter|">
   <Option Name="Line-up Parameters" Value="1" />
   <Option Name="MostRecentlyUsedObject" Value="Line-up Parameters" />
  </Section>
  <Section Name="|Collapse Getter|Property to Method(s)|">
   <Option Name="Collapse Getter" Value="14" />
   <Option Name="MostRecentlyUsedObject" Value="Collapse Getter" />
  </Section>
  <Section Name="|Compress to Lambda Expression|Name Anonymous Method|">
   <Option Name="Name Anonymous Method" Value="2" />
   <Option Name="MostRecentlyUsedObject" Value="Compress to Lambda Expression" />
   <Option Name="Compress to Lambda Expression" Value="3" />
  </Section>
  <Section Name="|Expand Lambda Expression|Rename|">
   <Option Name="Expand Lambda Expression" Value="2" />
   <Option Name="MostRecentlyUsedObject" Value="Rename" />
   <Option Name="Rename" Value="8" />
  </Section>
  <Section Name="|Inline Delegate|Rename|">
   <Option Name="Inline Delegate" Value="2" />
   <Option Name="MostRecentlyUsedObject" Value="Rename" />
   <Option Name="Rename" Value="1" />
  </Section>
  <Section Name="|Decompose Initializer|Introduce Alias|Introduce Alias (replace all)|Line-up Parameters|Remove Type Qualifier|Remove Type Qualifier (remove all)|">
   <Option Name="Remove Type Qualifier (remove all)" Value="2" />
   <Option Name="MostRecentlyUsedObject" Value="Remove Type Qualifier (remove all)" />
  </Section>
  <Section Name="|Break Apart Parameters|Decompose Initializer|Introduce Constant|Introduce Constant (local)|Promote to Parameter|">
   <Option Name="Break Apart Parameters" Value="1" />
   <Option Name="MostRecentlyUsedObject" Value="Break Apart Parameters" />
  </Section>
  <Section Name="|Add to Interface|">
   <Option Name="Add to Interface" Value="7" />
   <Option Name="MostRecentlyUsedObject" Value="Add to Interface" />
  </Section>
  <Section Name="|Break Apart Parameters|Decompose Initializer|">
   <Option Name="Break Apart Parameters" Value="2" />
   <Option Name="MostRecentlyUsedObject" Value="Break Apart Parameters" />
  </Section>
  <Section Name="|Line-up Parameters|Rename|">
   <Option Name="Rename" Value="1" />
   <Option Name="MostRecentlyUsedObject" Value="Rename" />
  </Section>
  <Section Name="|Inline Temp1|Make Explicit|Move Declaration Near Reference|Rename|Replace Temp with Query|Widen Scope (promote to field)|">
   <Option Name="Rename" Value="4" />
   <Option Name="MostRecentlyUsedObject" Value="Rename" />
  </Section>
  <Section Name="|Make Explicit|Rename|Widen Scope|Widen Scope (promote to field)|">
   <Option Name="Rename" Value="3" />
   <Option Name="MostRecentlyUsedObject" Value="Rename" />
   <Option Name="Widen Scope" Value="1" />
  </Section>
  <Section Name="|Line-up Parameters|Remove Redundant Call|">
   <Option Name="Line-up Parameters" Value="1" />
   <Option Name="Remove Redundant Call" Value="2" />
   <Option Name="MostRecentlyUsedObject" Value="Remove Redundant Call" />
  </Section>
  <Section Name="|Declare Class|Declare Field|Declare Local|Declare Local (implicit)|Declare Property|Declare Property (auto-implemented)|Declare Property (with backing store)|Declare Struct|">
   <Option Name="Declare Class" Value="1" />
   <Option Name="MostRecentlyUsedObject" Value="Declare Class" />
  </Section>
  <Section Name="|Inline Temp|Make Explicit|Rename|Replace Temp with Query|Widen Scope|Widen Scope (promote to field)|">
   <Option Name="Rename" Value="1" />
   <Option Name="MostRecentlyUsedObject" Value="Rename" />
  </Section>
  <Section Name="|Create Method Stub|">
   <Option Name="Create Method Stub" Value="6" />
   <Option Name="MostRecentlyUsedObject" Value="Create Method Stub" />
  </Section>
  <Section Name="|Make Explicit|Move Declaration Near Reference|Rename|Widen Scope (promote to field)|">
   <Option Name="Rename" Value="3" />
   <Option Name="MostRecentlyUsedObject" Value="Rename" />
  </Section>
  <Section Name="|Break Apart Parameters|Compress to Null Coalescing Operation|Expand Ternary Expression|">
   <Option Name="Compress to Null Coalescing Operation" Value="1" />
   <Option Name="MostRecentlyUsedObject" Value="Compress to Null Coalescing Operation" />
  </Section>
  <Section Name="|Inline Recent Assignment|Inline Temp|Rename|Replace Temp with Query|Use String.Format|">
   <Option Name="Use String.Format" Value="4" />
   <Option Name="MostRecentlyUsedObject" Value="Use String.Format" />
  </Section>
  <Section Name="|Add to Interface|Add XML Comments|">
   <Option Name="Add to Interface" Value="3" />
   <Option Name="MostRecentlyUsedObject" Value="Add to Interface" />
  </Section>
  <Section Name="|Inline Temp1|Make Implicit|Rename|Replace Temp with Query|Split Initialization from Declaration|Widen Scope (promote to field)|">
   <Option Name="Split Initialization from Declaration" Value="2" />
   <Option Name="MostRecentlyUsedObject" Value="Split Initialization from Declaration" />
   <Option Name="Rename" Value="1" />
   <Option Name="Make Implicit" Value="1" />
  </Section>
  <Section Name="|Rename|Replace Temp with Query|">
   <Option Name="Replace Temp with Query" Value="3" />
   <Option Name="MostRecentlyUsedObject" Value="Replace Temp with Query" />
  </Section>
  <Section Name="|Extract String to Resource|Introduce Constant|Introduce Constant (local)|Introduce Local|Promote to Parameter|">
   <Option Name="Introduce Constant" Value="3" />
   <Option Name="MostRecentlyUsedObject" Value="Introduce Local" />
   <Option Name="Introduce Local" Value="1" />
  </Section>
  <Section Name="|Extract Interface|Move Type to File|Rename|Rename File to Match Type|">
   <Option Name="Move Type to File" Value="24" />
   <Option Name="MostRecentlyUsedObject" Value="Move Type to File" />
   <Option Name="Rename" Value="3" />
  </Section>
  <Section Name="|Property to Method(s)|Pull Member Up|Rename|Safe Rename|">
   <Option Name="Rename" Value="1" />
   <Option Name="MostRecentlyUsedObject" Value="Rename" />
  </Section>
  <Section Name="|Inline Recent Assignment|Inline Temp1|Rename|">
   <Option Name="Inline Temp1" Value="6" />
   <Option Name="MostRecentlyUsedObject" Value="Inline Temp1" />
  </Section>
  <Section Name="|Extract Interface|Move Type to Namespace|Rename|Rename File to Match Type|Rename Type to Match File|">
   <Option Name="Rename File to Match Type" Value="27" />
   <Option Name="MostRecentlyUsedObject" Value="Rename File to Match Type" />
  </Section>
  <Section Name="|Extract Method|Introduce Local|">
   <Option Name="Introduce Local" Value="7" />
   <Option Name="MostRecentlyUsedObject" Value="Introduce Local" />
  </Section>
  <Section Name="|Create Setter Method|Encapsulate Method|Make Member Static|Pull Member Up|Remove Redundant Assignment|Rename|">
   <Option Name="Rename" Value="1" />
   <Option Name="MostRecentlyUsedObject" Value="Rename" />
  </Section>
  <Section Name="|Embed Selection|Invert Selection|">
   <Option Name="Embed Selection" Value="8" />
   <Option Name="MostRecentlyUsedObject" Value="Embed Selection" />
  </Section>
  <Section Name="|Make Member Non-static|Property to Method(s)|Rename|Safe Rename|">
   <Option Name="Rename" Value="1" />
   <Option Name="MostRecentlyUsedObject" Value="Rename" />
  </Section>
  <Section Name="|Make Member Static|Property to Method(s)|Rename|Safe Rename|">
   <Option Name="Rename" Value="1" />
   <Option Name="MostRecentlyUsedObject" Value="Rename" />
  </Section>
  <Section Name="|Create Setter Method|Encapsulate Property|Make Member Non-static|Rename|">
   <Option Name="Rename" Value="2" />
   <Option Name="MostRecentlyUsedObject" Value="Rename" />
  </Section>
  <Section Name="|Inline Temp|Make Implicit|Move Declaration Near Reference|Promote to Parameter|Rename|Replace Temp with Query|Split Initialization from Declaration|Widen Scope (promote to field)|">
   <Option Name="Rename" Value="3" />
   <Option Name="MostRecentlyUsedObject" Value="Rename" />
  </Section>
  <Section Name="|Compress to Ternary Expression|Flatten Conditional|Reverse Conditional|">
   <Option Name="Compress to Ternary Expression" Value="4" />
   <Option Name="MostRecentlyUsedObject" Value="Compress to Ternary Expression" />
  </Section>
  <Section Name="|Inline Temp1|Introduce Using Statement|Make Implicit|Rename|Split Initialization from Declaration|Widen Scope (promote to field)|">
   <Option Name="Make Implicit" Value="1" />
   <Option Name="MostRecentlyUsedObject" Value="Make Implicit" />
  </Section>
  <Section Name="|Expand Ternary Expression|Move Initialization to Declaration|Rename|Replace Temp with Query|">
   <Option Name="Move Initialization to Declaration" Value="1" />
   <Option Name="MostRecentlyUsedObject" Value="Move Initialization to Declaration" />
  </Section>
  <Section Name="|Decompose Initializer|Introduce Using Statement|Make Implicit|Rename|Split Initialization from Declaration|">
   <Option Name="Make Implicit" Value="1" />
   <Option Name="MostRecentlyUsedObject" Value="Make Implicit" />
  </Section>
  <Section Name="|Convert to Initializer|Make Implicit|Move Declaration Near Reference|Promote to Parameter|Rename|Split Initialization from Declaration|Widen Scope (promote to field)|">
   <Option Name="Rename" Value="2" />
   <Option Name="MostRecentlyUsedObject" Value="Rename" />
  </Section>
  <Section Name="|Add Parameter|Rename|">
   <Option Name="Add Parameter" Value="3" />
   <Option Name="MostRecentlyUsedObject" Value="Rename" />
   <Option Name="Rename" Value="4" />
  </Section>
  <Section Name="|Make Implicit|Move Declaration Near Reference|Promote to Parameter|Rename|Split Initialization from Declaration|Widen Scope (promote to field)|">
   <Option Name="Rename" Value="4" />
   <Option Name="MostRecentlyUsedObject" Value="Widen Scope (promote to field)" />
   <Option Name="Widen Scope (promote to field)" Value="1" />
  </Section>
  <Section Name="|Declare Class|Declare Struct|">
   <Option Name="Declare Class" Value="9" />
   <Option Name="MostRecentlyUsedObject" Value="Declare Class" />
  </Section>
  <Section Name="|Add Parameter|Rename|Reorder Parameters|">
   <Option Name="Rename" Value="3" />
   <Option Name="MostRecentlyUsedObject" Value="Rename" />
  </Section>
  <Section Name="|Add Parameter|Remove Parameter|Reorder Parameters|">
   <Option Name="Remove Parameter" Value="1" />
   <Option Name="MostRecentlyUsedObject" Value="Remove Parameter" />
  </Section>
  <Section Name="|Create Setter Method|Encapsulate Field|Encapsulate Field (read-only)|Encapsulate Method|Make Member Static|Pull Member Up|Rename|">
   <Option Name="Rename" Value="1" />
   <Option Name="MostRecentlyUsedObject" Value="Rename" />
  </Section>
  <Section Name="|Make Implicit|Move Declaration Near Reference|Split Initialization from Declaration|Widen Scope|Widen Scope (promote to field)|">
   <Option Name="Make Implicit" Value="1" />
   <Option Name="MostRecentlyUsedObject" Value="Make Implicit" />
  </Section>
  <Section Name="|Add Parameter|Create Overload|Make Member Static|Pull Member Up|Rename|Reorder Parameters|">
   <Option Name="Make Member Static" Value="1" />
   <Option Name="MostRecentlyUsedObject" Value="Make Member Static" />
  </Section>
  <Section Name="|Make Implicit|Rename|Replace Temp with Query|Split Initialization from Declaration|Widen Scope (promote to field)|">
   <Option Name="Rename" Value="2" />
   <Option Name="MostRecentlyUsedObject" Value="Split Initialization from Declaration" />
   <Option Name="Split Initialization from Declaration" Value="2" />
  </Section>
  <Section Name="|Convert to Initializer|Make Implicit|Rename|Split Initialization from Declaration|Widen Scope|Widen Scope (promote to field)|">
   <Option Name="Convert to Initializer" Value="1" />
   <Option Name="MostRecentlyUsedObject" Value="Convert to Initializer" />
  </Section>
  <Section Name="|Convert to System Type|Make Implicit|">
   <Option Name="Make Implicit" Value="1" />
   <Option Name="MostRecentlyUsedObject" Value="Convert to System Type" />
   <Option Name="Convert to System Type" Value="1" />
  </Section>
  <Section Name="|Add Parameter|Create Overload|Method to Property|Remove Parameter|Rename|Safe Rename|">
   <Option Name="Create Overload" Value="1" />
   <Option Name="MostRecentlyUsedObject" Value="Create Overload" />
  </Section>
  <Section Name="|Move Type to Namespace|Rename|Rename File to Match Type|Rename Type to Match File|">
   <Option Name="Rename File to Match Type" Value="22" />
   <Option Name="MostRecentlyUsedObject" Value="Rename File to Match Type" />
  </Section>
  <Section Name="|Decompose Initializer|Introduce Alias|Introduce Alias (replace all)|Remove Type Qualifier|Remove Type Qualifier (remove all)|">
   <Option Name="Remove Type Qualifier (remove all)" Value="1" />
   <Option Name="MostRecentlyUsedObject" Value="Remove Type Qualifier (remove all)" />
  </Section>
  <Section Name="|Make Implicit|Rename|Split Initialization from Declaration|Widen Scope|Widen Scope (promote to field)|">
   <Option Name="Split Initialization from Declaration" Value="1" />
   <Option Name="MostRecentlyUsedObject" Value="Make Implicit" />
   <Option Name="Make Implicit" Value="1" />
  </Section>
  <Section Name="|Make Implicit|Move Declaration Near Reference|Promote to Parameter|Promote to Parameter (optional)|Rename|Split Initialization from Declaration|Widen Scope (promote to field)|">
   <Option Name="Rename" Value="6" />
   <Option Name="MostRecentlyUsedObject" Value="Rename" />
  </Section>
  <Section Name="|Convert to System Type|Make Implicit|Promote to Parameter|Promote to Parameter (optional)|Split Initialization from Declaration|Widen Scope|Widen Scope (promote to field)|">
   <Option Name="Split Initialization from Declaration" Value="1" />
   <Option Name="MostRecentlyUsedObject" Value="Split Initialization from Declaration" />
  </Section>
  <Section Name="|Make Implicit|Move Declaration Near Reference|Promote to Parameter|Rename|Replace Temp with Query|Split Initialization from Declaration|Widen Scope (promote to field)|">
   <Option Name="Rename" Value="2" />
   <Option Name="MostRecentlyUsedObject" Value="Rename" />
  </Section>
  <Section Name="|Break Apart Parameters|Expand Ternary Expression|Introduce Alias|Introduce Alias (replace all)|Line-up Parameters|Remove Type Qualifier|Remove Type Qualifier (remove all)|">
   <Option Name="Remove Type Qualifier (remove all)" Value="1" />
   <Option Name="MostRecentlyUsedObject" Value="Remove Type Qualifier (remove all)" />
  </Section>
  <Section Name="|Create Method Stub|Declare Method (abstract)|">
   <Option Name="Create Method Stub" Value="1" />
   <Option Name="MostRecentlyUsedObject" Value="Create Method Stub" />
  </Section>
  <Section Name="|Add XML Comments|Declare Interface|">
   <Option Name="Declare Interface" Value="1" />
   <Option Name="MostRecentlyUsedObject" Value="Declare Interface" />
  </Section>
  <Section Name="|Add XML Comments|Declare Class|Declare Enum|Declare Struct|">
   <Option Name="Declare Class" Value="1" />
   <Option Name="MostRecentlyUsedObject" Value="Declare Class" />
  </Section>
  <Section Name="|Expand Ternary Expression|Rename|">
   <Option Name="Rename" Value="2" />
   <Option Name="MostRecentlyUsedObject" Value="Rename" />
  </Section>
  <Section Name="|Introduce Using Statement|Make Implicit|Promote to Parameter|Split Initialization from Declaration|Widen Scope (promote to field)|">
   <Option Name="Make Implicit" Value="1" />
   <Option Name="MostRecentlyUsedObject" Value="Make Implicit" />
  </Section>
  <Section Name="|Inline Temp1|Make Explicit|Move Declaration Near Reference|Rename|Replace Temp with Query|">
   <Option Name="Rename" Value="1" />
   <Option Name="MostRecentlyUsedObject" Value="Rename" />
  </Section>
  <Section Name="|Declare Class|Declare Enum|Declare EventArgs Descendant|Declare Struct|">
   <Option Name="Declare Class" Value="1" />
   <Option Name="MostRecentlyUsedObject" Value="Declare Class" />
  </Section>
  <Section Name="|Create Setter Method|Encapsulate Event|Encapsulate Field|Encapsulate Field (read-only)|Encapsulate Method|Encapsulate Property|Make Member Static|Make Read-only|Rename|Split Initialization from Declaration|">
   <Option Name="Rename" Value="1" />
   <Option Name="MostRecentlyUsedObject" Value="Rename" />
  </Section>
  <Section Name="|Add Parameter|Boolean to Enum|Create Overload|Rename|Reorder Parameters|">
   <Option Name="Rename" Value="1" />
   <Option Name="MostRecentlyUsedObject" Value="Rename" />
  </Section>
  <Section Name="|Inline Result|Rename|Replace Temp with Query|">
   <Option Name="Rename" Value="1" />
   <Option Name="MostRecentlyUsedObject" Value="Rename" />
  </Section>
  <Section Name="|Break Apart Parameters|Make Implicit|">
   <Option Name="Make Implicit" Value="2" />
   <Option Name="MostRecentlyUsedObject" Value="Make Implicit" />
  </Section>
  <Section Name="|Break Apart Parameters|Introduce Alias|Introduce Alias (replace all)|Remove Type Qualifier|Remove Type Qualifier (remove all)|Use String.Format|">
   <Option Name="Remove Type Qualifier (remove all)" Value="1" />
   <Option Name="MostRecentlyUsedObject" Value="Remove Type Qualifier (remove all)" />
  </Section>
  <Section Name="|Remove Redundant Delegate Creation|Rename|">
   <Option Name="Remove Redundant Delegate Creation" Value="1" />
   <Option Name="MostRecentlyUsedObject" Value="Remove Redundant Delegate Creation" />
  </Section>
  <Section Name="|Declare Class|Declare Field|Declare Local|Declare Local (implicit)|Declare Method (Event Handler)|Declare Struct|">
   <Option Name="Declare Method (Event Handler)" Value="3" />
   <Option Name="MostRecentlyUsedObject" Value="Declare Method (Event Handler)" />
  </Section>
  <Section Name="|Break Apart Parameters|Make Implicit|Rename|">
   <Option Name="Make Implicit" Value="2" />
   <Option Name="MostRecentlyUsedObject" Value="Make Implicit" />
  </Section>
  <Section Name="|Inline Temp|Introduce Using Statement|Make Explicit|Rename|Replace Temp with Query|Widen Scope (promote to field)|">
   <Option Name="Introduce Using Statement" Value="1" />
   <Option Name="MostRecentlyUsedObject" Value="Introduce Using Statement" />
  </Section>
  <Section Name="|Make Implicit|Rename|Replace Temp with Query|Split Initialization from Declaration|Widen Scope|Widen Scope (promote to field)|">
   <Option Name="Split Initialization from Declaration" Value="5" />
   <Option Name="MostRecentlyUsedObject" Value="Split Initialization from Declaration" />
  </Section>
  <Section Name="|Add Parameter|Convert to System Type|Remove Parameter|">
   <Option Name="Remove Parameter" Value="1" />
   <Option Name="MostRecentlyUsedObject" Value="Remove Parameter" />
  </Section>
  <Section Name="|Declare Class|Declare Enum|Declare Field|Declare Local|Declare Local (implicit)|Declare Method (Event Handler)|Declare Struct|">
   <Option Name="Declare Method (Event Handler)" Value="2" />
   <Option Name="MostRecentlyUsedObject" Value="Declare Method (Event Handler)" />
  </Section>
  <Section Name="|Inline Delegate|Introduce Alias|Introduce Alias (replace all)|Remove Redundant Delegate Creation|Remove Type Qualifier|Remove Type Qualifier (remove all)|">
   <Option Name="Remove Type Qualifier (remove all)" Value="1" />
   <Option Name="MostRecentlyUsedObject" Value="Remove Type Qualifier (remove all)" />
  </Section>
  <Section Name="|Execute Statement Asynchronously (StartNew)|Rename|">
   <Option Name="Execute Statement Asynchronously (StartNew)" Value="1" />
   <Option Name="MostRecentlyUsedObject" Value="Rename" />
   <Option Name="Rename" Value="3" />
  </Section>
  <Section Name="|Break Apart Parameters|Make Implicit|Rename|Replace Temp with Query|Split Initialization from Declaration|Widen Scope|Widen Scope (promote to field)|">
   <Option Name="Split Initialization from Declaration" Value="1" />
   <Option Name="MostRecentlyUsedObject" Value="Split Initialization from Declaration" />
  </Section>
  <Section Name="|Extract Method|Extract Property|Introduce Local|Use String.Format|">
   <Option Name="Use String.Format" Value="1" />
   <Option Name="MostRecentlyUsedObject" Value="Use String.Format" />
  </Section>
  <Section Name="|Introduce Using Statement|Make Explicit|Rename|Widen Scope (promote to field)|">
   <Option Name="Introduce Using Statement" Value="1" />
   <Option Name="MostRecentlyUsedObject" Value="Introduce Using Statement" />
  </Section>
  <Section Name="|Break Apart Parameters|Convert to Built-in Type|">
   <Option Name="Break Apart Parameters" Value="1" />
   <Option Name="MostRecentlyUsedObject" Value="Break Apart Parameters" />
  </Section>
  <Section Name="|Break Apart Parameters|Rename|">
   <Option Name="Rename" Value="1" />
   <Option Name="MostRecentlyUsedObject" Value="Break Apart Parameters" />
   <Option Name="Break Apart Parameters" Value="3" />
  </Section>
  <Section Name="|Rename|">
   <Option Name="Rename" Value="6" />
   <Option Name="MostRecentlyUsedObject" Value="Rename" />
  </Section>
  <Section Name="|Use Equals|">
   <Option Name="Use Equals" Value="1" />
   <Option Name="MostRecentlyUsedObject" Value="Use Equals" />
  </Section>
  <Section Name="|Break Apart Parameters|Create Overload|Rename|">
   <Option Name="Rename" Value="8" />
   <Option Name="MostRecentlyUsedObject" Value="Rename" />
  </Section>
  <Section Name="|Expand Ternary Expression|Inline Temp|Move Initialization to Declaration|Rename|Replace Temp with Query|">
   <Option Name="Move Initialization to Declaration" Value="1" />
   <Option Name="MostRecentlyUsedObject" Value="Move Initialization to Declaration" />
  </Section>
  <Section Name="|Create Overload|Rename|Safe Rename|">
   <Option Name="Rename" Value="1" />
   <Option Name="MostRecentlyUsedObject" Value="Rename" />
  </Section>
  <Section Name="|Convert to Integer|Declare Class|Declare Class with Properties|Declare Struct|">
   <Option Name="Declare Class" Value="1" />
   <Option Name="MostRecentlyUsedObject" Value="Declare Class" />
  </Section>
  <Section Name="|Rename|Sort Namespace References|">
   <Option Name="Sort Namespace References" Value="1" />
   <Option Name="MostRecentlyUsedObject" Value="Sort Namespace References" />
  </Section>
  <Section Name="|Move Type to Namespace|Rename|">
   <Option Name="Rename" Value="9" />
   <Option Name="MostRecentlyUsedObject" Value="Rename" />
  </Section>
  <Section Name="|Make Member Static|Rename|">
   <Option Name="Rename" Value="2" />
   <Option Name="MostRecentlyUsedObject" Value="Rename" />
  </Section>
  <Section Name="|Convert to Integer|Declare Class|Declare Struct|">
   <Option Name="Declare Class" Value="1" />
   <Option Name="MostRecentlyUsedObject" Value="Declare Class" />
  </Section>
  <Section Name="|Inline Temp1|Make Explicit|Rename|Replace Temp with Query|Widen Scope|Widen Scope (promote to field)|">
   <Option Name="Rename" Value="2" />
   <Option Name="MostRecentlyUsedObject" Value="Rename" />
  </Section>
  <Section Name="|Inline Result|Make Implicit|Move Declaration Near Reference|Promote to Parameter|Rename|Replace Temp with Query|Split Initialization from Declaration|Widen Scope (promote to field)|">
   <Option Name="Rename" Value="1" />
   <Option Name="MostRecentlyUsedObject" Value="Rename" />
  </Section>
  <Section Name="|Convert to Initializer|Make Implicit|Promote to Parameter|Rename|Split Initialization from Declaration|Widen Scope (promote to field)|">
   <Option Name="Convert to Initializer" Value="2" />
   <Option Name="MostRecentlyUsedObject" Value="Convert to Initializer" />
  </Section>
  <Section Name="|Convert to Initializer|Rename|">
   <Option Name="Convert to Initializer" Value="1" />
   <Option Name="MostRecentlyUsedObject" Value="Convert to Initializer" />
  </Section>
  <Section Name="|Flatten Conditional|">
   <Option Name="Flatten Conditional" Value="2" />
   <Option Name="MostRecentlyUsedObject" Value="Flatten Conditional" />
  </Section>
  <Section Name="|Sort Namespace References|">
   <Option Name="Sort Namespace References" Value="12" />
   <Option Name="MostRecentlyUsedObject" Value="Sort Namespace References" />
  </Section>
  <Section Name="|Decompose Initializer|Extract Method|Introduce Local|Introduce Local (replace all)|">
   <Option Name="Introduce Local" Value="1" />
   <Option Name="MostRecentlyUsedObject" Value="Introduce Local" />
  </Section>
  <Section Name="|Decompose Initializer|Inline Temp1|Make Implicit|Move Declaration Near Reference|Rename|Split Initialization from Declaration|">
   <Option Name="Split Initialization from Declaration" Value="1" />
   <Option Name="MostRecentlyUsedObject" Value="Split Initialization from Declaration" />
  </Section>
  <Section Name="|Convert to Initializer|Introduce Using Statement|Make Implicit|Promote to Parameter|Rename|Split Initialization from Declaration|Widen Scope|Widen Scope (promote to field)|">
   <Option Name="Split Initialization from Declaration" Value="1" />
   <Option Name="MostRecentlyUsedObject" Value="Split Initialization from Declaration" />
  </Section>
  <Section Name="|Convert to Initializer|Move Initialization to Declaration|Promote to Parameter|Rename|Widen Scope (promote to field)|">
   <Option Name="Convert to Initializer" Value="1" />
   <Option Name="MostRecentlyUsedObject" Value="Convert to Initializer" />
  </Section>
  <Section Name="|Decompose Initializer|Introduce Using Statement|Make Implicit|Move Declaration Near Reference|Promote to Parameter|Rename|Split Initialization from Declaration|">
   <Option Name="Make Implicit" Value="1" />
   <Option Name="MostRecentlyUsedObject" Value="Make Implicit" />
  </Section>
  <Section Name="|Create Case Blocks from Enum|Introduce Alias|Introduce Alias (replace all)|Remove Type Qualifier|Remove Type Qualifier (remove all)|Rename|">
   <Option Name="Remove Type Qualifier (remove all)" Value="1" />
   <Option Name="MostRecentlyUsedObject" Value="Remove Type Qualifier (remove all)" />
  </Section>
  <Section Name="|Add Parameter|Introduce Alias|Introduce Alias (replace all)|Remove Parameter|Remove Type Qualifier|Remove Type Qualifier (remove all)|">
   <Option Name="Remove Type Qualifier (remove all)" Value="1" />
   <Option Name="MostRecentlyUsedObject" Value="Remove Type Qualifier (remove all)" />
  </Section>
  <Section Name="|Collapse Setter|Property to Method(s)|">
   <Option Name="Collapse Setter" Value="6" />
   <Option Name="MostRecentlyUsedObject" Value="Collapse Setter" />
  </Section>
  <Section Name="|Add Parameter|Introduce Alias|Introduce Alias (replace all)|Remove Parameter|Remove Type Qualifier|Remove Type Qualifier (remove all)|Rename|">
   <Option Name="Rename" Value="1" />
   <Option Name="Remove Type Qualifier (remove all)" Value="1" />
   <Option Name="MostRecentlyUsedObject" Value="Remove Type Qualifier (remove all)" />
  </Section>
  <Section Name="|Rename|Rename File to Match Type|Rename Type to Match File|">
   <Option Name="Rename File to Match Type" Value="2" />
   <Option Name="MostRecentlyUsedObject" Value="Rename File to Match Type" />
  </Section>
  <Section Name="|Add Missing Constructors|">
   <Option Name="Add Missing Constructors" Value="1" />
   <Option Name="MostRecentlyUsedObject" Value="Add Missing Constructors" />
  </Section>
  <Section Name="|Compress to Ternary Expression|Conditional to Case|Reverse Conditional|">
   <Option Name="Compress to Ternary Expression" Value="2" />
   <Option Name="MostRecentlyUsedObject" Value="Compress to Ternary Expression" />
  </Section>
  <Section Name="|Create Setter Method|Encapsulate Field|Encapsulate Field (read-only)|Encapsulate Method|Introduce Alias|Introduce Alias (replace all)|Make Member Static|Remove Type Qualifier|Remove Type Qualifier (remove all)|Rename|">
   <Option Name="Remove Type Qualifier (remove all)" Value="1" />
   <Option Name="MostRecentlyUsedObject" Value="Remove Type Qualifier (remove all)" />
  </Section>
  <Section Name="|Convert to Constant|Create Setter Method|Encapsulate Field|Encapsulate Field (read-only)|Encapsulate Method|Make Member Static|Make Read-only|Rename|Split Initialization from Declaration|">
   <Option Name="Convert to Constant" Value="1" />
   <Option Name="MostRecentlyUsedObject" Value="Convert to Constant" />
  </Section>
  <Section Name="|Compress to Ternary Expression|Expand Getter|Flatten Conditional|Reverse Conditional|Split Conditional|">
   <Option Name="Compress to Ternary Expression" Value="1" />
   <Option Name="MostRecentlyUsedObject" Value="Compress to Ternary Expression" />
  </Section>
  <Section Name="|Create Setter Method|Encapsulate Event|Encapsulate Field|Encapsulate Field (read-only)|Encapsulate Method|Encapsulate Property|Introduce Alias|Introduce Alias (replace all)|Make Member Static|Remove Type Qualifier|Remove Type Qualifier (remove all)|">
   <Option Name="Remove Type Qualifier (remove all)" Value="1" />
   <Option Name="MostRecentlyUsedObject" Value="Remove Type Qualifier (remove all)" />
  </Section>
  <Section Name="|Move Type to File|Rename File to Match Type|">
   <Option Name="Move Type to File" Value="1" />
   <Option Name="MostRecentlyUsedObject" Value="Move Type to File" />
  </Section>
  <Section Name="|Inline Delegate|Remove Redundant Delegate Creation|Rename|">
   <Option Name="Inline Delegate" Value="1" />
   <Option Name="MostRecentlyUsedObject" Value="Inline Delegate" />
  </Section>
  <Section Name="|Create Setter Method|Encapsulate Field|Encapsulate Field (read-only)|Encapsulate Method|Encapsulate Property|Make Member Static|Make Read-only|Rename|">
   <Option Name="Encapsulate Field" Value="1" />
   <Option Name="MostRecentlyUsedObject" Value="Rename" />
   <Option Name="Rename" Value="5" />
  </Section>
  <Section Name="|Create Setter Method|Encapsulate Field|Encapsulate Field (read-only)|Make Member Static|Rename|">
   <Option Name="Rename" Value="2" />
   <Option Name="MostRecentlyUsedObject" Value="Rename" />
  </Section>
  <Section Name="|Create Setter Method|Encapsulate Field|Encapsulate Field (read-only)|Make Member Static|Make Read-only|Rename|">
   <Option Name="Encapsulate Field" Value="1" />
   <Option Name="MostRecentlyUsedObject" Value="Encapsulate Field" />
  </Section>
  <Section Name="|Break Apart Parameters|Introduce Alias|Introduce Alias (replace all)|Remove Type Qualifier|Remove Type Qualifier (remove all)|">
   <Option Name="Remove Type Qualifier (remove all)" Value="1" />
   <Option Name="MostRecentlyUsedObject" Value="Remove Type Qualifier (remove all)" />
  </Section>
  <Section Name="|Introduce Using Statement|Make Implicit|Promote to Parameter|Rename|Split Initialization from Declaration|Widen Scope (promote to field)|">
   <Option Name="Introduce Using Statement" Value="1" />
   <Option Name="MostRecentlyUsedObject" Value="Introduce Using Statement" />
  </Section>
  <Section Name="|Convert to Auto-implemented Property|Property to Method(s)|Rename|Safe Rename|">
   <Option Name="Convert to Auto-implemented Property" Value="3" />
   <Option Name="MostRecentlyUsedObject" Value="Convert to Auto-implemented Property" />
   <Option Name="Rename" Value="1" />
  </Section>
  <Section Name="|Line Up Attributes|Reorder Attributes|">
   <Option Name="Reorder Attributes" Value="1" />
   <Option Name="Line Up Attributes" Value="1" />
   <Option Name="MostRecentlyUsedObject" Value="Line Up Attributes" />
  </Section>
  <Section Name="|Move Type to File|Move Type to Namespace|Rename|Rename File to Match Type|Rename Type to Match File|">
   <Option Name="Move Type to File" Value="1" />
   <Option Name="MostRecentlyUsedObject" Value="Move Type to File" />
  </Section>
  <Section Name="|Add Parameter|Break Apart Parameters|Remove Parameter|Rename|Reorder Parameters|">
   <Option Name="Add Parameter" Value="1" />
   <Option Name="MostRecentlyUsedObject" Value="Add Parameter" />
  </Section>
  <Section Name="|Extract Interface|Move Type to File|Rename|Rename File to Match Type|Rename Type to Match File|">
   <Option Name="Move Type to File" Value="3" />
   <Option Name="MostRecentlyUsedObject" Value="Move Type to File" />
  </Section>
  <Section Name="|Extract Interface|Rename|">
   <Option Name="Rename" Value="3" />
   <Option Name="MostRecentlyUsedObject" Value="Rename" />
  </Section>
  <Section Name="|Move Type to File|Rename|Rename File to Match Type|Rename Type to Match File|">
   <Option Name="Move Type to File" Value="4" />
   <Option Name="MostRecentlyUsedObject" Value="Rename File to Match Type" />
   <Option Name="Rename File to Match Type" Value="3" />
  </Section>
  <Section Name="|Add Parameter|Break Apart Parameters|Convert to System Type|Reorder Parameters|">
   <Option Name="Add Parameter" Value="2" />
   <Option Name="MostRecentlyUsedObject" Value="Add Parameter" />
  </Section>
  <Section Name="|Add XML Comments|Convert to auto-implemented property|Convert to property with backing store|Remove Setter|">
   <Option Name="Convert to property with backing store" Value="1" />
   <Option Name="MostRecentlyUsedObject" Value="Convert to property with backing store" />
  </Section>
  <Section Name="|Execute Statement Asynchronously (StartNew)|Introduce Alias|Introduce Alias (replace all)|Remove Type Qualifier|Remove Type Qualifier (remove all)|">
   <Option Name="Remove Type Qualifier (remove all)" Value="4" />
   <Option Name="MostRecentlyUsedObject" Value="Remove Type Qualifier (remove all)" />
  </Section>
  <Section Name="|Make Implicit|Rename|Widen Scope|">
   <Option Name="Rename" Value="1" />
   <Option Name="MostRecentlyUsedObject" Value="Rename" />
  </Section>
  <Section Name="|Add Parameter|Remove Redundant Constructor|">
   <Option Name="Add Parameter" Value="1" />
   <Option Name="MostRecentlyUsedObject" Value="Add Parameter" />
  </Section>
  <Section Name="|Create Setter Method|Encapsulate Property|Make Member Static|Rename|">
   <Option Name="Rename" Value="1" />
   <Option Name="MostRecentlyUsedObject" Value="Rename" />
  </Section>
  <Section Name="|Extract Method|Extract Method to Type|Extract Property|Introduce Local|">
   <Option Name="Introduce Local" Value="4" />
   <Option Name="MostRecentlyUsedObject" Value="Introduce Local" />
  </Section>
  <Section Name="|Create Setter Method|Encapsulate Field|Encapsulate Field (read-only)|Encapsulate Method|Make Member Static|Rename|">
   <Option Name="Rename" Value="1" />
   <Option Name="MostRecentlyUsedObject" Value="Rename" />
  </Section>
  <Section Name="|Move Initialization to Declaration|Rename|">
   <Option Name="Rename" Value="1" />
   <Option Name="MostRecentlyUsedObject" Value="Rename" />
  </Section>
  <Section Name="|Create Backing Store|Make Member Non-static|Rename|Safe Rename|">
   <Option Name="Create Backing Store" Value="1" />
   <Option Name="MostRecentlyUsedObject" Value="Create Backing Store" />
  </Section>
  <Section Name="|Inline Temp1|Make Implicit|Promote to Parameter|Rename|Split Initialization from Declaration|Widen Scope (promote to field)|">
   <Option Name="Split Initialization from Declaration" Value="2" />
   <Option Name="Widen Scope (promote to field)" Value="1" />
   <Option Name="MostRecentlyUsedObject" Value="Split Initialization from Declaration" />
  </Section>
  <Section Name="|Add Parameter|Remove Parameter|Rename|Reorder Parameters|">
   <Option Name="Remove Parameter" Value="1" />
   <Option Name="MostRecentlyUsedObject" Value="Remove Parameter" />
  </Section>
  <Section Name="|Move Declaration Near Reference|Promote to Parameter|Rename|Widen Scope (promote to field)|">
   <Option Name="Rename" Value="1" />
   <Option Name="MostRecentlyUsedObject" Value="Rename" />
  </Section>
  <Section Name="|Make Implicit|Promote to Parameter|Promote to Parameter (optional)|Rename|Split Initialization from Declaration|Widen Scope|Widen Scope (promote to field)|">
   <Option Name="Split Initialization from Declaration" Value="1" />
   <Option Name="Widen Scope (promote to field)" Value="1" />
   <Option Name="MostRecentlyUsedObject" Value="Split Initialization from Declaration" />
  </Section>
  <Section Name="|Inline Temp1|Make Explicit|Promote to Parameter|Rename|Replace Temp with Query|Widen Scope (promote to field)|">
   <Option Name="Rename" Value="1" />
   <Option Name="MostRecentlyUsedObject" Value="Rename" />
  </Section>
  <Section Name="|Inline Temp|Make Implicit|Move Declaration Near Reference|Rename|Replace Temp with Query|Split Initialization from Declaration|Widen Scope (promote to field)|">
   <Option Name="Make Implicit" Value="1" />
   <Option Name="MostRecentlyUsedObject" Value="Split Initialization from Declaration" />
   <Option Name="Split Initialization from Declaration" Value="9" />
  </Section>
  <Section Name="|Convert to System Type|Promote to Parameter|Widen Scope|Widen Scope (promote to field)|">
   <Option Name="Widen Scope (promote to field)" Value="1" />
   <Option Name="MostRecentlyUsedObject" Value="Widen Scope" />
   <Option Name="Widen Scope" Value="1" />
  </Section>
  <Section Name="|Create Setter Method|Make Member Static|Rename|">
   <Option Name="Rename" Value="1" />
   <Option Name="MostRecentlyUsedObject" Value="Rename" />
  </Section>
  <Section Name="|Make Implicit|Move Declaration Near Reference|Rename|Split Initialization from Declaration|Widen Scope (promote to field)|">
   <Option Name="Rename" Value="1" />
   <Option Name="Split Initialization from Declaration" Value="3" />
   <Option Name="MostRecentlyUsedObject" Value="Make Implicit" />
   <Option Name="Make Implicit" Value="2" />
  </Section>
  <Section Name="|Promote to Parameter|Widen Scope (promote to field)|">
   <Option Name="Widen Scope (promote to field)" Value="1" />
   <Option Name="MostRecentlyUsedObject" Value="Widen Scope (promote to field)" />
  </Section>
  <Section Name="|Introduce Alias|Introduce Alias (replace all)|Make Implicit|Promote to Parameter|Remove Type Qualifier|Remove Type Qualifier (remove all)|Rename|Split Initialization from Declaration|Widen Scope (promote to field)|">
   <Option Name="Remove Type Qualifier (remove all)" Value="1" />
   <Option Name="MostRecentlyUsedObject" Value="Remove Type Qualifier (remove all)" />
  </Section>
  <Section Name="|Make Implicit|Promote to Parameter|Split Initialization from Declaration|Widen Scope (promote to field)|">
   <Option Name="Make Implicit" Value="1" />
   <Option Name="MostRecentlyUsedObject" Value="Make Implicit" />
  </Section>
  <Section Name="|Move Initialization to Declaration|Promote to Parameter|Rename|Widen Scope (promote to field)|">
   <Option Name="Widen Scope (promote to field)" Value="3" />
   <Option Name="MostRecentlyUsedObject" Value="Widen Scope (promote to field)" />
  </Section>
  <Section Name="|Collapse Setter|">
   <Option Name="Collapse Setter" Value="2" />
   <Option Name="MostRecentlyUsedObject" Value="Collapse Setter" />
  </Section>
  <Section Name="|Create Setter Method|Encapsulate Field|Encapsulate Field (read-only)|Encapsulate Method|Encapsulate Property|Introduce Alias|Introduce Alias (replace all)|Make Member Static|Remove Type Qualifier|Remove Type Qualifier (remove all)|Rename|">
   <Option Name="Remove Type Qualifier (remove all)" Value="5" />
   <Option Name="MostRecentlyUsedObject" Value="Remove Type Qualifier (remove all)" />
  </Section>
  <Section Name="|Make Implicit|Split Initialization from Declaration|Widen Scope|Widen Scope (promote to field)|">
   <Option Name="Split Initialization from Declaration" Value="1" />
   <Option Name="MostRecentlyUsedObject" Value="Make Implicit" />
   <Option Name="Make Implicit" Value="2" />
  </Section>
  <Section Name="|Promote to Parameter|Widen Scope|Widen Scope (promote to field)|">
   <Option Name="Widen Scope" Value="1" />
   <Option Name="MostRecentlyUsedObject" Value="Widen Scope" />
  </Section>
  <Section Name="|Inline Temp1|Introduce Using Statement|Promote to Parameter|Rename|Split Initialization from Declaration|Widen Scope (promote to field)|">
   <Option Name="Introduce Using Statement" Value="1" />
   <Option Name="MostRecentlyUsedObject" Value="Introduce Using Statement" />
  </Section>
  <Section Name="|Convert to Initializer|Inline Temp1|Make Implicit|Promote to Parameter|Rename|Split Initialization from Declaration|Widen Scope (promote to field)|">
   <Option Name="Make Implicit" Value="1" />
   <Option Name="MostRecentlyUsedObject" Value="Make Implicit" />
  </Section>
  <Section Name="|Inline Temp1|Introduce Using Statement|Rename|Split Initialization from Declaration|Widen Scope (promote to field)|">
   <Option Name="Introduce Using Statement" Value="2" />
   <Option Name="MostRecentlyUsedObject" Value="Introduce Using Statement" />
  </Section>
  <Section Name="|Expand Ternary Expression|Inline Temp1|Move Initialization to Declaration|Rename|Replace Temp with Query|">
   <Option Name="Move Initialization to Declaration" Value="1" />
   <Option Name="MostRecentlyUsedObject" Value="Move Initialization to Declaration" />
  </Section>
  <Section Name="|Inline Temp|Make Implicit|Rename|Replace Temp with Query|Split Initialization from Declaration|Widen Scope (promote to field)|">
   <Option Name="Split Initialization from Declaration" Value="2" />
   <Option Name="MostRecentlyUsedObject" Value="Split Initialization from Declaration" />
  </Section>
  <Section Name="|Promote to Parameter|Rename|Split Multi-variable Declaration|Widen Scope (promote to field)|">
   <Option Name="Split Multi-variable Declaration" Value="1" />
   <Option Name="MostRecentlyUsedObject" Value="Split Multi-variable Declaration" />
  </Section>
  <Section Name="|Break Apart Parameters|Decompose Initializer|Rename|">
   <Option Name="Break Apart Parameters" Value="2" />
   <Option Name="MostRecentlyUsedObject" Value="Break Apart Parameters" />
  </Section>
  <Section Name="|Convert to Initializer|Decompose Initializer|Make Implicit|Rename|Split Initialization from Declaration|Widen Scope|">
   <Option Name="Make Implicit" Value="2" />
   <Option Name="MostRecentlyUsedObject" Value="Make Implicit" />
  </Section>
  <Section Name="|Make Implicit|Rename|Replace Temp with Query|Split Initialization from Declaration|Widen Scope|">
   <Option Name="Split Initialization from Declaration" Value="1" />
   <Option Name="MostRecentlyUsedObject" Value="Split Initialization from Declaration" />
  </Section>
  <Section Name="|Conditional to Case|Flatten Conditional|Reverse Conditional|">
   <Option Name="Flatten Conditional" Value="1" />
   <Option Name="MostRecentlyUsedObject" Value="Flatten Conditional" />
  </Section>
  <Section Name="|Inline Result|Inline Temp1|Make Implicit|Rename|Replace Temp with Query|Split Initialization from Declaration|Widen Scope (promote to field)|">
   <Option Name="Widen Scope (promote to field)" Value="1" />
   <Option Name="MostRecentlyUsedObject" Value="Widen Scope (promote to field)" />
  </Section>
  <Section Name="|Add Parameter|Make Member Non-static|Method to Property|Rename|Reorder Parameters|Safe Rename|">
   <Option Name="Rename" Value="4" />
   <Option Name="MostRecentlyUsedObject" Value="Rename" />
  </Section>
  <Section Name="|Inline Temp|Make Explicit|Rename|Replace Temp with Query|Widen Scope (promote to field)|">
   <Option Name="Rename" Value="6" />
   <Option Name="MostRecentlyUsedObject" Value="Rename" />
  </Section>
  <Section Name="|Create Setter Method|Encapsulate Field|Encapsulate Field (read-only)|Encapsulate Method|Make Member Non-static|Make Read-only|Rename|">
   <Option Name="Encapsulate Field (read-only)" Value="1" />
   <Option Name="MostRecentlyUsedObject" Value="Encapsulate Field (read-only)" />
  </Section>
  <Section Name="|Make Explicit|Replace Temp with Query|">
   <Option Name="Make Explicit" Value="4" />
   <Option Name="MostRecentlyUsedObject" Value="Make Explicit" />
  </Section>
  <Section Name="|Inline Temp1|Make Explicit|Move Declaration Near Reference|Promote to Parameter|Rename|Widen Scope (promote to field)|">
   <Option Name="Make Explicit" Value="2" />
   <Option Name="MostRecentlyUsedObject" Value="Make Explicit" />
  </Section>
  <Section Name="|Inline Temp1|Make Implicit|Move Declaration Near Reference|Promote to Parameter|Rename|Split Initialization from Declaration|Widen Scope (promote to field)|">
   <Option Name="Split Initialization from Declaration" Value="2" />
   <Option Name="MostRecentlyUsedObject" Value="Split Initialization from Declaration" />
  </Section>
  <Section Name="|Extract String to Resource|Inline Format Item|Introduce Constant|Introduce Constant (local)|Introduce Local|Promote to Parameter|">
   <Option Name="Introduce Constant" Value="1" />
   <Option Name="MostRecentlyUsedObject" Value="Introduce Constant" />
  </Section>
  <Section Name="|Inline Temp1|Make Implicit|Move Declaration Near Reference|Rename|Split Initialization from Declaration|Widen Scope (promote to field)|">
   <Option Name="Rename" Value="1" />
   <Option Name="MostRecentlyUsedObject" Value="Rename" />
  </Section>
  <Section Name="|Convert to Constant|Inline Temp1|Make Implicit|Promote to Parameter|Promote to Parameter (optional)|Rename|Split Initialization from Declaration|Widen Scope (promote to field)|">
   <Option Name="Rename" Value="1" />
   <Option Name="MostRecentlyUsedObject" Value="Rename" />
  </Section>
  <Section Name="|Inline Temp1|Make Explicit|Move Declaration Near Reference|Rename|Widen Scope (promote to field)|">
   <Option Name="Rename" Value="2" />
   <Option Name="MostRecentlyUsedObject" Value="Rename" />
  </Section>
  <Section Name="|Decompose Initializer|Inline Temp1|Make Implicit|Rename|Split Initialization from Declaration|Widen Scope|">
   <Option Name="Make Implicit" Value="1" />
   <Option Name="MostRecentlyUsedObject" Value="Split Initialization from Declaration" />
   <Option Name="Split Initialization from Declaration" Value="1" />
  </Section>
  <Section Name="|Decompose Initializer|Extract Method|Introduce Local|">
   <Option Name="Introduce Local" Value="2" />
   <Option Name="MostRecentlyUsedObject" Value="Introduce Local" />
  </Section>
  <Section Name="|Inline Temp|Make Implicit|Rename|Replace Temp with Query|Split Initialization from Declaration|Widen Scope|Widen Scope (promote to field)|">
   <Option Name="Split Initialization from Declaration" Value="1" />
   <Option Name="MostRecentlyUsedObject" Value="Make Implicit" />
   <Option Name="Make Implicit" Value="1" />
  </Section>
  <Section Name="|Decompose Initializer|Inline Temp1|Make Explicit|Move Declaration Near Reference|Rename|Widen Scope|">
   <Option Name="Rename" Value="1" />
   <Option Name="MostRecentlyUsedObject" Value="Rename" />
  </Section>
  <Section Name="|Inline Temp|Make Explicit|Move Declaration Near Reference|Rename|Replace Temp with Query|Widen Scope (promote to field)|">
   <Option Name="Rename" Value="8" />
   <Option Name="MostRecentlyUsedObject" Value="Rename" />
  </Section>
  <Section Name="|Add Parameter|Introduce Parameter Object|Remove Redundant Qualifier|">
   <Option Name="Remove Redundant Qualifier" Value="1" />
   <Option Name="MostRecentlyUsedObject" Value="Remove Redundant Qualifier" />
  </Section>
  <Section Name="|Decompose Initializer|Inline Temp1|Line-up Parameters|Rename|Replace Temp with Query|">
   <Option Name="Inline Temp1" Value="1" />
   <Option Name="MostRecentlyUsedObject" Value="Inline Temp1" />
  </Section>
  <Section Name="|Convert to Initializer|Inline Temp1|Make Explicit|Promote to Parameter|Rename|Widen Scope (promote to field)|">
   <Option Name="Convert to Initializer" Value="1" />
   <Option Name="MostRecentlyUsedObject" Value="Convert to Initializer" />
  </Section>
  <Section Name="|Make Implicit|Promote to Parameter|Rename|Replace Temp with Query|Split Initialization from Declaration|Widen Scope (promote to field)|">
   <Option Name="Promote to Parameter" Value="1" />
   <Option Name="MostRecentlyUsedObject" Value="Promote to Parameter" />
  </Section>
  <Section Name="|Inline Temp1|Move Declaration Near Reference|Rename|">
   <Option Name="Rename" Value="1" />
   <Option Name="MostRecentlyUsedObject" Value="Rename" />
  </Section>
  <Section Name="|Execute Statements in Parallel|Extract Method|">
   <Option Name="Extract Method" Value="1" />
   <Option Name="MostRecentlyUsedObject" Value="Extract Method" />
  </Section>
  <Section Name="|Move Type to File|Rename|">
   <Option Name="Rename" Value="1" />
   <Option Name="Move Type to File" Value="3" />
   <Option Name="MostRecentlyUsedObject" Value="Move Type to File" />
  </Section>
  <Section Name="|Extract UserControl|">
   <Option Name="Extract UserControl" Value="1" />
   <Option Name="MostRecentlyUsedObject" Value="Extract UserControl" />
  </Section>
  <Section Name="|Create Setter Method|Encapsulate Field|Encapsulate Field (read-only)|Encapsulate Method|Make Member Static|Make Read-only|Rename|">
   <Option Name="Encapsulate Field" Value="1" />
   <Option Name="MostRecentlyUsedObject" Value="Encapsulate Field" />
  </Section>
  <Section Name="|Add Parameter|Introduce Alias|Introduce Alias (replace all)|Remove Type Qualifier|Remove Type Qualifier (remove all)|Rename|">
   <Option Name="Rename" Value="1" />
   <Option Name="Remove Type Qualifier (remove all)" Value="1" />
   <Option Name="MostRecentlyUsedObject" Value="Remove Type Qualifier (remove all)" />
  </Section>
  <Section Name="|Extract Method|Extract Method to Type|">
   <Option Name="Extract Method" Value="2" />
   <Option Name="MostRecentlyUsedObject" Value="Extract Method" />
  </Section>
  <Section Name="|Inline Temp|Move Declaration Near Reference|Rename|">
   <Option Name="Rename" Value="1" />
   <Option Name="MostRecentlyUsedObject" Value="Rename" />
  </Section>
  <Section Name="|Inline Temp1|Make Explicit|Promote to Parameter|Rename|Widen Scope (promote to field)|">
   <Option Name="Widen Scope (promote to field)" Value="1" />
   <Option Name="MostRecentlyUsedObject" Value="Rename" />
   <Option Name="Rename" Value="2" />
   <Option Name="Inline Temp1" Value="1" />
  </Section>
  <Section Name="|Convert to Initializer|Make Implicit|Rename|Split Initialization from Declaration|Widen Scope (promote to field)|">
   <Option Name="Convert to Initializer" Value="1" />
   <Option Name="Make Implicit" Value="2" />
   <Option Name="MostRecentlyUsedObject" Value="Make Implicit" />
  </Section>
  <Section Name="|Convert to Initializer|Make Implicit|Rename|">
   <Option Name="Make Implicit" Value="1" />
   <Option Name="MostRecentlyUsedObject" Value="Make Implicit" />
  </Section>
  <Section Name="|Execute Statement Asynchronously (StartNew)|Inline Recent Assignment|Inline Temp1|Rename|Replace Temp with Query|">
   <Option Name="Inline Temp1" Value="1" />
   <Option Name="MostRecentlyUsedObject" Value="Inline Temp1" />
  </Section>
  <Section Name="|Inline Temp1|Introduce Using Statement|Make Implicit|Promote to Parameter|Rename|Split Initialization from Declaration|Widen Scope (promote to field)|">
   <Option Name="Introduce Using Statement" Value="1" />
   <Option Name="MostRecentlyUsedObject" Value="Introduce Using Statement" />
  </Section>
  <Section Name="|Convert to Initializer|Inline Temp1|Make Implicit|Rename|Split Initialization from Declaration|Widen Scope|Widen Scope (promote to field)|">
   <Option Name="Convert to Initializer" Value="1" />
   <Option Name="MostRecentlyUsedObject" Value="Convert to Initializer" />
  </Section>
  <Section Name="|Create Setter Method|Encapsulate Field|Encapsulate Field (read-only)|Encapsulate Method|Encapsulate Property|Make Member Static|Rename|">
   <Option Name="Encapsulate Field" Value="1" />
   <Option Name="MostRecentlyUsedObject" Value="Encapsulate Field" />
  </Section>
  <Section Name="|Introduce Alias|Introduce Alias (replace all)|Make Implicit|Remove Type Qualifier|Remove Type Qualifier (remove all)|Rename|">
   <Option Name="Remove Type Qualifier (remove all)" Value="1" />
   <Option Name="MostRecentlyUsedObject" Value="Remove Type Qualifier (remove all)" />
  </Section>
  <Section Name="|Inline Temp1|Make Implicit|Rename|Split Initialization from Declaration|Widen Scope|">
   <Option Name="Make Implicit" Value="2" />
   <Option Name="MostRecentlyUsedObject" Value="Make Implicit" />
  </Section>
  <Section Name="|Introduce Using Statement|Make Implicit|Rename|Split Initialization from Declaration|Widen Scope (promote to field)|">
   <Option Name="Introduce Using Statement" Value="1" />
   <Option Name="MostRecentlyUsedObject" Value="Introduce Using Statement" />
  </Section>
  <Section Name="|Add Parameter|Inline Method|Inline Method (and delete)|Method to Property|Rename|Reorder Parameters|">
   <Option Name="Rename" Value="1" />
   <Option Name="MostRecentlyUsedObject" Value="Rename" />
  </Section>
  <Section Name="|Introduce Alias|Introduce Alias (replace all)|Make Implicit|Remove Type Qualifier|Remove Type Qualifier (remove all)|">
   <Option Name="Remove Type Qualifier (remove all)" Value="1" />
   <Option Name="MostRecentlyUsedObject" Value="Remove Type Qualifier (remove all)" />
  </Section>
  <Section Name="|Add Parameter|Break Apart Parameters|Rename|">
   <Option Name="Break Apart Parameters" Value="1" />
   <Option Name="MostRecentlyUsedObject" Value="Break Apart Parameters" />
  </Section>
  <Section Name="|Inline Temp1|Make Implicit|Rename|Replace Temp with Query|Split Initialization from Declaration|Widen Scope|Widen Scope (promote to field)|">
   <Option Name="Split Initialization from Declaration" Value="1" />
   <Option Name="Make Implicit" Value="1" />
   <Option Name="MostRecentlyUsedObject" Value="Split Initialization from Declaration" />
  </Section>
  <Section Name="|Break Apart Parameters|Line-up Parameters|">
   <Option Name="Break Apart Parameters" Value="1" />
   <Option Name="MostRecentlyUsedObject" Value="Break Apart Parameters" />
  </Section>
  <Section Name="|Convert to Initializer|Make Explicit|Rename|">
   <Option Name="Convert to Initializer" Value="1" />
   <Option Name="MostRecentlyUsedObject" Value="Convert to Initializer" />
  </Section>
  <Section Name="|Inline Delegate|Introduce Alias|Introduce Alias (replace all)|Remove Redundant Delegate Creation|Remove Type Qualifier|Remove Type Qualifier (remove all)|Rename|">
   <Option Name="Remove Type Qualifier (remove all)" Value="1" />
   <Option Name="MostRecentlyUsedObject" Value="Remove Type Qualifier (remove all)" />
  </Section>
  <Section Name="|Add Parameter|Execute Statement Asynchronously (StartNew)|Remove Redundant Qualifier|">
   <Option Name="Remove Redundant Qualifier" Value="1" />
   <Option Name="MostRecentlyUsedObject" Value="Remove Redundant Qualifier" />
  </Section>
  <Section Name="|Remove Redundant Call|Use String.Format|">
   <Option Name="Use String.Format" Value="1" />
   <Option Name="MostRecentlyUsedObject" Value="Use String.Format" />
  </Section>
  <Section Name="|Extract Interface|Move Type to File|Rename|">
   <Option Name="Move Type to File" Value="3" />
   <Option Name="MostRecentlyUsedObject" Value="Move Type to File" />
  </Section>
  <Section Name="|Introduce Using Statement|Make Implicit|Promote to Parameter|Rename|Split Initialization from Declaration|Widen Scope|">
   <Option Name="Make Implicit" Value="1" />
   <Option Name="MostRecentlyUsedObject" Value="Make Implicit" />
  </Section>
  <Section Name="|Decompose Initializer|Inline Temp1|Introduce Using Statement|Make Explicit|Promote to Parameter|Rename|Widen Scope|">
   <Option Name="Introduce Using Statement" Value="1" />
   <Option Name="MostRecentlyUsedObject" Value="Introduce Using Statement" />
  </Section>
  <Section Name="|Break Apart Parameters|Inline Temp1|Rename|Replace Temp with Query|">
   <Option Name="Inline Temp1" Value="1" />
   <Option Name="MostRecentlyUsedObject" Value="Inline Temp1" />
  </Section>
  <Section Name="|Decompose Initializer|Make Explicit|Widen Scope|">
   <Option Name="Make Explicit" Value="1" />
   <Option Name="MostRecentlyUsedObject" Value="Make Explicit" />
  </Section>
  <Section Name="|Inline Temp1|Introduce Using Statement|Make Explicit|Rename|Replace Temp with Query|Widen Scope|Widen Scope (promote to field)|">
   <Option Name="Introduce Using Statement" Value="2" />
   <Option Name="MostRecentlyUsedObject" Value="Introduce Using Statement" />
  </Section>
  <Section Name="|Inline Constant|Rename|Use String.Format|">
   <Option Name="Use String.Format" Value="1" />
   <Option Name="MostRecentlyUsedObject" Value="Use String.Format" />
  </Section>
  <Section Name="|Create Setter Method|Encapsulate Field|Encapsulate Field (read-only)|Encapsulate Method|Encapsulate Property|Introduce Alias|Introduce Alias (replace all)|Remove Type Qualifier|Remove Type Qualifier (remove all)|Rename|">
   <Option Name="Remove Type Qualifier (remove all)" Value="1" />
   <Option Name="MostRecentlyUsedObject" Value="Remove Type Qualifier (remove all)" />
  </Section>
  <Section Name="|Inline Temp|Make Explicit|Move Declaration Near Reference|Rename|Replace Temp with Query|Widen Scope|Widen Scope (promote to field)|">
   <Option Name="Rename" Value="1" />
   <Option Name="MostRecentlyUsedObject" Value="Rename" />
  </Section>
  <Section Name="|Inline Temp|Make Implicit|Move Declaration Near Reference|Rename|Replace Temp with Query|Split Initialization from Declaration|Widen Scope|Widen Scope (promote to field)|">
   <Option Name="Rename" Value="1" />
   <Option Name="MostRecentlyUsedObject" Value="Rename" />
  </Section>
  <Section Name="|Break Apart Parameters|Remove Redundant Call|Use Named Arguments|">
   <Option Name="Break Apart Parameters" Value="1" />
   <Option Name="MostRecentlyUsedObject" Value="Break Apart Parameters" />
  </Section>
  <Section Name="|Flatten Conditional|Split Conditional|">
   <Option Name="Split Conditional" Value="1" />
   <Option Name="MostRecentlyUsedObject" Value="Split Conditional" />
  </Section>
  <Section Name="|Inline Temp1|Make Explicit|Rename|">
   <Option Name="Rename" Value="1" />
   <Option Name="MostRecentlyUsedObject" Value="Rename" />
  </Section>
  <Section Name="|Encapsulate Method|Encapsulate Property|Rename|">
   <Option Name="Rename" Value="4" />
   <Option Name="MostRecentlyUsedObject" Value="Rename" />
  </Section>
  <Section Name="|Make Explicit|Replace Temp with Query|Widen Scope|Widen Scope (promote to field)|">
   <Option Name="Make Explicit" Value="1" />
   <Option Name="MostRecentlyUsedObject" Value="Make Explicit" />
  </Section>
  <Section Name="|Break Apart Parameters|Inline Recent Assignment|Inline Temp1|Rename|">
   <Option Name="Break Apart Parameters" Value="1" />
   <Option Name="MostRecentlyUsedObject" Value="Break Apart Parameters" />
  </Section>
  <Section Name="|Declare Class|Declare Class with Properties|Declare Struct|">
   <Option Name="Declare Class" Value="1" />
   <Option Name="MostRecentlyUsedObject" Value="Declare Class" />
  </Section>
  <Section Name="|Declare Class|Declare Field|Declare Field (read-only)|Declare Local|Declare Local (implicit)|Declare Property|Declare Property (auto-implemented)|Declare Property (with backing store)|Declare Struct|">
   <Option Name="Declare Class" Value="1" />
   <Option Name="MostRecentlyUsedObject" Value="Declare Class" />
  </Section>
  <Section Name="|Break Apart Parameters|Rename|Use String.Format|">
   <Option Name="Use String.Format" Value="1" />
   <Option Name="MostRecentlyUsedObject" Value="Use String.Format" />
  </Section>
  <Section Name="|Make Explicit|Move Declaration Near Reference|Promote to Parameter|Replace Temp with Query|Widen Scope (promote to field)|">
   <Option Name="Make Explicit" Value="2" />
   <Option Name="MostRecentlyUsedObject" Value="Make Explicit" />
  </Section>
  <Section Name="|Extract String to Resource|Introduce Constant|Introduce Constant (local)|Introduce Local|Promote to Parameter|Split String|Use String.Format|">
   <Option Name="Use String.Format" Value="1" />
   <Option Name="MostRecentlyUsedObject" Value="Use String.Format" />
  </Section>
  <Section Name="|Add Parameter|Inline Recent Assignment|Inline Temp1|Rename|Replace Temp with Query|">
   <Option Name="Inline Temp1" Value="1" />
   <Option Name="MostRecentlyUsedObject" Value="Inline Temp1" />
  </Section>
  <Section Name="|Break Apart Parameters|Expand Lambda Expression|Rename|">
   <Option Name="Rename" Value="2" />
   <Option Name="MostRecentlyUsedObject" Value="Rename" />
  </Section>
  <Section Name="|Inline Temp1|Make Explicit|Rename|Replace Temp with Query|">
   <Option Name="Rename" Value="2" />
   <Option Name="MostRecentlyUsedObject" Value="Rename" />
  </Section>
  <Section Name="|Rename|Safe Rename|">
   <Option Name="Rename" Value="1" />
   <Option Name="MostRecentlyUsedObject" Value="Rename" />
  </Section>
  <Section Name="|Expand Ternary Expression|Make Implicit|Promote to Parameter|Rename|Replace Temp with Query|Split Initialization from Declaration|Widen Scope (promote to field)|">
   <Option Name="Make Implicit" Value="1" />
   <Option Name="MostRecentlyUsedObject" Value="Make Implicit" />
  </Section>
  <Section Name="|Add Parameter|Rename|Safe Rename|">
   <Option Name="Rename" Value="1" />
   <Option Name="MostRecentlyUsedObject" Value="Rename" />
  </Section>
  <Section Name="|Add Parameter|Inline Recent Assignment|Inline Temp1|Line-up Parameters|Rename|Replace Temp with Query|">
   <Option Name="Inline Temp1" Value="1" />
   <Option Name="MostRecentlyUsedObject" Value="Inline Temp1" />
  </Section>
  <Section Name="|Add Parameter|Execute Statement Asynchronously (StartNew)|Inline Method|Inline Method (and delete)|Rename|">
   <Option Name="Rename" Value="1" />
   <Option Name="MostRecentlyUsedObject" Value="Rename" />
  </Section>
  <Section Name="|Extract Method|Extract Property|Introduce Local|Introduce Local (replace all)|">
   <Option Name="Introduce Local" Value="1" />
   <Option Name="MostRecentlyUsedObject" Value="Introduce Local" />
  </Section>
  <Section Name="|Add Parameter|Inline Temp1|Rename|">
   <Option Name="Inline Temp1" Value="2" />
   <Option Name="MostRecentlyUsedObject" Value="Inline Temp1" />
  </Section>
  <Section Name="|Inline Temp1|Make Implicit|Promote to Parameter|Rename|Replace Temp with Query|Split Initialization from Declaration|Widen Scope (promote to field)|">
   <Option Name="Make Implicit" Value="1" />
   <Option Name="MostRecentlyUsedObject" Value="Split Initialization from Declaration" />
   <Option Name="Split Initialization from Declaration" Value="1" />
  </Section>
  <Section Name="|Inline Temp1|Make Explicit|Move Declaration Near Reference|Promote to Parameter|Promote to Parameter (optional)|Rename|Widen Scope (promote to field)|">
   <Option Name="Widen Scope (promote to field)" Value="2" />
   <Option Name="MostRecentlyUsedObject" Value="Widen Scope (promote to field)" />
  </Section>
  <Section Name="|Inline Temp1|Move Initialization to Declaration|Rename|Widen Scope (promote to field)|">
   <Option Name="Rename" Value="1" />
   <Option Name="MostRecentlyUsedObject" Value="Rename" />
  </Section>
  <Section Name="|Decompose Initializer|Inline Temp1|Make Implicit|Rename|Split Initialization from Declaration|">
   <Option Name="Split Initialization from Declaration" Value="1" />
   <Option Name="MostRecentlyUsedObject" Value="Split Initialization from Declaration" />
  </Section>
  <Section Name="|Decompose Initializer|Extract Method|Extract Property|Introduce Local|">
   <Option Name="Introduce Local" Value="2" />
   <Option Name="MostRecentlyUsedObject" Value="Introduce Local" />
  </Section>
  <Section Name="|Inline Temp|Move Initialization to Declaration|Rename|">
   <Option Name="Move Initialization to Declaration" Value="1" />
   <Option Name="MostRecentlyUsedObject" Value="Move Initialization to Declaration" />
  </Section>
  <Section Name="|Decompose Initializer|Line-up Parameters|Rename|">
   <Option Name="Rename" Value="1" />
   <Option Name="MostRecentlyUsedObject" Value="Rename" />
  </Section>
  <Section Name="|Decompose Initializer|Extract String to Resource|Introduce Constant|Introduce Constant (local)|Introduce Local|Promote to Parameter|">
   <Option Name="Promote to Parameter" Value="2" />
   <Option Name="Introduce Local" Value="1" />
   <Option Name="MostRecentlyUsedObject" Value="Promote to Parameter" />
  </Section>
  <Section Name="|Add Parameter|Convert to Tuple|Execute Statement Asynchronously (StartNew)|Inline Method|Inline Method (and delete)|Introduce Parameter Object|Rename|Use Named Arguments|">
   <Option Name="Rename" Value="1" />
   <Option Name="MostRecentlyUsedObject" Value="Rename" />
  </Section>
  <Section Name="|Decompose Initializer|Extract String to Resource|Introduce Constant|Introduce Constant (local)|Introduce Local|Promote to Parameter|Split String|">
   <Option Name="Promote to Parameter" Value="7" />
   <Option Name="MostRecentlyUsedObject" Value="Promote to Parameter" />
  </Section>
  <Section Name="|Inline Temp1|Make Implicit|Rename|Split Initialization from Declaration|">
   <Option Name="Make Implicit" Value="1" />
   <Option Name="MostRecentlyUsedObject" Value="Make Implicit" />
  </Section>
  <Section Name="|Make Implicit|Rename|Split Initialization from Declaration|">
   <Option Name="Make Implicit" Value="1" />
   <Option Name="MostRecentlyUsedObject" Value="Make Implicit" />
  </Section>
  <Section Name="|Extract Interface|Rename|Rename File to Match Type|Rename Type to Match File|">
   <Option Name="Rename File to Match Type" Value="3" />
   <Option Name="MostRecentlyUsedObject" Value="Rename File to Match Type" />
  </Section>
  <Section Name="|Break Attributes|Extract UserControl|Reorder Attributes|">
   <Option Name="Break Attributes" Value="1" />
   <Option Name="MostRecentlyUsedObject" Value="Break Attributes" />
  </Section>
  <Section Name="|Implement IDisposable|">
   <Option Name="Implement IDisposable" Value="2" />
   <Option Name="MostRecentlyUsedObject" Value="Implement IDisposable" />
  </Section>
  <Section Name="|Implement IDisposable|Seal Class|">
   <Option Name="Implement IDisposable" Value="1" />
   <Option Name="MostRecentlyUsedObject" Value="Implement IDisposable" />
  </Section>
  <Section Name="|Add Setter|Add XML Comments|Convert to auto-implemented property|">
   <Option Name="Convert to auto-implemented property" Value="1" />
   <Option Name="MostRecentlyUsedObject" Value="Convert to auto-implemented property" />
  </Section>
  <Section Name="|Execute Statement Asynchronously (StartNew)|Remove Redundant Qualifier|">
   <Option Name="Remove Redundant Qualifier" Value="1" />
   <Option Name="MostRecentlyUsedObject" Value="Remove Redundant Qualifier" />
  </Section>
  <Section Name="|Extract Method|Extract Property|Introduce Local|Use Named Arguments|">
   <Option Name="Introduce Local" Value="2" />
   <Option Name="MostRecentlyUsedObject" Value="Introduce Local" />
  </Section>
  <Section Name="|Convert to Initializer|Make Explicit|Rename|Widen Scope (promote to field)|">
   <Option Name="Convert to Initializer" Value="1" />
   <Option Name="MostRecentlyUsedObject" Value="Convert to Initializer" />
  </Section>
  <Section Name="|Introduce Using Statement|">
   <Option Name="Introduce Using Statement" Value="5" />
   <Option Name="MostRecentlyUsedObject" Value="Introduce Using Statement" />
  </Section>
  <Section Name="|Extract Method|Extract Property|Inline Method|Inline Method (and delete)|Introduce Local|">
   <Option Name="Introduce Local" Value="1" />
   <Option Name="MostRecentlyUsedObject" Value="Introduce Local" />
  </Section>
  <Section Name="|Break Apart Parameters|Extract String to Resource|Introduce Constant|Introduce Constant (local)|Introduce Local|">
   <Option Name="Break Apart Parameters" Value="1" />
   <Option Name="MostRecentlyUsedObject" Value="Break Apart Parameters" />
  </Section>
  <Section Name="|Make Implicit|Split Initialization from Declaration|">
   <Option Name="Make Implicit" Value="1" />
   <Option Name="MostRecentlyUsedObject" Value="Make Implicit" />
  </Section>
  <Section Name="|Inline Recent Assignment|Inline Temp|Rename|Replace Temp with Query|">
   <Option Name="Rename" Value="1" />
   <Option Name="MostRecentlyUsedObject" Value="Rename" />
  </Section>
  <Section Name="|Decompose Initializer|Make Implicit|Promote to Parameter|Rename|Split Initialization from Declaration|">
   <Option Name="Split Initialization from Declaration" Value="1" />
   <Option Name="MostRecentlyUsedObject" Value="Split Initialization from Declaration" />
  </Section>
  <Section Name="|Make Explicit|Replace Temp with Query|Widen Scope (promote to field)|">
   <Option Name="Make Explicit" Value="2" />
   <Option Name="MostRecentlyUsedObject" Value="Make Explicit" />
  </Section>
  <Section Name="|Inline Temp1|Make Implicit|Promote to Parameter|Rename|Split Initialization from Declaration|">
   <Option Name="Split Initialization from Declaration" Value="1" />
   <Option Name="MostRecentlyUsedObject" Value="Split Initialization from Declaration" />
  </Section>
  <Section Name="|Inline Temp1|Rename|">
   <Option Name="Rename" Value="1" />
   <Option Name="MostRecentlyUsedObject" Value="Inline Temp1" />
   <Option Name="Inline Temp1" Value="1" />
  </Section>
  <Section Name="|Move Initialization to Declaration|">
   <Option Name="Move Initialization to Declaration" Value="1" />
   <Option Name="MostRecentlyUsedObject" Value="Move Initialization to Declaration" />
  </Section>
  <Section Name="|Inline Temp1|Move Initialization to Declaration|Promote to Parameter|Rename|Replace Temp with Query|Widen Scope (promote to field)|">
   <Option Name="Widen Scope (promote to field)" Value="1" />
   <Option Name="MostRecentlyUsedObject" Value="Widen Scope (promote to field)" />
  </Section>
  <Section Name="|Decompose Initializer|Make Explicit|Promote to Parameter|">
   <Option Name="Make Explicit" Value="1" />
   <Option Name="MostRecentlyUsedObject" Value="Make Explicit" />
  </Section>
  <Section Name="|Inline Temp1|Move Initialization to Declaration|Rename|">
   <Option Name="Rename" Value="2" />
   <Option Name="MostRecentlyUsedObject" Value="Rename" />
  </Section>
  <Section Name="|Create Setter Method|Encapsulate Field|Encapsulate Field (read-only)|Encapsulate Property|Make Member Static|Rename|">
   <Option Name="Rename" Value="1" />
   <Option Name="MostRecentlyUsedObject" Value="Rename" />
  </Section>
  <Section Name="|Declare Interface|Implement IDisposable|">
   <Option Name="Implement IDisposable" Value="1" />
   <Option Name="MostRecentlyUsedObject" Value="Implement IDisposable" />
  </Section>
  <Section Name="|Expand Null Coalescing Operation|">
   <Option Name="Expand Null Coalescing Operation" Value="1" />
   <Option Name="MostRecentlyUsedObject" Value="Expand Null Coalescing Operation" />
  </Section>
  <Section Name="|Add Parameter|Method to Property|Rename|Reorder Parameters|">
   <Option Name="Rename" Value="2" />
   <Option Name="MostRecentlyUsedObject" Value="Rename" />
  </Section>
  <Section Name="|Move Type to Namespace|Rename|Rename File to Match Type|">
   <Option Name="Rename" Value="1" />
   <Option Name="Rename File to Match Type" Value="1" />
   <Option Name="MostRecentlyUsedObject" Value="Rename File to Match Type" />
  </Section>
  <Section Name="|Make Explicit|Promote to Parameter|Widen Scope (promote to field)|">
   <Option Name="Make Explicit" Value="1" />
   <Option Name="MostRecentlyUsedObject" Value="Make Explicit" />
  </Section>
  <Section Name="|Add Parameter|Execute Statement Asynchronously (StartNew)|Inline Method|Inline Method (and delete)|Method to Property|Rename|Use Named Arguments|">
   <Option Name="Rename" Value="1" />
   <Option Name="MostRecentlyUsedObject" Value="Rename" />
  </Section>
  <Section Name="|Add Parameter|Introduce Alias|Introduce Alias (replace all)|Remove Type Qualifier|Remove Type Qualifier (remove all)|Rename|Use Named Arguments|">
   <Option Name="Remove Type Qualifier (remove all)" Value="1" />
   <Option Name="MostRecentlyUsedObject" Value="Remove Type Qualifier (remove all)" />
  </Section>
  <Section Name="|Make Explicit|Move Declaration Near Reference|Promote to Parameter|Widen Scope (promote to field)|">
   <Option Name="Widen Scope (promote to field)" Value="1" />
   <Option Name="MostRecentlyUsedObject" Value="Widen Scope (promote to field)" />
  </Section>
  <Section Name="|Introduce Alias|Introduce Alias (replace all)|Method to Property|Remove Type Qualifier|Remove Type Qualifier (remove all)|Rename|Reorder Parameters|">
   <Option Name="Remove Type Qualifier (remove all)" Value="1" />
   <Option Name="MostRecentlyUsedObject" Value="Remove Type Qualifier (remove all)" />
  </Section>
  <Section Name="|Add Parameter|Introduce Alias|Introduce Alias (replace all)|Remove Type Qualifier|Remove Type Qualifier (remove all)|">
   <Option Name="Remove Type Qualifier (remove all)" Value="1" />
   <Option Name="MostRecentlyUsedObject" Value="Remove Type Qualifier (remove all)" />
  </Section>
  <Section Name="|Use Named Arguments|Use String.Format|">
   <Option Name="Use String.Format" Value="1" />
   <Option Name="MostRecentlyUsedObject" Value="Use String.Format" />
  </Section>
  <Section Name="|Decompose Initializer|Line-up Parameters|">
   <Option Name="Line-up Parameters" Value="2" />
   <Option Name="MostRecentlyUsedObject" Value="Line-up Parameters" />
  </Section>
  <Section Name="|Extract Method|Extract Method to Type|Introduce Local|Property to Method(s)|">
   <Option Name="Introduce Local" Value="1" />
   <Option Name="MostRecentlyUsedObject" Value="Introduce Local" />
  </Section>
  <Section Name="|Add Parameter|Create Overload|Rename|Reorder Parameters|Safe Rename|">
   <Option Name="Rename" Value="2" />
   <Option Name="MostRecentlyUsedObject" Value="Rename" />
  </Section>
  <Section Name="|Inline Temp1|Make Implicit|Move Declaration Near Reference|Rename|Replace Temp with Query|Split Initialization from Declaration|Widen Scope (promote to field)|">
   <Option Name="Rename" Value="2" />
   <Option Name="MostRecentlyUsedObject" Value="Rename" />
  </Section>
  <Section Name="|Make Implicit|Promote to Parameter|Rename|Split Initialization from Declaration|Widen Scope (promote to field)|">
   <Option Name="Make Implicit" Value="1" />
   <Option Name="MostRecentlyUsedObject" Value="Make Implicit" />
  </Section>
  <Section Name="|Add Parameter|Break Apart Parameters|">
   <Option Name="Break Apart Parameters" Value="1" />
   <Option Name="MostRecentlyUsedObject" Value="Break Apart Parameters" />
  </Section>
  <Section Name="|Add Parameter|Break Apart Parameters|Convert to Tuple|Introduce Alias|Introduce Alias (replace all)|Introduce Parameter Object|Remove Type Qualifier|Remove Type Qualifier (remove all)|Rename|">
   <Option Name="Remove Type Qualifier (remove all)" Value="1" />
   <Option Name="MostRecentlyUsedObject" Value="Remove Type Qualifier (remove all)" />
  </Section>
  <Section Name="|Extract String to Resource|Extract String to Resource (replace all)|Inline Format Item|Introduce Constant|Introduce Constant (local)|Introduce Local|Introduce Local (replace all)|Promote to Parameter|">
   <Option Name="Introduce Local" Value="1" />
   <Option Name="MostRecentlyUsedObject" Value="Introduce Local" />
  </Section>
  <Section Name="|Spell Checker|">
   <Option Name="Spell Checker" Value="3" />
   <Option Name="MostRecentlyUsedObject" Value="Spell Checker" />
  </Section>
 </Language>
</Page>