﻿<!--This is a DXCore settings file-->
<Page Name="Code Consolidation">
 <Language Name="*Neutral*">
  <Section Name="General">
   <Option Name="ProjectsCount" Value="0" />
   <Option Name="ClassesCount" Value="0" />
  </Section>
  <Section Name="ConsolidationEngineOptions">
   <Option Name="LimitMaximumNumberOfIntroducedParameters" Value="False" />
   <Option Name="LimitMaximumNumberOfIntroducedTypeParameters" Value="False" />
   <Option Name="IntroduceParameterObjectForIntroducedParameters" Value="False" />
   <Option Name="MaximumNumberOfIntroducedParameters" Value="6" />
   <Option Name="MaximumNumberOfIntroducedTypeParameters" Value="3" />
   <Option Name="MoveIntroducedTypeParametersInto" Value="MethodDeclaration" />
   <Option Name="DependencyMembersConsolidation" Value="CreateVirtualOrAbstractMembersInAncestor" />
   <Option Name="MemberReferencesConsolidation" Value="PassReferencesAsParameters" />
  </Section>
 </Language>
</Page>