﻿<!--This is a DXCore settings file-->
<Page Name="Code Issues">
 <Language Name="*Neutral*">
  <Section Name="General">
   <Option Name="Enabled" Value="True" />
   <Option Name="SolutionWide" Value="False" />
   <Option Name="ShowProjectBar" Value="False" />
   <Option Name="PixelsCount" Value="4" />
   <Option Name="FilesCount" Value="7" />
   <Option Name="ShowCodeFixHint" Value="True" />
   <Option Name="CheckDesignerGeneratedFiles" Value="False" />
   <Option Name="CheckXAMLFiles" Value="False" />
  </Section>
 </Language>
</Page>