﻿<!--This is a DXCore settings file-->
<Page Name="Duplicate Code">
 <Language Name="*Neutral*">
  <Section Name="General">
   <Option Name="UseRealTimeAnalysis" Value="False" />
   <Option Name="AnalysisLevel" Value="Level4" />
   <Option Name="TimeSpan" Value="60" />
   <Option Name="TimeSpanEnabled" Value="True" />
   <Option Name="ChangedLinesCountChecking" Value="25" />
   <Option Name="ChangedLinesCountCheckingEnabled" Value="True" />
   <Option Name="AnalyzeOnSolutionOpen" Value="True" />
   <Option Name="AnalyzeOnFileAddRemove" Value="True" />
   <Option Name="AnalyzeOnProjectAddRemove" Value="True" />
   <Option Name="DrawLinks" Value="True" />
   <Option Name="SortByConsolidationAvailability" Value="False" />
  </Section>
  <Section Name="ToolWindowOptions">
   <Option Name="ShowProjects" Value="False" />
   <Option Name="ShowFiles" Value="False" />
   <Option Name="UseExtendedClustersView" Value="True" />
   <Option Name="SyncScrollBars" Value="True" />
   <Option Name="ShowLog" Value="False" />
   <Option Name="CodeViewOrientation" Value="Vert" />
  </Section>
 </Language>
</Page>