﻿<!--This is a DXCore settings file-->
<Page Name="Features">
 <Language Name="*Neutral*">
  <Section Name="General">
   <Option Name="ConflictShortcutMode" Value="DXShortcuts" />
   <Option Name="TemplatesMode" Value="AllowExecuting" />
   <Option Name="ShowWindow" Value="True" />
   <Option Name="Count" Value="8" />
  </Section>
  <Section Name="Features">
   <Option Name="F0" Value="ReferenceNext" />
   <Option Name="F1" Value="Embedding Strong" />
   <Option Name="F2" Value="SelectionExpand" />
   <Option Name="F3" Value="SelectionComment" />
   <Option Name="F4" Value="Rename File to Match Type" />
   <Option Name="F5" Value="Move Type to File" />
   <Option Name="F6" Value="Remove Type Qualifier (remove all)" />
   <Option Name="F7" Value="ScopeCycleDown" />
  </Section>
  <Section Name="ReferenceNext">
   <Option Name="State" Value="None" />
   <Option Name="QueryCount" Value="11" />
   <Option Name="Description" Value="Highlights+the+next+reference." />
   <Option Name="OptionsPage" Value="IDE%5cShortcuts%2cReferenceNext%3bTab" />
   <Option Name="Scope" Value="Conflict+shortcuts" />
   <Option Name="ShowInFeatureOptions" Value="True" />
  </Section>
  <Section Name="Embedding Strong">
   <Option Name="State" Value="None" />
   <Option Name="QueryCount" Value="3" />
   <Option Name="Description" Value="Bold+(%3cstrong%3e)" />
   <Option Name="OptionsPage" Value="Editor%5cSelections%5cEmbedding%2cStrong" />
   <Option Name="Scope" Value="Embeddings" />
   <Option Name="ShowInFeatureOptions" Value="True" />
  </Section>
  <Section Name="SelectionExpand">
   <Option Name="State" Value="Disabled" />
   <Option Name="QueryCount" Value="1" />
   <Option Name="Description" Value="Expands+selected+text+to+the+next+contiguous+selection+of+code+that+contains+the+current+selection." />
   <Option Name="OptionsPage" Value="IDE%5cShortcuts%2cSelectionExpand%3bCtrl%2bW" />
   <Option Name="Scope" Value="Other+features" />
   <Option Name="ShowInFeatureOptions" Value="True" />
  </Section>
  <Section Name="SelectionComment">
   <Option Name="State" Value="None" />
   <Option Name="QueryCount" Value="2" />
   <Option Name="Description" Value="Comments+or+uncomments+the+selection" />
   <Option Name="OptionsPage" Value="IDE%5cShortcuts%2cSelectionComment%3b%2f" />
   <Option Name="Scope" Value="Other+features" />
   <Option Name="ShowInFeatureOptions" Value="True" />
  </Section>
  <Section Name="Rename File to Match Type">
   <Option Name="State" Value="None" />
   <Option Name="QueryCount" Value="3" />
   <Option Name="Description" Value="Renames+the+file+and+updates+the+project+appropriately." />
   <Option Name="OptionsPage" Value="" />
   <Option Name="Scope" Value="RefactoringProvider" />
   <Option Name="ShowInFeatureOptions" Value="False" />
  </Section>
  <Section Name="Move Type to File">
   <Option Name="State" Value="None" />
   <Option Name="QueryCount" Value="3" />
   <Option Name="Description" Value="Moves+this+type+declaration+to+a+separate+file+with+the+same+name+as+the+class." />
   <Option Name="OptionsPage" Value="" />
   <Option Name="Scope" Value="RefactoringProvider" />
   <Option Name="ShowInFeatureOptions" Value="False" />
  </Section>
  <Section Name="Remove Type Qualifier (remove all)">
   <Option Name="State" Value="None" />
   <Option Name="QueryCount" Value="1" />
   <Option Name="Description" Value="Removes+this+and+all+matching+type+qualifiers+in+this+file%2c+adding+an+appropriate+using%2fimports+namespace+reference+if+needed." />
   <Option Name="OptionsPage" Value="" />
   <Option Name="Scope" Value="RefactoringProvider" />
   <Option Name="ShowInFeatureOptions" Value="False" />
  </Section>
  <Section Name="ScopeCycleDown">
   <Option Name="State" Value="None" />
   <Option Name="QueryCount" Value="1" />
   <Option Name="Description" Value="Decreases+the+visibility+(e.g.%2c+moving+from+public+to+private)+of+the+member+at+the+caret." />
   <Option Name="OptionsPage" Value="IDE%5cShortcuts%2cScopeCycleDown%3bAlt%2bDown" />
   <Option Name="Scope" Value="Other+features" />
   <Option Name="ShowInFeatureOptions" Value="True" />
  </Section>
 </Language>
</Page>