﻿<!--This is a DXCore settings file-->
<Page Name="KnownLanguages">
 <Language Name="*Neutral*">
  <Section Name="Known Languages">
   <Option Name="Count" Value="7" />
   <Option Name="Item0" Value="Basic" />
   <Option Name="Item1" Value="C/C++" />
   <Option Name="Item2" Value="CSharp" />
   <Option Name="Item3" Value="HTML" />
   <Option Name="Item4" Value="JavaScript" />
   <Option Name="Item5" Value="Plain Text" />
   <Option Name="Item6" Value="XML" />
  </Section>
 </Language>
</Page>