﻿<!--This is a DXCore settings file-->
<Page Name="Catalog">
 <Language Name="*Neutral*">
  <Section Name="General">
   <Option Name="Count" Value="41" />
  </Section>
  <Section Name="NavigationsList">
   <Option Name="ProviderName0" Value="Abstract Member Ancestor" />
   <Option Name="Enabled0" Value="True" />
   <Option Name="ProviderName1" Value="Ancestor" />
   <Option Name="Enabled1" Value="True" />
   <Option Name="ProviderName2" Value="Base Types" />
   <Option Name="Enabled2" Value="True" />
   <Option Name="ProviderName3" Value="Base Types Within Ancestors" />
   <Option Name="Enabled3" Value="True" />
   <Option Name="ProviderName4" Value="Declaration" />
   <Option Name="Enabled4" Value="True" />
   <Option Name="ProviderName5" Value="Descendants" />
   <Option Name="Enabled5" Value="True" />
   <Option Name="ProviderName6" Value="Editor Template" />
   <Option Name="Enabled6" Value="True" />
   <Option Name="ProviderName7" Value="Enum Element" />
   <Option Name="Enabled7" Value="True" />
   <Option Name="ProviderName8" Value="First Child" />
   <Option Name="Enabled8" Value="True" />
   <Option Name="ProviderName9" Value="First Enum Element" />
   <Option Name="Enabled9" Value="True" />
   <Option Name="ProviderName10" Value="First Member" />
   <Option Name="Enabled10" Value="True" />
   <Option Name="ProviderName11" Value="First Statement" />
   <Option Name="Enabled11" Value="True" />
   <Option Name="ProviderName12" Value="Flow Breaks" />
   <Option Name="Enabled12" Value="True" />
   <Option Name="ProviderName13" Value="Implementations" />
   <Option Name="Enabled13" Value="True" />
   <Option Name="ProviderName14" Value="Implementors" />
   <Option Name="Enabled14" Value="True" />
   <Option Name="ProviderName15" Value="Last Enum Element" />
   <Option Name="Enabled15" Value="True" />
   <Option Name="ProviderName16" Value="Last Member" />
   <Option Name="Enabled16" Value="True" />
   <Option Name="ProviderName17" Value="Last Statement" />
   <Option Name="Enabled17" Value="True" />
   <Option Name="ProviderName18" Value="Members" />
   <Option Name="Enabled18" Value="True" />
   <Option Name="ProviderName19" Value="MVC Action" />
   <Option Name="Enabled19" Value="True" />
   <Option Name="ProviderName20" Value="MVC Controller" />
   <Option Name="Enabled20" Value="True" />
   <Option Name="ProviderName21" Value="MVC View" />
   <Option Name="Enabled21" Value="True" />
   <Option Name="ProviderName22" Value="Next Enum Element" />
   <Option Name="Enabled22" Value="True" />
   <Option Name="ProviderName23" Value="Next Member" />
   <Option Name="Enabled23" Value="True" />
   <Option Name="ProviderName24" Value="Next Reference" />
   <Option Name="Enabled24" Value="True" />
   <Option Name="ProviderName25" Value="Next Statement" />
   <Option Name="Enabled25" Value="True" />
   <Option Name="ProviderName26" Value="Overloads" />
   <Option Name="Enabled26" Value="True" />
   <Option Name="ProviderName27" Value="Overloads Within Ancestors" />
   <Option Name="Enabled27" Value="True" />
   <Option Name="ProviderName28" Value="Overrides" />
   <Option Name="Enabled28" Value="True" />
   <Option Name="ProviderName29" Value="Parent" />
   <Option Name="Enabled29" Value="True" />
   <Option Name="ProviderName30" Value="Parent Member" />
   <Option Name="Enabled30" Value="True" />
   <Option Name="ProviderName31" Value="Parent Type" />
   <Option Name="Enabled31" Value="True" />
   <Option Name="ProviderName32" Value="Partial View" />
   <Option Name="Enabled32" Value="True" />
   <Option Name="ProviderName33" Value="Previous Enum Element" />
   <Option Name="Enabled33" Value="True" />
   <Option Name="ProviderName34" Value="Previous Member" />
   <Option Name="Enabled34" Value="True" />
   <Option Name="ProviderName35" Value="Previous Reference" />
   <Option Name="Enabled35" Value="True" />
   <Option Name="ProviderName36" Value="Previous Statement" />
   <Option Name="Enabled36" Value="True" />
   <Option Name="ProviderName37" Value="Razor Section" />
   <Option Name="Enabled37" Value="True" />
   <Option Name="ProviderName38" Value="Render Section" />
   <Option Name="Enabled38" Value="True" />
   <Option Name="ProviderName39" Value="Statements" />
   <Option Name="Enabled39" Value="True" />
   <Option Name="ProviderName40" Value="Virtual Member Ancestor" />
   <Option Name="Enabled40" Value="True" />
  </Section>
 </Language>
</Page>