﻿<!--This is a DXCore settings file-->
<Page Name="OptionsDialog">
 <Language Name="*Neutral*">
  <Section Name="Position">
   <Option Name="SplitOpen" Value="True" />
   <Option Name="ScreenHeight" Value="1440" />
   <Option Name="ScreenWidth" Value="2560" />
   <Option Name="WindowState" Value="0" />
   <Option Name="Top" Value="441" />
   <Option Name="Left" Value="1206" />
   <Option Name="Width" Value="818" />
   <Option Name="Height" Value="552" />
  </Section>
  <Section Name="Preferences">
   <Option Name="ShowHints" Value="False" />
   <Option Name="LastLanguage" Value="CSharp" />
   <Option Name="UserLevel" Value="Expert" />
   <Option Name="LastSelectedNode" Value="Editor\Templates" />
   <Option Name="PriorSelectedNode" Value="Core" />
   <Option Name="LastNonNeutralLanguageSelected" Value="Basic" />
  </Section>
 </Language>
</Page>