﻿<!--This is a DXCore settings file-->
<Page Name="Action Hint Stats">
 <Language Name="*Neutral*">
  <Section Name="#Hints#">
   <Option Name="Count" Value="9" />
   <Option Name="Feature0" Value="Refactoring" />
   <Option Name="Feature1" Value="Code Templates" />
   <Option Name="Feature2" Value="Intelligent Paste" />
   <Option Name="Feature3" Value="Navigation" />
   <Option Name="Feature4" Value="XML Doc Literal" />
   <Option Name="Feature5" Value="Code Creation" />
   <Option Name="Feature6" Value="Visual Basic to C#" />
   <Option Name="Feature7" Value="Selection Tools" />
   <Option Name="Feature8" Value="Clipboard Ops" />
  </Section>
  <Section Name="Refactoring">
   <Option Name="Enabled" Value="True" />
   <Option Name="Color" Value="Named:Red" />
   <Option Name="Items" Value="32" />
   <Option Name="Item0" Value="Expand Ternary" />
   <Option Name="Item1" Value="Declare Method" />
   <Option Name="Item2" Value="Rename" />
   <Option Name="Item3" Value="Make Implicit" />
   <Option Name="Item4" Value="Remove Qualifier" />
   <Option Name="Item5" Value="Compress to Lambda" />
   <Option Name="Item6" Value="Expand Lambda" />
   <Option Name="Item7" Value="Add Else Statement" />
   <Option Name="Item8" Value="Declare Field" />
   <Option Name="Item9" Value="Break Apart Arguments" />
   <Option Name="Item10" Value="Remove Assignment" />
   <Option Name="Item11" Value="Use String.Format" />
   <Option Name="Item12" Value="Declare Interface" />
   <Option Name="Item13" Value="Remove Call" />
   <Option Name="Item14" Value="Add Constructors" />
   <Option Name="Item15" Value="Optimize References" />
   <Option Name="Item16" Value="Decompose Initializer" />
   <Option Name="Item17" Value="Add Parameter" />
   <Option Name="Item18" Value="Add Block Delimiters" />
   <Option Name="Item19" Value="Introduce Format Item" />
   <Option Name="Item20" Value="Collapse Getter" />
   <Option Name="Item21" Value="Extract Method" />
   <Option Name="Item22" Value="Case to Conditional" />
   <Option Name="Item23" Value="Remove Block Delimiters" />
   <Option Name="Item24" Value="Convert Type" />
   <Option Name="Item25" Value="Surround with Tag" />
   <Option Name="Item26" Value="Use Named Arguments" />
   <Option Name="Item27" Value="Execute Statement Asynchronously (StartNew)" />
   <Option Name="Item28" Value="Implement IDisposable" />
   <Option Name="Item29" Value="Line-up Arguments" />
   <Option Name="Item30" Value="Collapse Setter" />
   <Option Name="Item31" Value="Dispose Fields" />
  </Section>
  <Section Name="Refactoring.Expand Ternary">
   <Option Name="Enabled" Value="True" />
   <Option Name="ExecutionCount" Value="1" />
   <Option Name="DisplayLimit" Value="0" />
   <Option Name="PerSessionDisplayLimits" Value="False" />
  </Section>
  <Section Name="Refactoring.Declare Method">
   <Option Name="Enabled" Value="True" />
   <Option Name="ExecutionCount" Value="55" />
   <Option Name="DisplayLimit" Value="0" />
   <Option Name="PerSessionDisplayLimits" Value="False" />
  </Section>
  <Section Name="Code Templates">
   <Option Name="Enabled" Value="True" />
   <Option Name="Color" Value="Named:DarkRed" />
   <Option Name="Items" Value="31" />
   <Option Name="Item0" Value="Template: mvvmbp" />
   <Option Name="Item1" Value="Template: if" />
   <Option Name="Item2" Value="Template: b" />
   <Option Name="Item3" Value="Template: r" />
   <Option Name="Item4" Value="Template: cc" />
   <Option Name="Item5" Value="Template: fe" />
   <Option Name="Item6" Value="Template: rn" />
   <Option Name="Item7" Value="Template: rt" />
   <Option Name="Item8" Value="Template: mvvmlp" />
   <Option Name="Item9" Value="Template: switch" />
   <Option Name="Item10" Value="Template: rf" />
   <Option Name="Item11" Value="Template: n" />
   <Option Name="Item12" Value="Template: using" />
   <Option Name="Item13" Value="Template: f" />
   <Option Name="Item14" Value="Template: ov" />
   <Option Name="Item15" Value="Template: =0" />
   <Option Name="Item16" Value="Template: for" />
   <Option Name="Item17" Value="Template: m" />
   <Option Name="Item18" Value="Template: get" />
   <Option Name="Item19" Value="Template: set" />
   <Option Name="Item20" Value="Template: c" />
   <Option Name="Item21" Value="Template: pm" />
   <Option Name="Item22" Value="Template: tr" />
   <Option Name="Item23" Value="Template: while" />
   <Option Name="Item24" Value="Template: v" />
   <Option Name="Item25" Value="Template: va" />
   <Option Name="Item26" Value="Template: to" />
   <Option Name="Item27" Value="Template: t" />
   <Option Name="Item28" Value="Template: l" />
   <Option Name="Item29" Value="Template: p" />
   <Option Name="Item30" Value="Template: aaa" />
  </Section>
  <Section Name="Code Templates.Template: mvvmbp">
   <Option Name="Enabled" Value="True" />
   <Option Name="ExecutionCount" Value="20" />
   <Option Name="DisplayLimit" Value="2" />
   <Option Name="PerSessionDisplayLimits" Value="False" />
  </Section>
  <Section Name="Refactoring.Rename">
   <Option Name="Enabled" Value="True" />
   <Option Name="ExecutionCount" Value="74" />
   <Option Name="DisplayLimit" Value="0" />
   <Option Name="PerSessionDisplayLimits" Value="False" />
  </Section>
  <Section Name="Code Templates.Template: if">
   <Option Name="Enabled" Value="True" />
   <Option Name="ExecutionCount" Value="207" />
   <Option Name="DisplayLimit" Value="2" />
   <Option Name="PerSessionDisplayLimits" Value="False" />
  </Section>
  <Section Name="Code Templates.Template: b">
   <Option Name="Enabled" Value="True" />
   <Option Name="ExecutionCount" Value="187" />
   <Option Name="DisplayLimit" Value="2" />
   <Option Name="PerSessionDisplayLimits" Value="False" />
  </Section>
  <Section Name="Code Templates.Template: r">
   <Option Name="Enabled" Value="True" />
   <Option Name="ExecutionCount" Value="55" />
   <Option Name="DisplayLimit" Value="2" />
   <Option Name="PerSessionDisplayLimits" Value="False" />
  </Section>
  <Section Name="Intelligent Paste">
   <Option Name="Enabled" Value="True" />
   <Option Name="Color" Value="Named:DarkOrange" />
   <Option Name="Items" Value="7" />
   <Option Name="Item0" Value="Paste Declaration" />
   <Option Name="Item1" Value="Introduce Local Intelligent Paste" />
   <Option Name="Item2" Value="Paste Identifier Dot" />
   <Option Name="Item3" Value="Paste Property (prefixed field)" />
   <Option Name="Item4" Value="Paste Expression" />
   <Option Name="Item5" Value="Paste Void Method" />
   <Option Name="Item6" Value="Extract Method Intelligent Paste" />
  </Section>
  <Section Name="Intelligent Paste.Paste Declaration">
   <Option Name="Enabled" Value="True" />
   <Option Name="ExecutionCount" Value="1" />
   <Option Name="DisplayLimit" Value="0" />
   <Option Name="PerSessionDisplayLimits" Value="False" />
  </Section>
  <Section Name="Refactoring.Make Implicit">
   <Option Name="Enabled" Value="True" />
   <Option Name="ExecutionCount" Value="9" />
   <Option Name="DisplayLimit" Value="0" />
   <Option Name="PerSessionDisplayLimits" Value="False" />
  </Section>
  <Section Name="Code Templates.Template: cc">
   <Option Name="Enabled" Value="True" />
   <Option Name="ExecutionCount" Value="40" />
   <Option Name="DisplayLimit" Value="2" />
   <Option Name="PerSessionDisplayLimits" Value="False" />
  </Section>
  <Section Name="Code Templates.Template: fe">
   <Option Name="Enabled" Value="True" />
   <Option Name="ExecutionCount" Value="65" />
   <Option Name="DisplayLimit" Value="2" />
   <Option Name="PerSessionDisplayLimits" Value="False" />
  </Section>
  <Section Name="Code Templates.Template: rn">
   <Option Name="Enabled" Value="True" />
   <Option Name="ExecutionCount" Value="3" />
   <Option Name="DisplayLimit" Value="2" />
   <Option Name="PerSessionDisplayLimits" Value="False" />
  </Section>
  <Section Name="Code Templates.Template: rt">
   <Option Name="Enabled" Value="True" />
   <Option Name="ExecutionCount" Value="11" />
   <Option Name="DisplayLimit" Value="2" />
   <Option Name="PerSessionDisplayLimits" Value="False" />
  </Section>
  <Section Name="Navigation">
   <Option Name="Enabled" Value="True" />
   <Option Name="Color" Value="Named:SlateBlue" />
   <Option Name="Items" Value="2" />
   <Option Name="Item0" Value="Collect Marker" />
   <Option Name="Item1" Value="Drop Marker" />
  </Section>
  <Section Name="Navigation.Collect Marker">
   <Option Name="Enabled" Value="True" />
   <Option Name="ExecutionCount" Value="83" />
   <Option Name="DisplayLimit" Value="4" />
   <Option Name="PerSessionDisplayLimits" Value="False" />
  </Section>
  <Section Name="XML Doc Literal">
   <Option Name="Enabled" Value="True" />
   <Option Name="Color" Value="Named:LimeGreen" />
   <Option Name="Items" Value="2" />
   <Option Name="Item0" Value="XML Doc Literal: &amp;" />
   <Option Name="Item1" Value="XML Doc Literal: &gt;" />
  </Section>
  <Section Name="XML Doc Literal.XML Doc Literal: &amp;">
   <Option Name="Enabled" Value="True" />
   <Option Name="ExecutionCount" Value="16" />
   <Option Name="DisplayLimit" Value="2" />
   <Option Name="PerSessionDisplayLimits" Value="False" />
  </Section>
  <Section Name="Code Creation">
   <Option Name="Enabled" Value="True" />
   <Option Name="Color" Value="Named:DarkSalmon" />
   <Option Name="Items" Value="8" />
   <Option Name="Item0" Value="Visibility Change" />
   <Option Name="Item1" Value="Duplicate Line: Method Call" />
   <Option Name="Item2" Value="Duplicate Line: Field" />
   <Option Name="Item3" Value="Duplicate Line: Local Variable" />
   <Option Name="Item4" Value="Duplicate Line: Assignment Statement" />
   <Option Name="Item5" Value="Duplicate Line: Property (auto-implemented)" />
   <Option Name="Item6" Value="Duplicate Line: Initialized Field" />
   <Option Name="Item7" Value="Duplicate Line: " />
  </Section>
  <Section Name="Code Creation.Visibility Change">
   <Option Name="Enabled" Value="True" />
   <Option Name="ExecutionCount" Value="173" />
   <Option Name="DisplayLimit" Value="0" />
   <Option Name="PerSessionDisplayLimits" Value="False" />
  </Section>
  <Section Name="Intelligent Paste.Introduce Local Intelligent Paste">
   <Option Name="Enabled" Value="True" />
   <Option Name="ExecutionCount" Value="4" />
   <Option Name="DisplayLimit" Value="0" />
   <Option Name="PerSessionDisplayLimits" Value="False" />
  </Section>
  <Section Name="Visual Basic to C#">
   <Option Name="Enabled" Value="True" />
   <Option Name="Color" Value="ARGB:255:0:0:192" />
   <Option Name="Items" Value="1" />
   <Option Name="Item0" Value="Visual Basic to C#: And" />
   <Option Name="Item1" Value="Visual Basic to C#: Not" />
  </Section>
  <Section Name="Visual Basic to C#.Visual Basic to C#: And">
   <Option Name="Enabled" Value="True" />
   <Option Name="ExecutionCount" Value="2" />
   <Option Name="DisplayLimit" Value="2" />
   <Option Name="PerSessionDisplayLimits" Value="False" />
  </Section>
  <Section Name="Refactoring.Remove Qualifier">
   <Option Name="Enabled" Value="True" />
   <Option Name="ExecutionCount" Value="15" />
   <Option Name="DisplayLimit" Value="0" />
   <Option Name="PerSessionDisplayLimits" Value="False" />
  </Section>
  <Section Name="Code Templates.Template: mvvmlp">
   <Option Name="Enabled" Value="True" />
   <Option Name="ExecutionCount" Value="3" />
   <Option Name="DisplayLimit" Value="2" />
   <Option Name="PerSessionDisplayLimits" Value="False" />
  </Section>
  <Section Name="Code Templates.Template: switch">
   <Option Name="Enabled" Value="True" />
   <Option Name="ExecutionCount" Value="4" />
   <Option Name="DisplayLimit" Value="2" />
   <Option Name="PerSessionDisplayLimits" Value="False" />
  </Section>
  <Section Name="Intelligent Paste.Paste Identifier Dot">
   <Option Name="Enabled" Value="True" />
   <Option Name="ExecutionCount" Value="56" />
   <Option Name="DisplayLimit" Value="0" />
   <Option Name="PerSessionDisplayLimits" Value="False" />
  </Section>
  <Section Name="Refactoring.Compress to Lambda">
   <Option Name="Enabled" Value="True" />
   <Option Name="ExecutionCount" Value="4" />
   <Option Name="DisplayLimit" Value="0" />
   <Option Name="PerSessionDisplayLimits" Value="False" />
  </Section>
  <Section Name="Refactoring.Expand Lambda">
   <Option Name="Enabled" Value="True" />
   <Option Name="ExecutionCount" Value="3" />
   <Option Name="DisplayLimit" Value="0" />
   <Option Name="PerSessionDisplayLimits" Value="False" />
  </Section>
  <Section Name="Refactoring.Add Else Statement">
   <Option Name="Enabled" Value="True" />
   <Option Name="ExecutionCount" Value="6" />
   <Option Name="DisplayLimit" Value="0" />
   <Option Name="PerSessionDisplayLimits" Value="False" />
  </Section>
  <Section Name="Code Templates.Template: rf">
   <Option Name="Enabled" Value="True" />
   <Option Name="ExecutionCount" Value="10" />
   <Option Name="DisplayLimit" Value="2" />
   <Option Name="PerSessionDisplayLimits" Value="False" />
  </Section>
  <Section Name="Code Templates.Template: n">
   <Option Name="Enabled" Value="True" />
   <Option Name="ExecutionCount" Value="1" />
   <Option Name="DisplayLimit" Value="2" />
   <Option Name="PerSessionDisplayLimits" Value="False" />
  </Section>
  <Section Name="Code Templates.Template: using">
   <Option Name="Enabled" Value="True" />
   <Option Name="ExecutionCount" Value="33" />
   <Option Name="DisplayLimit" Value="2" />
   <Option Name="PerSessionDisplayLimits" Value="False" />
  </Section>
  <Section Name="Intelligent Paste.Paste Property (prefixed field)">
   <Option Name="Enabled" Value="True" />
   <Option Name="ExecutionCount" Value="2" />
   <Option Name="DisplayLimit" Value="0" />
   <Option Name="PerSessionDisplayLimits" Value="False" />
  </Section>
  <Section Name="Selection Tools">
   <Option Name="Enabled" Value="True" />
   <Option Name="Color" Value="ARGB:255:23:0:232" />
   <Option Name="Items" Value="7" />
   <Option Name="Item0" Value="Embed: parentheses" />
   <Option Name="Item1" Value="Embed: not-parentheses" />
   <Option Name="Item2" Value="Embed: try/catch/finally" />
   <Option Name="Item3" Value="Embed: try/catch" />
   <Option Name="Item4" Value="Embed: try/finally" />
   <Option Name="Item5" Value="Embed: region" />
   <Option Name="Item6" Value="Embed: block" />
  </Section>
  <Section Name="Selection Tools.Embed: parentheses">
   <Option Name="Enabled" Value="True" />
   <Option Name="ExecutionCount" Value="52" />
   <Option Name="DisplayLimit" Value="0" />
   <Option Name="PerSessionDisplayLimits" Value="False" />
  </Section>
  <Section Name="Code Creation.Duplicate Line: Method Call">
   <Option Name="Enabled" Value="True" />
   <Option Name="ExecutionCount" Value="61" />
   <Option Name="DisplayLimit" Value="4" />
   <Option Name="PerSessionDisplayLimits" Value="False" />
  </Section>
  <Section Name="Refactoring.Declare Field">
   <Option Name="Enabled" Value="True" />
   <Option Name="ExecutionCount" Value="1" />
   <Option Name="DisplayLimit" Value="0" />
   <Option Name="PerSessionDisplayLimits" Value="False" />
  </Section>
  <Section Name="Refactoring.Break Apart Arguments">
   <Option Name="Enabled" Value="True" />
   <Option Name="ExecutionCount" Value="3" />
   <Option Name="DisplayLimit" Value="0" />
   <Option Name="PerSessionDisplayLimits" Value="False" />
  </Section>
  <Section Name="Refactoring.Remove Assignment">
   <Option Name="Enabled" Value="True" />
   <Option Name="ExecutionCount" Value="1" />
   <Option Name="DisplayLimit" Value="0" />
   <Option Name="PerSessionDisplayLimits" Value="False" />
  </Section>
  <Section Name="Refactoring.Use String.Format">
   <Option Name="Enabled" Value="True" />
   <Option Name="ExecutionCount" Value="2" />
   <Option Name="DisplayLimit" Value="0" />
   <Option Name="PerSessionDisplayLimits" Value="False" />
  </Section>
  <Section Name="Refactoring.Declare Interface">
   <Option Name="Enabled" Value="True" />
   <Option Name="ExecutionCount" Value="1" />
   <Option Name="DisplayLimit" Value="0" />
   <Option Name="PerSessionDisplayLimits" Value="False" />
  </Section>
  <Section Name="Refactoring.Remove Call">
   <Option Name="Enabled" Value="True" />
   <Option Name="ExecutionCount" Value="1" />
   <Option Name="DisplayLimit" Value="0" />
   <Option Name="PerSessionDisplayLimits" Value="False" />
  </Section>
  <Section Name="Code Templates.Template: f">
   <Option Name="Enabled" Value="True" />
   <Option Name="ExecutionCount" Value="7" />
   <Option Name="DisplayLimit" Value="2" />
   <Option Name="PerSessionDisplayLimits" Value="False" />
  </Section>
  <Section Name="Code Creation.Duplicate Line: Field">
   <Option Name="Enabled" Value="True" />
   <Option Name="ExecutionCount" Value="5" />
   <Option Name="DisplayLimit" Value="4" />
   <Option Name="PerSessionDisplayLimits" Value="False" />
  </Section>
  <Section Name="Refactoring.Add Constructors">
   <Option Name="Enabled" Value="True" />
   <Option Name="ExecutionCount" Value="2" />
   <Option Name="DisplayLimit" Value="0" />
   <Option Name="PerSessionDisplayLimits" Value="False" />
  </Section>
  <Section Name="Selection Tools.Embed: not-parentheses">
   <Option Name="Enabled" Value="True" />
   <Option Name="ExecutionCount" Value="4" />
   <Option Name="DisplayLimit" Value="0" />
   <Option Name="PerSessionDisplayLimits" Value="False" />
  </Section>
  <Section Name="Refactoring.Optimize References">
   <Option Name="Enabled" Value="True" />
   <Option Name="ExecutionCount" Value="6" />
   <Option Name="DisplayLimit" Value="0" />
   <Option Name="PerSessionDisplayLimits" Value="False" />
  </Section>
  <Section Name="Selection Tools.Embed: try/catch/finally">
   <Option Name="Enabled" Value="True" />
   <Option Name="ExecutionCount" Value="9" />
   <Option Name="DisplayLimit" Value="0" />
   <Option Name="PerSessionDisplayLimits" Value="False" />
  </Section>
  <Section Name="Clipboard Ops">
   <Option Name="Enabled" Value="True" />
   <Option Name="Color" Value="Named:LightSeaGreen" />
   <Option Name="Items" Value="3" />
   <Option Name="Item0" Value="Smart Copy" />
   <Option Name="Item1" Value="Smart Cut" />
   <Option Name="Item2" Value="Paste Replace" />
  </Section>
  <Section Name="Clipboard Ops.Smart Copy">
   <Option Name="Enabled" Value="True" />
   <Option Name="ExecutionCount" Value="12" />
   <Option Name="DisplayLimit" Value="4" />
   <Option Name="PerSessionDisplayLimits" Value="False" />
  </Section>
  <Section Name="Clipboard Ops.Smart Cut">
   <Option Name="Enabled" Value="True" />
   <Option Name="ExecutionCount" Value="4" />
   <Option Name="DisplayLimit" Value="4" />
   <Option Name="PerSessionDisplayLimits" Value="False" />
  </Section>
  <Section Name="Code Templates.Template: ov">
   <Option Name="Enabled" Value="True" />
   <Option Name="ExecutionCount" Value="1" />
   <Option Name="DisplayLimit" Value="2" />
   <Option Name="PerSessionDisplayLimits" Value="False" />
  </Section>
  <Section Name="Refactoring.Decompose Initializer">
   <Option Name="Enabled" Value="True" />
   <Option Name="ExecutionCount" Value="5" />
   <Option Name="DisplayLimit" Value="0" />
   <Option Name="PerSessionDisplayLimits" Value="False" />
  </Section>
  <Section Name="Refactoring.Add Parameter">
   <Option Name="Enabled" Value="True" />
   <Option Name="ExecutionCount" Value="4" />
   <Option Name="DisplayLimit" Value="0" />
   <Option Name="PerSessionDisplayLimits" Value="False" />
  </Section>
  <Section Name="Code Templates.Template: =0">
   <Option Name="Enabled" Value="True" />
   <Option Name="ExecutionCount" Value="1" />
   <Option Name="DisplayLimit" Value="2" />
   <Option Name="PerSessionDisplayLimits" Value="False" />
  </Section>
  <Section Name="Selection Tools.Embed: try/catch">
   <Option Name="Enabled" Value="True" />
   <Option Name="ExecutionCount" Value="10" />
   <Option Name="DisplayLimit" Value="0" />
   <Option Name="PerSessionDisplayLimits" Value="False" />
  </Section>
  <Section Name="Code Creation.Duplicate Line: Local Variable">
   <Option Name="Enabled" Value="True" />
   <Option Name="ExecutionCount" Value="20" />
   <Option Name="DisplayLimit" Value="4" />
   <Option Name="PerSessionDisplayLimits" Value="False" />
  </Section>
  <Section Name="Code Templates.Template: for">
   <Option Name="Enabled" Value="True" />
   <Option Name="ExecutionCount" Value="12" />
   <Option Name="DisplayLimit" Value="2" />
   <Option Name="PerSessionDisplayLimits" Value="False" />
  </Section>
  <Section Name="Code Templates.Template: m">
   <Option Name="Enabled" Value="True" />
   <Option Name="ExecutionCount" Value="67" />
   <Option Name="DisplayLimit" Value="2" />
   <Option Name="PerSessionDisplayLimits" Value="False" />
  </Section>
  <Section Name="Code Creation.Duplicate Line: Assignment Statement">
   <Option Name="Enabled" Value="True" />
   <Option Name="ExecutionCount" Value="23" />
   <Option Name="DisplayLimit" Value="4" />
   <Option Name="PerSessionDisplayLimits" Value="False" />
  </Section>
  <Section Name="Refactoring.Reverse Conditional">
   <Option Name="Enabled" Value="True" />
   <Option Name="ExecutionCount" Value="2" />
   <Option Name="DisplayLimit" Value="0" />
   <Option Name="PerSessionDisplayLimits" Value="False" />
  </Section>
  <Section Name="Refactoring.Convert Type">
   <Option Name="Enabled" Value="True" />
   <Option Name="ExecutionCount" Value="2" />
   <Option Name="DisplayLimit" Value="0" />
   <Option Name="PerSessionDisplayLimits" Value="False" />
  </Section>
  <Section Name="Code Templates.Template: tc">
   <Option Name="Enabled" Value="True" />
   <Option Name="ExecutionCount" Value="2" />
   <Option Name="DisplayLimit" Value="2" />
   <Option Name="PerSessionDisplayLimits" Value="False" />
  </Section>
  <Section Name="Code Templates.Template: vo">
   <Option Name="Enabled" Value="True" />
   <Option Name="ExecutionCount" Value="1" />
   <Option Name="DisplayLimit" Value="2" />
   <Option Name="PerSessionDisplayLimits" Value="False" />
  </Section>
  <Section Name="Code Templates.Template: tr">
   <Option Name="Enabled" Value="True" />
   <Option Name="ExecutionCount" Value="1" />
   <Option Name="DisplayLimit" Value="2" />
   <Option Name="PerSessionDisplayLimits" Value="False" />
  </Section>
  <Section Name="Code Creation.Duplicate Line: Initialized Field">
   <Option Name="Enabled" Value="True" />
   <Option Name="ExecutionCount" Value="15" />
   <Option Name="DisplayLimit" Value="4" />
   <Option Name="PerSessionDisplayLimits" Value="False" />
  </Section>
  <Section Name="Code Templates.Template: get">
   <Option Name="Enabled" Value="True" />
   <Option Name="ExecutionCount" Value="12" />
   <Option Name="DisplayLimit" Value="2" />
   <Option Name="PerSessionDisplayLimits" Value="False" />
  </Section>
  <Section Name="Code Templates.Template: set">
   <Option Name="Enabled" Value="True" />
   <Option Name="ExecutionCount" Value="6" />
   <Option Name="DisplayLimit" Value="2" />
   <Option Name="PerSessionDisplayLimits" Value="False" />
  </Section>
  <Section Name="Selection Tools.Embed: try/finally">
   <Option Name="Enabled" Value="True" />
   <Option Name="ExecutionCount" Value="3" />
   <Option Name="DisplayLimit" Value="0" />
   <Option Name="PerSessionDisplayLimits" Value="False" />
  </Section>
  <Section Name="Code Templates.Template: c">
   <Option Name="Enabled" Value="True" />
   <Option Name="ExecutionCount" Value="49" />
   <Option Name="DisplayLimit" Value="2" />
   <Option Name="PerSessionDisplayLimits" Value="False" />
  </Section>
  <Section Name="Intelligent Paste.Paste Expression">
   <Option Name="Enabled" Value="True" />
   <Option Name="ExecutionCount" Value="3" />
   <Option Name="DisplayLimit" Value="0" />
   <Option Name="PerSessionDisplayLimits" Value="False" />
  </Section>
  <Section Name="Code Templates.Template: pm">
   <Option Name="Enabled" Value="True" />
   <Option Name="ExecutionCount" Value="1" />
   <Option Name="DisplayLimit" Value="2" />
   <Option Name="PerSessionDisplayLimits" Value="False" />
  </Section>
  <Section Name="Navigation.Drop Marker">
   <Option Name="Enabled" Value="True" />
   <Option Name="ExecutionCount" Value="2" />
   <Option Name="DisplayLimit" Value="4" />
   <Option Name="PerSessionDisplayLimits" Value="False" />
  </Section>
  <Section Name="Selection Tools.Embed: region">
   <Option Name="Enabled" Value="True" />
   <Option Name="ExecutionCount" Value="2" />
   <Option Name="DisplayLimit" Value="0" />
   <Option Name="PerSessionDisplayLimits" Value="False" />
  </Section>
  <Section Name="Code Templates.Template: while">
   <Option Name="Enabled" Value="True" />
   <Option Name="ExecutionCount" Value="2" />
   <Option Name="DisplayLimit" Value="2" />
   <Option Name="PerSessionDisplayLimits" Value="False" />
  </Section>
  <Section Name="Code Templates.Template: ne">
   <Option Name="Enabled" Value="True" />
   <Option Name="ExecutionCount" Value="2" />
   <Option Name="DisplayLimit" Value="2" />
   <Option Name="PerSessionDisplayLimits" Value="False" />
  </Section>
  <Section Name="Code Templates.Template: pu">
   <Option Name="Enabled" Value="True" />
   <Option Name="ExecutionCount" Value="1" />
   <Option Name="DisplayLimit" Value="2" />
   <Option Name="PerSessionDisplayLimits" Value="False" />
  </Section>
  <Section Name="Visual Basic to C#.Visual Basic to C#: Not">
   <Option Name="Enabled" Value="True" />
   <Option Name="ExecutionCount" Value="1" />
   <Option Name="DisplayLimit" Value="2" />
   <Option Name="PerSessionDisplayLimits" Value="False" />
  </Section>
  <Section Name="Code Creation.Duplicate Line: Property (auto-implemented)">
   <Option Name="Enabled" Value="True" />
   <Option Name="ExecutionCount" Value="19" />
   <Option Name="DisplayLimit" Value="4" />
   <Option Name="PerSessionDisplayLimits" Value="False" />
  </Section>
  <Section Name="Code Templates.Template: v">
   <Option Name="Enabled" Value="True" />
   <Option Name="ExecutionCount" Value="1" />
   <Option Name="DisplayLimit" Value="2" />
   <Option Name="PerSessionDisplayLimits" Value="False" />
  </Section>
  <Section Name="Intelligent Paste.Paste Void Method">
   <Option Name="Enabled" Value="True" />
   <Option Name="ExecutionCount" Value="3" />
   <Option Name="DisplayLimit" Value="0" />
   <Option Name="PerSessionDisplayLimits" Value="False" />
  </Section>
  <Section Name="Refactoring.Add Block Delimiters">
   <Option Name="Enabled" Value="True" />
   <Option Name="ExecutionCount" Value="1" />
   <Option Name="DisplayLimit" Value="0" />
   <Option Name="PerSessionDisplayLimits" Value="False" />
  </Section>
  <Section Name="Clipboard Ops.Paste Replace">
   <Option Name="Enabled" Value="True" />
   <Option Name="ExecutionCount" Value="2" />
   <Option Name="DisplayLimit" Value="4" />
   <Option Name="PerSessionDisplayLimits" Value="False" />
  </Section>
  <Section Name="Refactoring.Introduce Format Item">
   <Option Name="Enabled" Value="True" />
   <Option Name="ExecutionCount" Value="4" />
   <Option Name="DisplayLimit" Value="0" />
   <Option Name="PerSessionDisplayLimits" Value="False" />
  </Section>
  <Section Name="Refactoring.Collapse Getter">
   <Option Name="Enabled" Value="True" />
   <Option Name="ExecutionCount" Value="2" />
   <Option Name="DisplayLimit" Value="0" />
   <Option Name="PerSessionDisplayLimits" Value="False" />
  </Section>
  <Section Name="Refactoring.Extract Method">
   <Option Name="Enabled" Value="True" />
   <Option Name="ExecutionCount" Value="1" />
   <Option Name="DisplayLimit" Value="0" />
   <Option Name="PerSessionDisplayLimits" Value="False" />
  </Section>
  <Section Name="Refactoring.Case to Conditional">
   <Option Name="Enabled" Value="True" />
   <Option Name="ExecutionCount" Value="1" />
   <Option Name="DisplayLimit" Value="0" />
   <Option Name="PerSessionDisplayLimits" Value="False" />
  </Section>
  <Section Name="Code Templates.Template: va">
   <Option Name="Enabled" Value="True" />
   <Option Name="ExecutionCount" Value="1" />
   <Option Name="DisplayLimit" Value="2" />
   <Option Name="PerSessionDisplayLimits" Value="False" />
  </Section>
  <Section Name="Refactoring.Remove Block Delimiters">
   <Option Name="Enabled" Value="True" />
   <Option Name="ExecutionCount" Value="6" />
   <Option Name="DisplayLimit" Value="0" />
   <Option Name="PerSessionDisplayLimits" Value="False" />
  </Section>
  <Section Name="Code Templates.Template: to">
   <Option Name="Enabled" Value="True" />
   <Option Name="ExecutionCount" Value="4" />
   <Option Name="DisplayLimit" Value="2" />
   <Option Name="PerSessionDisplayLimits" Value="False" />
  </Section>
  <Section Name="Refactoring.Surround with Tag">
   <Option Name="Enabled" Value="True" />
   <Option Name="ExecutionCount" Value="1" />
   <Option Name="DisplayLimit" Value="0" />
   <Option Name="PerSessionDisplayLimits" Value="False" />
  </Section>
  <Section Name="Code Templates.Template: re">
   <Option Name="Enabled" Value="True" />
   <Option Name="ExecutionCount" Value="1" />
   <Option Name="DisplayLimit" Value="2" />
   <Option Name="PerSessionDisplayLimits" Value="False" />
  </Section>
  <Section Name="XML Doc Literal.XML Doc Literal: &gt;">
   <Option Name="Enabled" Value="True" />
   <Option Name="ExecutionCount" Value="2" />
   <Option Name="DisplayLimit" Value="2" />
   <Option Name="PerSessionDisplayLimits" Value="False" />
  </Section>
  <Section Name="Refactoring.Use Named Arguments">
   <Option Name="Enabled" Value="True" />
   <Option Name="ExecutionCount" Value="6" />
   <Option Name="DisplayLimit" Value="0" />
   <Option Name="PerSessionDisplayLimits" Value="False" />
  </Section>
  <Section Name="Refactoring.Execute Statement Asynchronously (StartNew)">
   <Option Name="Enabled" Value="True" />
   <Option Name="ExecutionCount" Value="1" />
   <Option Name="DisplayLimit" Value="0" />
   <Option Name="PerSessionDisplayLimits" Value="False" />
  </Section>
  <Section Name="Refactoring.Implement IDisposable">
   <Option Name="Enabled" Value="True" />
   <Option Name="ExecutionCount" Value="1" />
   <Option Name="DisplayLimit" Value="0" />
   <Option Name="PerSessionDisplayLimits" Value="False" />
  </Section>
  <Section Name="Refactoring.Line-up Arguments">
   <Option Name="Enabled" Value="True" />
   <Option Name="ExecutionCount" Value="1" />
   <Option Name="DisplayLimit" Value="0" />
   <Option Name="PerSessionDisplayLimits" Value="False" />
  </Section>
  <Section Name="Code Creation.Duplicate Line: ">
   <Option Name="Enabled" Value="True" />
   <Option Name="ExecutionCount" Value="59" />
   <Option Name="DisplayLimit" Value="4" />
   <Option Name="PerSessionDisplayLimits" Value="False" />
  </Section>
  <Section Name="Code Templates.Template: t">
   <Option Name="Enabled" Value="True" />
   <Option Name="ExecutionCount" Value="2" />
   <Option Name="DisplayLimit" Value="2" />
   <Option Name="PerSessionDisplayLimits" Value="False" />
  </Section>
  <Section Name="Code Templates.Template: l">
   <Option Name="Enabled" Value="True" />
   <Option Name="ExecutionCount" Value="1" />
   <Option Name="DisplayLimit" Value="2" />
   <Option Name="PerSessionDisplayLimits" Value="False" />
  </Section>
  <Section Name="Intelligent Paste.Extract Method Intelligent Paste">
   <Option Name="Enabled" Value="True" />
   <Option Name="ExecutionCount" Value="1" />
   <Option Name="DisplayLimit" Value="0" />
   <Option Name="PerSessionDisplayLimits" Value="False" />
  </Section>
  <Section Name="Refactoring.Collapse Setter">
   <Option Name="Enabled" Value="True" />
   <Option Name="ExecutionCount" Value="1" />
   <Option Name="DisplayLimit" Value="0" />
   <Option Name="PerSessionDisplayLimits" Value="False" />
  </Section>
  <Section Name="Code Templates.Template: p">
   <Option Name="Enabled" Value="True" />
   <Option Name="ExecutionCount" Value="1" />
   <Option Name="DisplayLimit" Value="2" />
   <Option Name="PerSessionDisplayLimits" Value="False" />
  </Section>
  <Section Name="Refactoring.Dispose Fields">
   <Option Name="Enabled" Value="True" />
   <Option Name="ExecutionCount" Value="2" />
   <Option Name="DisplayLimit" Value="0" />
   <Option Name="PerSessionDisplayLimits" Value="False" />
  </Section>
  <Section Name="Selection Tools.Embed: block">
   <Option Name="Enabled" Value="True" />
   <Option Name="ExecutionCount" Value="1" />
   <Option Name="DisplayLimit" Value="0" />
   <Option Name="PerSessionDisplayLimits" Value="False" />
  </Section>
  <Section Name="Code Templates.Template: aaa">
   <Option Name="Enabled" Value="True" />
   <Option Name="ExecutionCount" Value="3" />
   <Option Name="DisplayLimit" Value="2" />
   <Option Name="PerSessionDisplayLimits" Value="False" />
  </Section>
 </Language>
</Page>