﻿<!--This is a DXCore settings file-->
<Page Name="Encapsulate Field">
 <Language Name="*Neutral*">
  <Section Name="General">
   <Option Name="PropertyPosition" Value="UsePicker" />
   <Option Name="PropertyVisibility" Value="Public" />
   <Option Name="FieldVisibility" Value="Private" />
   <Option Name="ReplaceMethod" Value="Manual" />
   <Option Name="UseSourceVisibility" Value="False" />
   <Option Name="CreateReadonly" Value="False" />
   <Option Name="ChangeFieldVisibility" Value="True" />
  </Section>
 </Language>
</Page>