﻿<!--This is a DXCore settings file-->
<Page Name="Param Reorder">
 <Language Name="*Neutral*">
  <Section Name="Flags">
   <Option Name="LeaveChanges" Value="False" />
   <Option Name="UseAnimation" Value="True" />
   <Option Name="UseCodeHint" Value="True" />
   <Option Name="UseParameterHint" Value="True" />
  </Section>
  <Section Name="Colors">
   <Option Name="ParamFrameColor" Value="ARGB:255:164:209:255" />
   <Option Name="CrossLineColor" Value="ARGB:255:255:134:134" />
   <Option Name="PasteMarkerColor" Value="ARGB:255:63:218:63" />
   <Option Name="UnderlineColor" Value="ARGB:255:63:218:63" />
   <Option Name="UnderlineOpacity" Value="139" />
   <Option Name="CallFrameColor" Value="Named:DodgerBlue" />
   <Option Name="CallBackgroundColor" Value="Named:AliceBlue" />
   <Option Name="CallArrowColor" Value="Named:Blue" />
   <Option Name="CallCrossLineColor" Value="Named:Red" />
   <Option Name="NewLineIconOpacity" Value="216" />
   <Option Name="CrossLineOpacity" Value="120" />
  </Section>
 </Language>
</Page>