﻿<!--This is a DXCore settings file-->
<Page Name="Setup">
 <Language Name="*Neutral*">
  <Section Name="General">
   <Option Name="ShowNotification" Value="False" />
   <Option Name="EnableSmartTags" Value="True" />
   <Option Name="EnableSmartTagsWhileDebugging" Value="True" />
   <Option Name="SmartTagWaitTime" Value="100" />
  </Section>
  <Section Name="SmartTag">
   <Option Name="BorderColor" Value="ARGB:255:212:222:238" />
   <Option Name="CircleColor" Value="ARGB:255:41:87:165" />
   <Option Name="CircleOpacity" Value="138" />
   <Option Name="BorderColorForRecommended" Value="ARGB:255:213:155:156" />
   <Option Name="CircleColorForRecommended" Value="ARGB:255:195:37:37" />
   <Option Name="CircleOpacityForRecommended" Value="255" />
   <Option Name="UseVs2005SmartTags" Value="False" />
  </Section>
 </Language>
</Page>