﻿<!--This is a DXCore settings file-->
<Page Name="Usage History">
 <Language Name="*Neutral*">
  <Section Name="GlobalContextUsage">
   <Option Name="Move Type to File" Value="3" />
   <Option Name="Remove Type Qualifier (remove all)" Value="1" />
   <Option Name="Rename File to Match Type" Value="3" />
   <Option Name="MostRecentlyUsedObject" Value="Move Type to File" />
  </Section>
  <Section Name="|Move Type to File|Rename|Rename File to Match Type|">
   <Option Name="Move Type to File" Value="2" />
   <Option Name="Rename File to Match Type" Value="1" />
   <Option Name="MostRecentlyUsedObject" Value="Move Type to File" />
  </Section>
  <Section Name="|Extract Interface|Move Type to File|Rename|Rename File to Match Type|">
   <Option Name="Move Type to File" Value="1" />
   <Option Name="Rename File to Match Type" Value="1" />
   <Option Name="MostRecentlyUsedObject" Value="Move Type to File" />
  </Section>
  <Section Name="|Extract Interface|Rename|Rename File to Match Type|Rename Type to Match File|">
   <Option Name="Rename File to Match Type" Value="1" />
   <Option Name="MostRecentlyUsedObject" Value="Rename File to Match Type" />
  </Section>
  <Section Name="|Create Setter Method|Encapsulate Field|Encapsulate Field (read-only)|Encapsulate Method|Encapsulate Property|Introduce Alias|Introduce Alias (replace all)|Make Member Static|Remove Type Qualifier|Remove Type Qualifier (remove all)|Rename|">
   <Option Name="Remove Type Qualifier (remove all)" Value="1" />
   <Option Name="MostRecentlyUsedObject" Value="Remove Type Qualifier (remove all)" />
  </Section>
 </Language>
</Page>