﻿<!--This is a DXCore settings file-->
<Page Name="Action Hint Stats">
 <Language Name="*Neutral*">
  <Section Name="#Hints#">
   <Option Name="Count" Value="1" />
   <Option Name="Feature0" Value="Selection Tools" />
   <Option Name="Feature1" Value="Code Creation" />
  </Section>
  <Section Name="Selection Tools">
   <Option Name="Enabled" Value="True" />
   <Option Name="Color" Value="ARGB:255:23:0:232" />
   <Option Name="Items" Value="1" />
   <Option Name="Item0" Value="Embed: Strong" />
  </Section>
  <Section Name="Selection Tools.Embed: Strong">
   <Option Name="Enabled" Value="True" />
   <Option Name="ExecutionCount" Value="3" />
   <Option Name="DisplayLimit" Value="0" />
   <Option Name="PerSessionDisplayLimits" Value="False" />
  </Section>
  <Section Name="Code Creation">
   <Option Name="Enabled" Value="True" />
   <Option Name="Color" Value="Named:DarkSalmon" />
   <Option Name="Items" Value="1" />
   <Option Name="Item0" Value="Visibility Change" />
  </Section>
  <Section Name="Code Creation.Visibility Change">
   <Option Name="Enabled" Value="True" />
   <Option Name="ExecutionCount" Value="1" />
   <Option Name="DisplayLimit" Value="0" />
   <Option Name="PerSessionDisplayLimits" Value="False" />
  </Section>
 </Language>
</Page>