﻿<!--This is a DXCore settings file-->
<Page Name="Billboard Messages">
 <Language Name="*Neutral*">
  <Section Name="Settings">
   <Option Name="Fill" Value="ARGB:255:182:252:182" />
   <Option Name="Border" Value="ARGB:255:0:100:0" />
   <Option Name="Duration" Value="3800" />
   <Option Name="MaxWidth" Value="600" />
   <Option Name="MaxHeight" Value="400" />
   <Option Name="Opacity" Value="40" />
   <Option Name="Angle" Value="-10" />
   <Option Name="FontName" Value="Impact" />
   <Option Name="Bold" Value="False" />
   <Option Name="Italic" Value="False" />
   <Option Name="Enabled" Value="False" />
  </Section>
 </Language>
</Page>