﻿<!--This is a DXCore settings file-->
<Page Name="Spell Checker">
 <Language Name="*Neutral*">
  <Section Name="General">
   <Option Name="Enabled" Value="True" />
   <Option Name="Contexts" Value="Comments, Strings, XMLDocComments, HtmlAttribute, HtmlText" />
   <Option Name="Culture" Value="1033" />
   <Option Name="IgnoreEmails" Value="Default" />
   <Option Name="IgnoreMixedCaseWords" Value="Default" />
   <Option Name="IgnoreRepeatedWords" Value="Default" />
   <Option Name="IgnoreUpperCaseWords" Value="Default" />
   <Option Name="IgnoreUrls" Value="Default" />
   <Option Name="IgnoreWordsWithNumbers" Value="Default" />
  </Section>
 </Language>
</Page>